*Part, name=Part-1
*Nodes
1;0.00000000;0.00000000;0.0
2;1.00026733;0.00000000;0.0
3;2.00053465;0.00000000;0.0
4;3.00080196;0.00000000;0.0
5;4.00106926;0.00000000;0.0
6;5.00133655;0.00000000;0.0
7;6.00160380;0.00000000;0.0
8;7.00187103;0.00000000;0.0
9;8.00213823;0.00000000;0.0
10;9.00240538;0.00000000;0.0
11;10.00267250;0.00000000;0.0
12;11.00293956;0.00000000;0.0
13;12.00320657;0.00000000;0.0
14;13.00347352;0.00000000;0.0
15;14.00374041;0.00000000;0.0
16;15.00400723;0.00000000;0.0
17;16.00427398;0.00000000;0.0
18;17.00454065;0.00000000;0.0
19;18.00480723;-0.00000000;0.0
20;19.00507373;0.00000000;0.0
21;20.00534014;0.00000000;0.0
22;21.00560645;0.00000000;0.0
23;22.00587266;0.00000000;0.0
24;23.00613876;0.00000000;0.0
25;24.00640475;0.00000000;0.0
26;25.00667063;0.00000000;0.0
27;26.00693639;0.00000000;0.0
28;27.00720202;0.00000000;0.0
29;28.00746752;0.00000000;0.0
30;29.00773289;0.00000000;0.0
31;30.00799812;0.00000000;0.0
32;31.00826320;0.00000000;0.0
33;32.00852814;0.00000000;0.0
34;33.00879293;0.00000000;0.0
35;34.00905756;0.00000000;0.0
36;35.00932203;0.00000000;0.0
37;36.00958633;0.00000000;0.0
38;37.00985047;-0.00000000;0.0
39;38.01011443;0.00000000;0.0
40;39.01037822;0.00000000;0.0
41;40.01064182;0.00000000;0.0
42;41.01090524;-0.00000000;0.0
43;42.01116846;-0.00000000;0.0
44;43.01143150;0.00000000;0.0
45;44.01169433;0.00000000;0.0
46;45.01195696;-0.00000000;0.0
47;46.01221939;0.00000000;0.0
48;47.01248161;0.00000000;0.0
49;48.01274361;0.00000000;0.0
50;49.01300540;0.00000000;0.0
51;50.01326696;0.00000000;0.0
52;51.01352830;0.00000000;0.0
53;52.01378942;0.00000000;0.0
54;53.01405030;0.00000000;0.0
55;54.01431095;0.00000000;0.0
56;55.01457136;0.00000000;0.0
57;56.01483153;0.00000000;0.0
58;57.01509146;-0.00000000;0.0
59;58.01535114;0.00000000;0.0
60;59.01561057;0.00000000;0.0
61;60.01586975;0.00000000;0.0
62;61.01612867;0.00000000;0.0
63;62.01638734;0.00000000;0.0
64;63.01664575;0.00000000;0.0
65;64.01690390;0.00000000;0.0
66;65.01716178;0.00000000;0.0
67;66.01741940;0.00000000;0.0
68;67.01767675;0.00000000;0.0
69;68.01793384;-0.00000000;0.0
70;69.01819066;0.00000000;0.0
71;70.01844721;0.00000000;0.0
72;71.01870349;-0.00000000;0.0
73;72.01895950;0.00000000;0.0
74;73.01921524;0.00000000;0.0
75;74.01947071;0.00000000;0.0
76;75.01972591;0.00000000;0.0
77;76.01998085;0.00000000;0.0
78;77.02023552;0.00000000;0.0
79;78.02048992;0.00000000;0.0
80;79.02074407;0.00000000;0.0
81;80.02099796;0.00000000;0.0
82;81.02125160;0.00000000;0.0
83;82.02150499;0.00000000;0.0
84;83.02175814;0.00000000;0.0
85;84.02201105;0.00000000;0.0
86;85.02226374;0.00000000;0.0
87;86.02251622;0.00000000;0.0
88;87.02276848;-0.00000000;0.0
89;88.02302056;0.00000000;0.0
90;89.02327246;0.00000000;0.0
91;90.02352421;0.00000000;0.0
92;91.02377582;0.00000000;0.0
93;92.02402732;0.00000000;0.0
94;93.02427874;0.00000000;0.0
95;94.02453013;0.00000000;0.0
96;95.02478154;0.00000000;0.0
97;96.02503304;-0.00000000;0.0
98;97.02528473;-0.00000000;0.0
99;98.02553680;0.00000000;0.0
100;99.02578952;0.00000000;0.0
101;100.02604350;0.00000000;0.0
102;0.00000000;0.99994266;0.0
103;1.00026735;0.99994265;0.0
104;2.00053469;0.99994263;0.0
105;3.00080202;0.99994262;0.0
106;4.00106934;0.99994259;0.0
107;5.00133664;0.99994257;0.0
108;6.00160392;0.99994253;0.0
109;7.00187117;0.99994249;0.0
110;8.00213838;0.99994245;0.0
111;9.00240556;0.99994240;0.0
112;10.00267269;0.99994234;0.0
113;11.00293977;0.99994228;0.0
114;12.00320680;0.99994221;0.0
115;13.00347377;0.99994213;0.0
116;14.00374068;0.99994205;0.0
117;15.00400752;0.99994196;0.0
118;16.00427428;0.99994187;0.0
119;17.00454097;0.99994176;0.0
120;18.00480758;0.99994166;0.0
121;19.00507410;0.99994154;0.0
122;20.00534053;0.99994142;0.0
123;21.00560686;0.99994128;0.0
124;22.00587309;0.99994115;0.0
125;23.00613921;0.99994100;0.0
126;24.00640522;0.99994084;0.0
127;25.00667112;0.99994068;0.0
128;26.00693689;0.99994051;0.0
129;27.00720255;0.99994033;0.0
130;28.00746807;0.99994014;0.0
131;29.00773346;0.99993994;0.0
132;30.00799871;0.99993973;0.0
133;31.00826382;0.99993951;0.0
134;32.00852878;0.99993928;0.0
135;33.00879359;0.99993905;0.0
136;34.00905824;0.99993880;0.0
137;35.00932273;0.99993854;0.0
138;36.00958706;0.99993826;0.0
139;37.00985122;0.99993798;0.0
140;38.01011520;0.99993768;0.0
141;39.01037901;0.99993737;0.0
142;40.01064264;0.99993705;0.0
143;41.01090608;0.99993672;0.0
144;42.01116933;0.99993637;0.0
145;43.01143239;0.99993600;0.0
146;44.01169525;0.99993562;0.0
147;45.01195790;0.99993523;0.0
148;46.01222036;0.99993482;0.0
149;47.01248260;0.99993439;0.0
150;48.01274463;0.99993394;0.0
151;49.01300644;0.99993348;0.0
152;50.01326804;0.99993300;0.0
153;51.01352940;0.99993250;0.0
154;52.01379055;0.99993198;0.0
155;53.01405146;0.99993143;0.0
156;54.01431214;0.99993087;0.0
157;55.01457258;0.99993028;0.0
158;56.01483278;0.99992967;0.0
159;57.01509274;0.99992904;0.0
160;58.01535245;0.99992838;0.0
161;59.01561191;0.99992769;0.0
162;60.01587112;0.99992698;0.0
163;61.01613008;0.99992624;0.0
164;62.01638878;0.99992546;0.0
165;63.01664723;0.99992466;0.0
166;64.01690541;0.99992382;0.0
167;65.01716334;0.99992295;0.0
168;66.01742100;0.99992204;0.0
169;67.01767839;0.99992109;0.0
170;68.01793552;0.99992011;0.0
171;69.01819238;0.99991908;0.0
172;70.01844897;0.99991801;0.0
173;71.01870529;0.99991689;0.0
174;72.01896135;0.99991573;0.0
175;73.01921714;0.99991451;0.0
176;74.01947266;0.99991324;0.0
177;75.01972791;0.99991191;0.0
178;76.01998290;0.99991052;0.0
179;77.02023763;0.99990907;0.0
180;78.02049209;0.99990754;0.0
181;79.02074630;0.99990595;0.0
182;80.02100025;0.99990428;0.0
183;81.02125396;0.99990252;0.0
184;82.02150742;0.99990068;0.0
185;83.02176065;0.99989874;0.0
186;84.02201364;0.99989669;0.0
187;85.02226642;0.99989453;0.0
188;86.02251898;0.99989226;0.0
189;87.02277135;0.99988984;0.0
190;88.02302353;0.99988728;0.0
191;89.02327554;0.99988456;0.0
192;90.02352741;0.99988166;0.0
193;91.02377916;0.99987855;0.0
194;92.02403081;0.99987521;0.0
195;93.02428241;0.99987161;0.0
196;94.02453398;0.99986770;0.0
197;95.02478560;0.99986342;0.0
198;96.02503734;0.99985869;0.0
199;97.02528927;0.99985338;0.0
200;98.02554155;0.99984729;0.0
201;99.02579433;0.99984009;0.0
202;100.02604788;0.99983107;0.0
203;0.00000000;1.99988529;0.0
204;1.00026740;1.99988527;0.0
205;2.00053480;1.99988524;0.0
206;3.00080219;1.99988521;0.0
207;4.00106957;1.99988517;0.0
208;5.00133693;1.99988511;0.0
209;6.00160426;1.99988504;0.0
210;7.00187157;1.99988497;0.0
211;8.00213884;1.99988488;0.0
212;9.00240607;1.99988477;0.0
213;10.00267326;1.99988466;0.0
214;11.00294040;1.99988453;0.0
215;12.00320748;1.99988440;0.0
216;13.00347451;1.99988424;0.0
217;14.00374148;1.99988408;0.0
218;15.00400837;1.99988390;0.0
219;16.00427520;1.99988371;0.0
220;17.00454195;1.99988351;0.0
221;18.00480861;1.99988329;0.0
222;19.00507519;1.99988305;0.0
223;20.00534168;1.99988281;0.0
224;21.00560807;1.99988254;0.0
225;22.00587436;1.99988227;0.0
226;23.00614054;1.99988197;0.0
227;24.00640661;1.99988166;0.0
228;25.00667257;1.99988134;0.0
229;26.00693841;1.99988099;0.0
230;27.00720412;1.99988063;0.0
231;28.00746971;1.99988025;0.0
232;29.00773516;1.99987985;0.0
233;30.00800047;1.99987944;0.0
234;31.00826565;1.99987900;0.0
235;32.00853067;1.99987854;0.0
236;33.00879555;1.99987807;0.0
237;34.00906027;1.99987757;0.0
238;35.00932483;1.99987704;0.0
239;36.00958922;1.99987650;0.0
240;37.00985345;1.99987593;0.0
241;38.01011750;1.99987534;0.0
242;39.01038138;1.99987472;0.0
243;40.01064508;1.99987407;0.0
244;41.01090859;1.99987340;0.0
245;42.01117191;1.99987270;0.0
246;43.01143504;1.99987197;0.0
247;44.01169798;1.99987122;0.0
248;45.01196071;1.99987043;0.0
249;46.01222324;1.99986960;0.0
250;47.01248556;1.99986875;0.0
251;48.01274767;1.99986786;0.0
252;49.01300956;1.99986693;0.0
253;50.01327124;1.99986597;0.0
254;51.01353269;1.99986496;0.0
255;52.01379391;1.99986392;0.0
256;53.01405491;1.99986284;0.0
257;54.01431568;1.99986171;0.0
258;55.01457621;1.99986053;0.0
259;56.01483650;1.99985931;0.0
260;57.01509655;1.99985805;0.0
261;58.01535635;1.99985672;0.0
262;59.01561591;1.99985535;0.0
263;60.01587522;1.99985392;0.0
264;61.01613428;1.99985244;0.0
265;62.01639309;1.99985089;0.0
266;63.01665164;1.99984928;0.0
267;64.01690993;1.99984760;0.0
268;65.01716797;1.99984586;0.0
269;66.01742574;1.99984404;0.0
270;67.01768325;1.99984215;0.0
271;68.01794050;1.99984018;0.0
272;69.01819748;1.99983812;0.0
273;70.01845420;1.99983598;0.0
274;71.01871066;1.99983374;0.0
275;72.01896685;1.99983141;0.0
276;73.01922278;1.99982897;0.0
277;74.01947845;1.99982643;0.0
278;75.01973385;1.99982377;0.0
279;76.01998900;1.99982099;0.0
280;77.02024389;1.99981808;0.0
281;78.02049852;1.99981504;0.0
282;79.02075291;1.99981185;0.0
283;80.02100705;1.99980850;0.0
284;81.02126095;1.99980499;0.0
285;82.02151462;1.99980129;0.0
286;83.02176806;1.99979741;0.0
287;84.02202128;1.99979332;0.0
288;85.02227430;1.99978900;0.0
289;86.02252712;1.99978444;0.0
290;87.02277976;1.99977961;0.0
291;88.02303224;1.99977448;0.0
292;89.02328457;1.99976903;0.0
293;90.02353678;1.99976322;0.0
294;91.02378890;1.99975700;0.0
295;92.02404096;1.99975033;0.0
296;93.02429301;1.99974312;0.0
297;94.02454509;1.99973529;0.0
298;95.02479727;1.99972673;0.0
299;96.02504963;1.99971727;0.0
300;97.02530228;1.99970668;0.0
301;98.02555536;1.99969462;0.0
302;99.02580907;1.99968048;0.0
303;100.02606366;1.99966319;0.0
304;0.00000000;2.99982787;0.0
305;1.00026750;2.99982784;0.0
306;2.00053499;2.99982781;0.0
307;3.00080248;2.99982776;0.0
308;4.00106995;2.99982769;0.0
309;5.00133740;2.99982761;0.0
310;6.00160483;2.99982751;0.0
311;7.00187223;2.99982739;0.0
312;8.00213959;2.99982726;0.0
313;9.00240692;2.99982710;0.0
314;10.00267420;2.99982693;0.0
315;11.00294144;2.99982674;0.0
316;12.00320862;2.99982654;0.0
317;13.00347574;2.99982631;0.0
318;14.00374280;2.99982606;0.0
319;15.00400980;2.99982579;0.0
320;16.00427672;2.99982551;0.0
321;17.00454356;2.99982520;0.0
322;18.00481033;2.99982487;0.0
323;19.00507700;2.99982452;0.0
324;20.00534359;2.99982415;0.0
325;21.00561008;2.99982376;0.0
326;22.00587647;2.99982334;0.0
327;23.00614275;2.99982290;0.0
328;24.00640893;2.99982243;0.0
329;25.00667499;2.99982194;0.0
330;26.00694093;2.99982143;0.0
331;27.00720675;2.99982089;0.0
332;28.00747244;2.99982032;0.0
333;29.00773799;2.99981972;0.0
334;30.00800341;2.99981909;0.0
335;31.00826869;2.99981844;0.0
336;32.00853383;2.99981775;0.0
337;33.00879881;2.99981704;0.0
338;34.00906364;2.99981629;0.0
339;35.00932831;2.99981550;0.0
340;36.00959282;2.99981469;0.0
341;37.00985716;2.99981383;0.0
342;38.01012133;2.99981294;0.0
343;39.01038532;2.99981201;0.0
344;40.01064913;2.99981105;0.0
345;41.01091276;2.99981004;0.0
346;42.01117621;2.99980899;0.0
347;43.01143946;2.99980789;0.0
348;44.01170252;2.99980675;0.0
349;45.01196538;2.99980557;0.0
350;46.01222803;2.99980433;0.0
351;47.01249048;2.99980305;0.0
352;48.01275272;2.99980171;0.0
353;49.01301475;2.99980032;0.0
354;50.01327656;2.99979888;0.0
355;51.01353815;2.99979737;0.0
356;52.01379951;2.99979581;0.0
357;53.01406065;2.99979418;0.0
358;54.01432156;2.99979249;0.0
359;55.01458224;2.99979072;0.0
360;56.01484268;2.99978889;0.0
361;57.01510288;2.99978699;0.0
362;58.01536285;2.99978501;0.0
363;59.01562257;2.99978294;0.0
364;60.01588204;2.99978080;0.0
365;61.01614127;2.99977857;0.0
366;62.01640024;2.99977625;0.0
367;63.01665897;2.99977383;0.0
368;64.01691744;2.99977131;0.0
369;65.01717566;2.99976869;0.0
370;66.01743362;2.99976597;0.0
371;67.01769132;2.99976313;0.0
372;68.01794877;2.99976017;0.0
373;69.01820596;2.99975708;0.0
374;70.01846289;2.99975386;0.0
375;71.01871956;2.99975051;0.0
376;72.01897598;2.99974700;0.0
377;73.01923214;2.99974335;0.0
378;74.01948805;2.99973953;0.0
379;75.01974370;2.99973554;0.0
380;76.01999910;2.99973137;0.0
381;77.02025426;2.99972700;0.0
382;78.02050917;2.99972243;0.0
383;79.02076385;2.99971764;0.0
384;80.02101830;2.99971262;0.0
385;81.02127251;2.99970734;0.0
386;82.02152651;2.99970180;0.0
387;83.02178030;2.99969596;0.0
388;84.02203390;2.99968982;0.0
389;85.02228730;2.99968334;0.0
390;86.02254054;2.99967649;0.0
391;87.02279362;2.99966923;0.0
392;88.02304657;2.99966154;0.0
393;89.02329940;2.99965336;0.0
394;90.02355216;2.99964463;0.0
395;91.02380486;2.99963529;0.0
396;92.02405755;2.99962526;0.0
397;93.02431029;2.99961444;0.0
398;94.02456312;2.99960270;0.0
399;95.02481612;2.99958987;0.0
400;96.02506939;2.99957572;0.0
401;97.02532304;2.99955993;0.0
402;98.02557721;2.99954204;0.0
403;99.02583208;2.99952132;0.0
404;100.02608785;2.99949658;0.0
405;0.00000000;3.99977037;0.0
406;1.00026763;3.99977035;0.0
407;2.00053526;3.99977030;0.0
408;3.00080287;3.99977024;0.0
409;4.00107047;3.99977015;0.0
410;5.00133806;3.99977004;0.0
411;6.00160562;3.99976990;0.0
412;7.00187315;3.99976975;0.0
413;8.00214065;3.99976957;0.0
414;9.00240810;3.99976936;0.0
415;10.00267552;3.99976914;0.0
416;11.00294289;3.99976888;0.0
417;12.00321020;3.99976861;0.0
418;13.00347746;3.99976830;0.0
419;14.00374466;3.99976797;0.0
420;15.00401179;3.99976762;0.0
421;16.00427884;3.99976724;0.0
422;17.00454583;3.99976683;0.0
423;18.00481273;3.99976639;0.0
424;19.00507954;3.99976592;0.0
425;20.00534626;3.99976543;0.0
426;21.00561289;3.99976490;0.0
427;22.00587942;3.99976434;0.0
428;23.00614585;3.99976375;0.0
429;24.00641216;3.99976313;0.0
430;25.00667836;3.99976248;0.0
431;26.00694445;3.99976179;0.0
432;27.00721041;3.99976107;0.0
433;28.00747625;3.99976031;0.0
434;29.00774195;3.99975951;0.0
435;30.00800752;3.99975868;0.0
436;31.00827295;3.99975780;0.0
437;32.00853823;3.99975689;0.0
438;33.00880337;3.99975593;0.0
439;34.00906835;3.99975493;0.0
440;35.00933317;3.99975388;0.0
441;36.00959784;3.99975279;0.0
442;37.00986234;3.99975166;0.0
443;38.01012667;3.99975047;0.0
444;39.01039082;3.99974923;0.0
445;40.01065480;3.99974794;0.0
446;41.01091860;3.99974659;0.0
447;42.01118221;3.99974519;0.0
448;43.01144563;3.99974373;0.0
449;44.01170886;3.99974221;0.0
450;45.01197189;3.99974063;0.0
451;46.01223473;3.99973898;0.0
452;47.01249736;3.99973727;0.0
453;48.01275978;3.99973548;0.0
454;49.01302199;3.99973363;0.0
455;50.01328399;3.99973170;0.0
456;51.01354577;3.99972969;0.0
457;52.01380733;3.99972760;0.0
458;53.01406867;3.99972543;0.0
459;54.01432978;3.99972317;0.0
460;55.01459066;3.99972082;0.0
461;56.01485131;3.99971838;0.0
462;57.01511173;3.99971583;0.0
463;58.01537191;3.99971319;0.0
464;59.01563185;3.99971044;0.0
465;60.01589155;3.99970758;0.0
466;61.01615101;3.99970460;0.0
467;62.01641022;3.99970150;0.0
468;63.01666919;3.99969828;0.0
469;64.01692791;3.99969492;0.0
470;65.01718638;3.99969142;0.0
471;66.01744460;3.99968778;0.0
472;67.01770258;3.99968399;0.0
473;68.01796030;3.99968004;0.0
474;69.01821777;3.99967592;0.0
475;70.01847499;3.99967163;0.0
476;71.01873197;3.99966715;0.0
477;72.01898870;3.99966248;0.0
478;73.01924518;3.99965760;0.0
479;74.01950141;3.99965250;0.0
480;75.01975741;3.99964718;0.0
481;76.02001317;3.99964161;0.0
482;77.02026869;3.99963578;0.0
483;78.02052399;3.99962968;0.0
484;79.02077907;3.99962328;0.0
485;80.02103393;3.99961658;0.0
486;81.02128858;3.99960954;0.0
487;82.02154303;3.99960214;0.0
488;83.02179730;3.99959435;0.0
489;84.02205139;3.99958615;0.0
490;85.02230532;3.99957749;0.0
491;86.02255912;3.99956835;0.0
492;87.02281278;3.99955867;0.0
493;88.02306635;3.99954840;0.0
494;89.02331985;3.99953747;0.0
495;90.02357331;3.99952583;0.0
496;91.02382677;3.99951337;0.0
497;92.02408027;3.99949999;0.0
498;93.02433387;3.99948557;0.0
499;94.02458763;3.99946993;0.0
500;95.02484164;3.99945286;0.0
501;96.02509598;3.99943409;0.0
502;97.02535077;3.99941322;0.0
503;98.02560614;3.99938972;0.0
504;99.02586224;3.99936283;0.0
505;100.02611921;3.99933140;0.0
506;0.00000000;4.99971279;0.0
507;1.00026780;4.99971276;0.0
508;2.00053559;4.99971270;0.0
509;3.00080338;4.99971262;0.0
510;4.00107115;4.99971251;0.0
511;5.00133890;4.99971237;0.0
512;6.00160663;4.99971221;0.0
513;7.00187433;4.99971201;0.0
514;8.00214200;4.99971179;0.0
515;9.00240963;4.99971153;0.0
516;10.00267721;4.99971125;0.0
517;11.00294475;4.99971093;0.0
518;12.00321224;4.99971058;0.0
519;13.00347967;4.99971020;0.0
520;14.00374704;4.99970979;0.0
521;15.00401434;4.99970935;0.0
522;16.00428157;4.99970887;0.0
523;17.00454873;4.99970836;0.0
524;18.00481580;4.99970781;0.0
525;19.00508279;4.99970723;0.0
526;20.00534969;4.99970661;0.0
527;21.00561650;4.99970595;0.0
528;22.00588321;4.99970525;0.0
529;23.00614981;4.99970451;0.0
530;24.00641631;4.99970374;0.0
531;25.00668270;4.99970292;0.0
532;26.00694896;4.99970206;0.0
533;27.00721511;4.99970115;0.0
534;28.00748113;4.99970020;0.0
535;29.00774703;4.99969921;0.0
536;30.00801278;4.99969816;0.0
537;31.00827840;4.99969707;0.0
538;32.00854388;4.99969592;0.0
539;33.00880921;4.99969472;0.0
540;34.00907439;4.99969347;0.0
541;35.00933942;4.99969217;0.0
542;36.00960428;4.99969080;0.0
543;37.00986898;4.99968938;0.0
544;38.01013352;4.99968789;0.0
545;39.01039788;4.99968634;0.0
546;40.01066207;4.99968472;0.0
547;41.01092608;4.99968304;0.0
548;42.01118990;4.99968129;0.0
549;43.01145354;4.99967946;0.0
550;44.01171699;4.99967756;0.0
551;45.01198025;4.99967558;0.0
552;46.01224331;4.99967352;0.0
553;47.01250617;4.99967137;0.0
554;48.01276883;4.99966914;0.0
555;49.01303127;4.99966682;0.0
556;50.01329351;4.99966441;0.0
557;51.01355554;4.99966189;0.0
558;52.01381735;4.99965928;0.0
559;53.01407894;4.99965656;0.0
560;54.01434031;4.99965374;0.0
561;55.01460145;4.99965080;0.0
562;56.01486237;4.99964774;0.0
563;57.01512306;4.99964456;0.0
564;58.01538352;4.99964125;0.0
565;59.01564374;4.99963780;0.0
566;60.01590373;4.99963422;0.0
567;61.01616349;4.99963050;0.0
568;62.01642300;4.99962662;0.0
569;63.01668228;4.99962259;0.0
570;64.01694131;4.99961838;0.0
571;65.01720011;4.99961401;0.0
572;66.01745867;4.99960946;0.0
573;67.01771698;4.99960471;0.0
574;68.01797505;4.99959977;0.0
575;69.01823288;4.99959461;0.0
576;70.01849048;4.99958924;0.0
577;71.01874783;4.99958364;0.0
578;72.01900495;4.99957779;0.0
579;73.01926184;4.99957168;0.0
580;74.01951849;4.99956530;0.0
581;75.01977492;4.99955864;0.0
582;76.02003113;4.99955167;0.0
583;77.02028712;4.99954438;0.0
584;78.02054289;4.99953674;0.0
585;79.02079847;4.99952874;0.0
586;80.02105385;4.99952034;0.0
587;81.02130904;4.99951153;0.0
588;82.02156406;4.99950227;0.0
589;83.02181892;4.99949253;0.0
590;84.02207363;4.99948226;0.0
591;85.02232821;4.99947143;0.0
592;86.02258268;4.99945999;0.0
593;87.02283706;4.99944787;0.0
594;88.02309138;4.99943502;0.0
595;89.02334568;4.99942136;0.0
596;90.02359998;4.99940679;0.0
597;91.02385432;4.99939122;0.0
598;92.02410877;4.99937451;0.0
599;93.02436337;4.99935650;0.0
600;94.02461818;4.99933700;0.0
601;95.02487330;4.99931576;0.0
602;96.02512881;4.99929246;0.0
603;97.02538482;4.99926667;0.0
604;98.02564143;4.99923783;0.0
605;99.02589877;4.99920518;0.0
606;100.02615693;4.99916769;0.0
607;0.00000000;5.99965509;0.0
608;1.00026800;5.99965506;0.0
609;2.00053600;5.99965499;0.0
610;3.00080400;5.99965489;0.0
611;4.00107197;5.99965476;0.0
612;5.00133993;5.99965460;0.0
613;6.00160786;5.99965440;0.0
614;7.00187577;5.99965416;0.0
615;8.00214365;5.99965389;0.0
616;9.00241148;5.99965359;0.0
617;10.00267928;5.99965324;0.0
618;11.00294702;5.99965287;0.0
619;12.00321472;5.99965245;0.0
620;13.00348236;5.99965199;0.0
621;14.00374994;5.99965150;0.0
622;15.00401745;5.99965096;0.0
623;16.00428490;5.99965039;0.0
624;17.00455226;5.99964977;0.0
625;18.00481955;5.99964911;0.0
626;19.00508676;5.99964841;0.0
627;20.00535387;5.99964767;0.0
628;21.00562090;5.99964688;0.0
629;22.00588783;5.99964604;0.0
630;23.00615465;5.99964516;0.0
631;24.00642137;5.99964422;0.0
632;25.00668798;5.99964324;0.0
633;26.00695447;5.99964220;0.0
634;27.00722084;5.99964112;0.0
635;28.00748709;5.99963998;0.0
636;29.00775321;5.99963878;0.0
637;30.00801920;5.99963752;0.0
638;31.00828506;5.99963621;0.0
639;32.00855077;5.99963483;0.0
640;33.00881634;5.99963339;0.0
641;34.00908176;5.99963189;0.0
642;35.00934702;5.99963032;0.0
643;36.00961213;5.99962868;0.0
644;37.00987708;5.99962697;0.0
645;38.01014186;5.99962518;0.0
646;39.01040648;5.99962332;0.0
647;40.01067092;5.99962138;0.0
648;41.01093519;5.99961936;0.0
649;42.01119928;5.99961725;0.0
650;43.01146319;5.99961506;0.0
651;44.01172690;5.99961277;0.0
652;45.01199043;5.99961039;0.0
653;46.01225377;5.99960792;0.0
654;47.01251691;5.99960534;0.0
655;48.01277985;5.99960266;0.0
656;49.01304258;5.99959987;0.0
657;50.01330511;5.99959697;0.0
658;51.01356744;5.99959395;0.0
659;52.01382955;5.99959081;0.0
660;53.01409145;5.99958755;0.0
661;54.01435313;5.99958415;0.0
662;55.01461459;5.99958062;0.0
663;56.01487583;5.99957694;0.0
664;57.01513685;5.99957312;0.0
665;58.01539765;5.99956915;0.0
666;59.01565821;5.99956501;0.0
667;60.01591855;5.99956071;0.0
668;61.01617867;5.99955623;0.0
669;62.01643855;5.99955157;0.0
670;63.01669820;5.99954672;0.0
671;64.01695762;5.99954168;0.0
672;65.01721680;5.99953642;0.0
673;66.01747576;5.99953095;0.0
674;67.01773449;5.99952525;0.0
675;68.01799298;5.99951931;0.0
676;69.01825125;5.99951312;0.0
677;70.01850928;5.99950666;0.0
678;71.01876710;5.99949993;0.0
679;72.01902469;5.99949290;0.0
680;73.01928206;5.99948556;0.0
681;74.01953921;5.99947790;0.0
682;75.01979616;5.99946989;0.0
683;76.02005290;5.99946152;0.0
684;77.02030944;5.99945275;0.0
685;78.02056579;5.99944358;0.0
686;79.02082196;5.99943396;0.0
687;80.02107795;5.99942388;0.0
688;81.02133378;5.99941329;0.0
689;82.02158946;5.99940216;0.0
690;83.02184501;5.99939045;0.0
691;84.02210044;5.99937812;0.0
692;85.02235578;5.99936511;0.0
693;86.02261103;5.99935137;0.0
694;87.02286624;5.99933682;0.0
695;88.02312143;5.99932139;0.0
696;89.02337662;5.99930499;0.0
697;90.02363187;5.99928751;0.0
698;91.02388721;5.99926884;0.0
699;92.02414270;5.99924882;0.0
700;93.02439838;5.99922726;0.0
701;94.02465434;5.99920396;0.0
702;95.02491064;5.99917863;0.0
703;96.02516737;5.99915093;0.0
704;97.02542462;5.99912041;0.0
705;98.02568249;5.99908651;0.0
706;99.02594107;5.99904850;0.0
707;100.02620042;5.99900545;0.0
708;0.00000000;6.99959725;0.0
709;1.00026825;6.99959722;0.0
710;2.00053649;6.99959714;0.0
711;3.00080472;6.99959703;0.0
712;4.00107294;6.99959688;0.0
713;5.00134114;6.99959668;0.0
714;6.00160932;6.99959645;0.0
715;7.00187747;6.99959618;0.0
716;8.00214559;6.99959586;0.0
717;9.00241367;6.99959550;0.0
718;10.00268171;6.99959510;0.0
719;11.00294970;6.99959466;0.0
720;12.00321764;6.99959417;0.0
721;13.00348553;6.99959364;0.0
722;14.00375336;6.99959306;0.0
723;15.00402112;6.99959244;0.0
724;16.00428881;6.99959177;0.0
725;17.00455643;6.99959105;0.0
726;18.00482397;6.99959028;0.0
727;19.00509143;6.99958946;0.0
728;20.00535880;6.99958859;0.0
729;21.00562608;6.99958767;0.0
730;22.00589327;6.99958669;0.0
731;23.00616035;6.99958566;0.0
732;24.00642733;6.99958456;0.0
733;25.00669420;6.99958342;0.0
734;26.00696096;6.99958221;0.0
735;27.00722760;6.99958094;0.0
736;28.00749411;6.99957960;0.0
737;29.00776051;6.99957820;0.0
738;30.00802677;6.99957674;0.0
739;31.00829289;6.99957520;0.0
740;32.00855888;6.99957360;0.0
741;33.00882473;6.99957192;0.0
742;34.00909043;6.99957016;0.0
743;35.00935598;6.99956832;0.0
744;36.00962138;6.99956641;0.0
745;37.00988662;6.99956441;0.0
746;38.01015170;6.99956232;0.0
747;39.01041661;6.99956015;0.0
748;40.01068135;6.99955788;0.0
749;41.01094593;6.99955552;0.0
750;42.01121032;6.99955306;0.0
751;43.01147454;6.99955049;0.0
752;44.01173857;6.99954783;0.0
753;45.01200242;6.99954505;0.0
754;46.01226608;6.99954215;0.0
755;47.01252955;6.99953914;0.0
756;48.01279282;6.99953601;0.0
757;49.01305589;6.99953275;0.0
758;50.01331877;6.99952936;0.0
759;51.01358144;6.99952584;0.0
760;52.01384391;6.99952217;0.0
761;53.01410616;6.99951836;0.0
762;54.01436821;6.99951439;0.0
763;55.01463005;6.99951026;0.0
764;56.01489167;6.99950597;0.0
765;57.01515307;6.99950150;0.0
766;58.01541426;6.99949686;0.0
767;59.01567523;6.99949203;0.0
768;60.01593598;6.99948700;0.0
769;61.01619651;6.99948177;0.0
770;62.01645682;6.99947633;0.0
771;63.01671691;6.99947066;0.0
772;64.01697677;6.99946477;0.0
773;65.01723642;6.99945863;0.0
774;66.01749584;6.99945224;0.0
775;67.01775504;6.99944557;0.0
776;68.01801403;6.99943863;0.0
777;69.01827280;6.99943140;0.0
778;70.01853135;6.99942386;0.0
779;71.01878969;6.99941599;0.0
780;72.01904783;6.99940778;0.0
781;73.01930576;6.99939921;0.0
782;74.01956350;6.99939026;0.0
783;75.01982104;6.99938090;0.0
784;76.02007839;6.99937112;0.0
785;77.02033556;6.99936088;0.0
786;78.02059257;6.99935016;0.0
787;79.02084941;6.99933893;0.0
788;80.02110611;6.99932715;0.0
789;81.02136267;6.99931478;0.0
790;82.02161910;6.99930178;0.0
791;83.02187543;6.99928811;0.0
792;84.02213167;6.99927371;0.0
793;85.02238785;6.99925852;0.0
794;86.02264399;6.99924248;0.0
795;87.02290011;6.99922550;0.0
796;88.02315624;6.99920749;0.0
797;89.02341243;6.99918837;0.0
798;90.02366871;6.99916800;0.0
799;91.02392512;6.99914625;0.0
800;92.02418172;6.99912295;0.0
801;93.02443856;6.99909791;0.0
802;94.02469571;6.99907087;0.0
803;95.02495324;6.99904156;0.0
804;96.02521121;6.99900960;0.0
805;97.02546973;6.99897455;0.0
806;98.02572885;6.99893586;0.0
807;99.02598866;6.99889283;0.0
808;100.02624919;6.99884467;0.0
809;0.00000000;7.99953926;0.0
810;1.00026853;7.99953922;0.0
811;2.00053705;7.99953913;0.0
812;3.00080556;7.99953901;0.0
813;4.00107406;7.99953883;0.0
814;5.00134254;7.99953861;0.0
815;6.00161099;7.99953835;0.0
816;7.00187942;7.99953803;0.0
817;8.00214782;7.99953767;0.0
818;9.00241618;7.99953726;0.0
819;10.00268451;7.99953681;0.0
820;11.00295278;7.99953630;0.0
821;12.00322101;7.99953574;0.0
822;13.00348918;7.99953513;0.0
823;14.00375729;7.99953447;0.0
824;15.00402534;7.99953376;0.0
825;16.00429332;7.99953299;0.0
826;17.00456122;7.99953216;0.0
827;18.00482906;7.99953128;0.0
828;19.00509681;7.99953035;0.0
829;20.00536447;7.99952935;0.0
830;21.00563204;7.99952829;0.0
831;22.00589952;7.99952717;0.0
832;23.00616691;7.99952599;0.0
833;24.00643418;7.99952474;0.0
834;25.00670136;7.99952343;0.0
835;26.00696842;7.99952204;0.0
836;27.00723536;7.99952059;0.0
837;28.00750219;7.99951906;0.0
838;29.00776889;7.99951746;0.0
839;30.00803546;7.99951578;0.0
840;31.00830191;7.99951403;0.0
841;32.00856821;7.99951219;0.0
842;33.00883438;7.99951026;0.0
843;34.00910041;7.99950825;0.0
844;35.00936628;7.99950615;0.0
845;36.00963201;7.99950396;0.0
846;37.00989758;7.99950167;0.0
847;38.01016300;7.99949928;0.0
848;39.01042825;7.99949680;0.0
849;40.01069334;7.99949420;0.0
850;41.01095826;7.99949150;0.0
851;42.01122301;7.99948868;0.0
852;43.01148758;7.99948575;0.0
853;44.01175198;7.99948269;0.0
854;45.01201619;7.99947951;0.0
855;46.01228022;7.99947620;0.0
856;47.01254407;7.99947276;0.0
857;48.01280772;7.99946917;0.0
858;49.01307118;7.99946544;0.0
859;50.01333445;7.99946156;0.0
860;51.01359752;7.99945753;0.0
861;52.01386039;7.99945333;0.0
862;53.01412306;7.99944896;0.0
863;54.01438553;7.99944442;0.0
864;55.01464779;7.99943970;0.0
865;56.01490984;7.99943478;0.0
866;57.01517169;7.99942967;0.0
867;58.01543333;7.99942436;0.0
868;59.01569476;7.99941883;0.0
869;60.01595597;7.99941307;0.0
870;61.01621698;7.99940709;0.0
871;62.01647777;7.99940086;0.0
872;63.01673836;7.99939438;0.0
873;64.01699873;7.99938763;0.0
874;65.01725889;7.99938060;0.0
875;66.01751884;7.99937328;0.0
876;67.01777859;7.99936566;0.0
877;68.01803813;7.99935772;0.0
878;69.01829747;7.99934944;0.0
879;70.01855661;7.99934080;0.0
880;71.01881555;7.99933180;0.0
881;72.01907430;7.99932240;0.0
882;73.01933286;7.99931259;0.0
883;74.01959125;7.99930235;0.0
884;75.01984946;7.99929164;0.0
885;76.02010750;7.99928045;0.0
886;77.02036538;7.99926873;0.0
887;78.02062312;7.99925647;0.0
888;79.02088072;7.99924361;0.0
889;80.02113819;7.99923013;0.0
890;81.02139555;7.99921598;0.0
891;82.02165282;7.99920112;0.0
892;83.02191001;7.99918548;0.0
893;84.02216714;7.99916901;0.0
894;85.02242424;7.99915165;0.0
895;86.02268133;7.99913330;0.0
896;87.02293844;7.99911390;0.0
897;88.02319560;7.99909334;0.0
898;89.02345284;7.99907151;0.0
899;90.02371022;7.99904828;0.0
900;91.02396776;7.99902348;0.0
901;92.02422553;7.99899696;0.0
902;93.02448357;7.99896848;0.0
903;94.02474194;7.99893781;0.0
904;95.02500072;7.99890462;0.0
905;96.02525996;7.99886856;0.0
906;97.02551974;7.99882919;0.0
907;98.02578011;7.99878596;0.0
908;99.02604114;7.99873825;0.0
909;100.02630286;7.99868532;0.0
910;0.00000000;8.99948108;0.0
911;1.00026884;8.99948104;0.0
912;2.00053768;8.99948094;0.0
913;3.00080650;8.99948080;0.0
914;4.00107532;8.99948061;0.0
915;5.00134411;8.99948036;0.0
916;6.00161288;8.99948006;0.0
917;7.00188163;8.99947971;0.0
918;8.00215035;8.99947930;0.0
919;9.00241902;8.99947884;0.0
920;10.00268766;8.99947833;0.0
921;11.00295626;8.99947775;0.0
922;12.00322480;8.99947713;0.0
923;13.00349329;8.99947644;0.0
924;14.00376173;8.99947569;0.0
925;15.00403010;8.99947489;0.0
926;16.00429840;8.99947402;0.0
927;17.00456664;8.99947310;0.0
928;18.00483480;8.99947210;0.0
929;19.00510287;8.99947105;0.0
930;20.00537087;8.99946992;0.0
931;21.00563877;8.99946873;0.0
932;22.00590659;8.99946747;0.0
933;23.00617431;8.99946614;0.0
934;24.00644192;8.99946473;0.0
935;25.00670943;8.99946325;0.0
936;26.00697684;8.99946169;0.0
937;27.00724413;8.99946005;0.0
938;28.00751130;8.99945833;0.0
939;29.00777835;8.99945653;0.0
940;30.00804528;8.99945464;0.0
941;31.00831208;8.99945266;0.0
942;32.00857874;8.99945058;0.0
943;33.00884527;8.99944842;0.0
944;34.00911166;8.99944615;0.0
945;35.00937791;8.99944378;0.0
946;36.00964401;8.99944131;0.0
947;37.00990996;8.99943873;0.0
948;38.01017575;8.99943604;0.0
949;39.01044139;8.99943324;0.0
950;40.01070686;8.99943032;0.0
951;41.01097218;8.99942727;0.0
952;42.01123732;8.99942409;0.0
953;43.01150230;8.99942079;0.0
954;44.01176710;8.99941735;0.0
955;45.01203173;8.99941376;0.0
956;46.01229617;8.99941003;0.0
957;47.01256044;8.99940615;0.0
958;48.01282452;8.99940211;0.0
959;49.01308842;8.99939791;0.0
960;50.01335213;8.99939354;0.0
961;51.01361565;8.99938899;0.0
962;52.01387897;8.99938426;0.0
963;53.01414210;8.99937934;0.0
964;54.01440504;8.99937422;0.0
965;55.01466778;8.99936890;0.0
966;56.01493032;8.99936336;0.0
967;57.01519266;8.99935760;0.0
968;58.01545480;8.99935161;0.0
969;59.01571674;8.99934538;0.0
970;60.01597848;8.99933890;0.0
971;61.01624002;8.99933215;0.0
972;62.01650135;8.99932514;0.0
973;63.01676249;8.99931783;0.0
974;64.01702343;8.99931023;0.0
975;65.01728417;8.99930231;0.0
976;66.01754471;8.99929406;0.0
977;67.01780506;8.99928548;0.0
978;68.01806522;8.99927653;0.0
979;69.01832519;8.99926720;0.0
980;70.01858497;8.99925747;0.0
981;71.01884458;8.99924733;0.0
982;72.01910401;8.99923674;0.0
983;73.01936327;8.99922569;0.0
984;74.01962237;8.99921415;0.0
985;75.01988132;8.99920209;0.0
986;76.02014011;8.99918948;0.0
987;77.02039878;8.99917628;0.0
988;78.02065731;8.99916247;0.0
989;79.02091573;8.99914799;0.0
990;80.02117405;8.99913281;0.0
991;81.02143229;8.99911688;0.0
992;82.02169046;8.99910015;0.0
993;83.02194857;8.99908255;0.0
994;84.02220666;8.99906402;0.0
995;85.02246475;8.99904448;0.0
996;86.02272286;8.99902385;0.0
997;87.02298101;8.99900205;0.0
998;88.02323925;8.99897895;0.0
999;89.02349761;8.99895443;0.0
1000;90.02375613;8.99892836;0.0
1001;91.02401485;8.99890057;0.0
1002;92.02427382;8.99887088;0.0
1003;93.02453309;8.99883905;0.0
1004;94.02479272;8.99880482;0.0
1005;95.02505276;8.99876789;0.0
1006;96.02531327;8.99872789;0.0
1007;97.02557431;8.99868439;0.0
1008;98.02583594;8.99863687;0.0
1009;99.02609819;8.99858475;0.0
1010;100.02636108;8.99852739;0.0
1011;0.00000000;9.99942270;0.0
1012;1.00026919;9.99942265;0.0
1013;2.00053838;9.99942255;0.0
1014;3.00080755;9.99942239;0.0
1015;4.00107672;9.99942218;0.0
1016;5.00134586;9.99942190;0.0
1017;6.00161499;9.99942157;0.0
1018;7.00188409;9.99942118;0.0
1019;8.00215315;9.99942073;0.0
1020;9.00242219;9.99942022;0.0
1021;10.00269118;9.99941964;0.0
1022;11.00296013;9.99941901;0.0
1023;12.00322903;9.99941831;0.0
1024;13.00349788;9.99941754;0.0
1025;14.00376667;9.99941671;0.0
1026;15.00403540;9.99941582;0.0
1027;16.00430407;9.99941485;0.0
1028;17.00457266;9.99941382;0.0
1029;18.00484118;9.99941272;0.0
1030;19.00510963;9.99941154;0.0
1031;20.00537799;9.99941029;0.0
1032;21.00564627;9.99940896;0.0
1033;22.00591445;9.99940756;0.0
1034;23.00618254;9.99940608;0.0
1035;24.00645053;9.99940451;0.0
1036;25.00671842;9.99940286;0.0
1037;26.00698621;9.99940113;0.0
1038;27.00725388;9.99939930;0.0
1039;28.00752144;9.99939739;0.0
1040;29.00778888;9.99939538;0.0
1041;30.00805620;9.99939327;0.0
1042;31.00832339;9.99939107;0.0
1043;32.00859046;9.99938876;0.0
1044;33.00885739;9.99938635;0.0
1045;34.00912419;9.99938383;0.0
1046;35.00939084;9.99938119;0.0
1047;36.00965735;9.99937844;0.0
1048;37.00992372;9.99937557;0.0
1049;38.01018993;9.99937258;0.0
1050;39.01045600;9.99936946;0.0
1051;40.01072190;9.99936620;0.0
1052;41.01098765;9.99936281;0.0
1053;42.01125324;9.99935928;0.0
1054;43.01151866;9.99935560;0.0
1055;44.01178391;9.99935177;0.0
1056;45.01204899;9.99934778;0.0
1057;46.01231390;9.99934362;0.0
1058;47.01257864;9.99933930;0.0
1059;48.01284320;9.99933481;0.0
1060;49.01310757;9.99933013;0.0
1061;50.01337177;9.99932526;0.0
1062;51.01363579;9.99932020;0.0
1063;52.01389961;9.99931494;0.0
1064;53.01416326;9.99930946;0.0
1065;54.01442671;9.99930376;0.0
1066;55.01468998;9.99929784;0.0
1067;56.01495305;9.99929168;0.0
1068;57.01521594;9.99928527;0.0
1069;58.01547863;9.99927860;0.0
1070;59.01574114;9.99927167;0.0
1071;60.01600345;9.99926445;0.0
1072;61.01626557;9.99925695;0.0
1073;62.01652751;9.99924914;0.0
1074;63.01678925;9.99924101;0.0
1075;64.01705081;9.99923254;0.0
1076;65.01731218;9.99922373;0.0
1077;66.01757338;9.99921456;0.0
1078;67.01783439;9.99920500;0.0
1079;68.01809522;9.99919504;0.0
1080;69.01835588;9.99918466;0.0
1081;70.01861637;9.99917384;0.0
1082;71.01887670;9.99916255;0.0
1083;72.01913687;9.99915077;0.0
1084;73.01939689;9.99913847;0.0
1085;74.01965677;9.99912563;0.0
1086;75.01991651;9.99911222;0.0
1087;76.02017613;9.99909819;0.0
1088;77.02043563;9.99908351;0.0
1089;78.02069502;9.99906815;0.0
1090;79.02095433;9.99905205;0.0
1091;80.02121356;9.99903518;0.0
1092;81.02147273;9.99901747;0.0
1093;82.02173185;9.99899887;0.0
1094;83.02199096;9.99897931;0.0
1095;84.02225006;9.99895872;0.0
1096;85.02250919;9.99893703;0.0
1097;86.02276837;9.99891413;0.0
1098;87.02302763;9.99888993;0.0
1099;88.02328699;9.99886432;0.0
1100;89.02354651;9.99883715;0.0
1101;90.02380621;9.99880829;0.0
1102;91.02406614;9.99877756;0.0
1103;92.02432634;9.99874476;0.0
1104;93.02458686;9.99870965;0.0
1105;94.02484775;9.99867199;0.0
1106;95.02510906;9.99863144;0.0
1107;96.02537085;9.99858766;0.0
1108;97.02563316;9.99854021;0.0
1109;98.02589603;9.99848863;0.0
1110;99.02615949;9.99843238;0.0
1111;100.02642357;9.99837085;0.0
1112;0.00000000;10.99936410;0.0
1113;1.00026958;10.99936405;0.0
1114;2.00053915;10.99936394;0.0
1115;3.00080871;10.99936377;0.0
1116;4.00107826;10.99936353;0.0
1117;5.00134779;10.99936323;0.0
1118;6.00161730;10.99936286;0.0
1119;7.00188679;10.99936243;0.0
1120;8.00215624;10.99936193;0.0
1121;9.00242567;10.99936137;0.0
1122;10.00269505;10.99936073;0.0
1123;11.00296439;10.99936003;0.0
1124;12.00323368;10.99935926;0.0
1125;13.00350292;10.99935842;0.0
1126;14.00377211;10.99935751;0.0
1127;15.00404123;10.99935652;0.0
1128;16.00431030;10.99935546;0.0
1129;17.00457929;10.99935432;0.0
1130;18.00484821;10.99935310;0.0
1131;19.00511706;10.99935180;0.0
1132;20.00538583;10.99935043;0.0
1133;21.00565451;10.99934897;0.0
1134;22.00592310;10.99934742;0.0
1135;23.00619160;10.99934578;0.0
1136;24.00646001;10.99934406;0.0
1137;25.00672831;10.99934224;0.0
1138;26.00699652;10.99934033;0.0
1139;27.00726461;10.99933832;0.0
1140;28.00753259;10.99933621;0.0
1141;29.00780046;10.99933399;0.0
1142;30.00806821;10.99933167;0.0
1143;31.00833584;10.99932924;0.0
1144;32.00860334;10.99932670;0.0
1145;33.00887071;10.99932404;0.0
1146;34.00913796;10.99932126;0.0
1147;35.00940506;10.99931836;0.0
1148;36.00967203;10.99931533;0.0
1149;37.00993885;10.99931216;0.0
1150;38.01020553;10.99930886;0.0
1151;39.01047206;10.99930542;0.0
1152;40.01073844;10.99930184;0.0
1153;41.01100466;10.99929810;0.0
1154;42.01127073;10.99929421;0.0
1155;43.01153664;10.99929015;0.0
1156;44.01180239;10.99928593;0.0
1157;45.01206797;10.99928153;0.0
1158;46.01233338;10.99927695;0.0
1159;47.01259863;10.99927219;0.0
1160;48.01286371;10.99926724;0.0
1161;49.01312861;10.99926208;0.0
1162;50.01339334;10.99925672;0.0
1163;51.01365790;10.99925114;0.0
1164;52.01392228;10.99924534;0.0
1165;53.01418648;10.99923931;0.0
1166;54.01445050;10.99923303;0.0
1167;55.01471434;10.99922650;0.0
1168;56.01497800;10.99921971;0.0
1169;57.01524148;10.99921265;0.0
1170;58.01550478;10.99920530;0.0
1171;59.01576790;10.99919766;0.0
1172;60.01603084;10.99918971;0.0
1173;61.01629360;10.99918144;0.0
1174;62.01655618;10.99917283;0.0
1175;63.01681858;10.99916388;0.0
1176;64.01708081;10.99915455;0.0
1177;65.01734287;10.99914484;0.0
1178;66.01760476;10.99913473;0.0
1179;67.01786649;10.99912420;0.0
1180;68.01812805;10.99911323;0.0
1181;69.01838946;10.99910180;0.0
1182;70.01865071;10.99908988;0.0
1183;71.01891182;10.99907744;0.0
1184;72.01917279;10.99906447;0.0
1185;73.01943362;10.99905093;0.0
1186;74.01969433;10.99903679;0.0
1187;75.01995493;10.99902201;0.0
1188;76.02021542;10.99900657;0.0
1189;77.02047581;10.99899041;0.0
1190;78.02073612;10.99897350;0.0
1191;79.02099637;10.99895578;0.0
1192;80.02125656;10.99893721;0.0
1193;81.02151672;10.99891773;0.0
1194;82.02177686;10.99889727;0.0
1195;83.02203700;10.99887577;0.0
1196;84.02229717;10.99885314;0.0
1197;85.02255738;10.99882930;0.0
1198;86.02281767;10.99880415;0.0
1199;87.02307807;10.99877759;0.0
1200;88.02333861;10.99874949;0.0
1201;89.02359931;10.99871971;0.0
1202;90.02386022;10.99868810;0.0
1203;91.02412139;10.99865448;0.0
1204;92.02438284;10.99861864;0.0
1205;93.02464462;10.99858036;0.0
1206;94.02490679;10.99853935;0.0
1207;95.02516938;10.99849532;0.0
1208;96.02543244;10.99844791;0.0
1209;97.02569601;10.99839671;0.0
1210;98.02596012;10.99834128;0.0
1211;99.02622480;10.99828112;0.0
1212;100.02649006;10.99821568;0.0
1213;0.00000000;11.99930525;0.0
1214;1.00027000;11.99930520;0.0
1215;2.00053999;11.99930508;0.0
1216;3.00080997;11.99930489;0.0
1217;4.00107994;11.99930463;0.0
1218;5.00134989;11.99930430;0.0
1219;6.00161983;11.99930390;0.0
1220;7.00188974;11.99930343;0.0
1221;8.00215961;11.99930289;0.0
1222;9.00242946;11.99930227;0.0
1223;10.00269927;11.99930158;0.0
1224;11.00296903;11.99930081;0.0
1225;12.00323875;11.99929997;0.0
1226;13.00350842;11.99929905;0.0
1227;14.00377804;11.99929805;0.0
1228;15.00404759;11.99929697;0.0
1229;16.00431709;11.99929581;0.0
1230;17.00458652;11.99929457;0.0
1231;18.00485588;11.99929324;0.0
1232;19.00512516;11.99929182;0.0
1233;20.00539437;11.99929031;0.0
1234;21.00566349;11.99928872;0.0
1235;22.00593253;11.99928702;0.0
1236;23.00620148;11.99928524;0.0
1237;24.00647033;11.99928335;0.0
1238;25.00673909;11.99928136;0.0
1239;26.00700775;11.99927927;0.0
1240;27.00727630;11.99927708;0.0
1241;28.00754475;11.99927477;0.0
1242;29.00781308;11.99927235;0.0
1243;30.00808130;11.99926981;0.0
1244;31.00834940;11.99926716;0.0
1245;32.00861738;11.99926438;0.0
1246;33.00888523;11.99926147;0.0
1247;34.00915295;11.99925843;0.0
1248;35.00942055;11.99925526;0.0
1249;36.00968801;11.99925195;0.0
1250;37.00995533;11.99924849;0.0
1251;38.01022251;11.99924488;0.0
1252;39.01048954;11.99924112;0.0
1253;40.01075644;11.99923720;0.0
1254;41.01102318;11.99923311;0.0
1255;42.01128977;11.99922886;0.0
1256;43.01155621;11.99922442;0.0
1257;44.01182249;11.99921981;0.0
1258;45.01208862;11.99921500;0.0
1259;46.01235458;11.99921000;0.0
1260;47.01262038;11.99920480;0.0
1261;48.01288602;11.99919938;0.0
1262;49.01315150;11.99919375;0.0
1263;50.01341681;11.99918788;0.0
1264;51.01368195;11.99918179;0.0
1265;52.01394692;11.99917545;0.0
1266;53.01421172;11.99916885;0.0
1267;54.01447636;11.99916199;0.0
1268;55.01474082;11.99915486;0.0
1269;56.01500511;11.99914744;0.0
1270;57.01526923;11.99913972;0.0
1271;58.01553318;11.99913169;0.0
1272;59.01579696;11.99912334;0.0
1273;60.01606057;11.99911465;0.0
1274;61.01632402;11.99910561;0.0
1275;62.01658730;11.99909621;0.0
1276;63.01685041;11.99908642;0.0
1277;64.01711337;11.99907623;0.0
1278;65.01737616;11.99906563;0.0
1279;66.01763881;11.99905458;0.0
1280;67.01790130;11.99904308;0.0
1281;68.01816364;11.99903109;0.0
1282;69.01842584;11.99901860;0.0
1283;70.01868791;11.99900558;0.0
1284;71.01894985;11.99899200;0.0
1285;72.01921166;11.99897783;0.0
1286;73.01947336;11.99896304;0.0
1287;74.01973495;11.99894760;0.0
1288;75.01999645;11.99893147;0.0
1289;76.02025787;11.99891460;0.0
1290;77.02051920;11.99889697;0.0
1291;78.02078048;11.99887851;0.0
1292;79.02104172;11.99885918;0.0
1293;80.02130292;11.99883892;0.0
1294;81.02156411;11.99881767;0.0
1295;82.02182531;11.99879536;0.0
1296;83.02208653;11.99877192;0.0
1297;84.02234780;11.99874726;0.0
1298;85.02260914;11.99872130;0.0
1299;86.02287058;11.99869392;0.0
1300;87.02313216;11.99866502;0.0
1301;88.02339389;11.99863447;0.0
1302;89.02365581;11.99860213;0.0
1303;90.02391796;11.99856782;0.0
1304;91.02418037;11.99853138;0.0
1305;92.02444309;11.99849258;0.0
1306;93.02470615;11.99845121;0.0
1307;94.02496959;11.99840697;0.0
1308;95.02523346;11.99835959;0.0
1309;96.02549780;11.99830870;0.0
1310;97.02576263;11.99825393;0.0
1311;98.02602798;11.99819484;0.0
1312;99.02629387;11.99813099;0.0
1313;100.02656031;11.99806186;0.0
1314;0.00000000;12.99924614;0.0
1315;1.00027045;12.99924608;0.0
1316;2.00054090;12.99924596;0.0
1317;3.00081133;12.99924575;0.0
1318;4.00108176;12.99924547;0.0
1319;5.00135217;12.99924512;0.0
1320;6.00162256;12.99924468;0.0
1321;7.00189292;12.99924417;0.0
1322;8.00216326;12.99924358;0.0
1323;9.00243356;12.99924291;0.0
1324;10.00270383;12.99924216;0.0
1325;11.00297405;12.99924133;0.0
1326;12.00324423;12.99924041;0.0
1327;13.00351436;12.99923942;0.0
1328;14.00378444;12.99923833;0.0
1329;15.00405447;12.99923716;0.0
1330;16.00432443;12.99923590;0.0
1331;17.00459433;12.99923455;0.0
1332;18.00486416;12.99923310;0.0
1333;19.00513392;12.99923156;0.0
1334;20.00540360;12.99922993;0.0
1335;21.00567320;12.99922819;0.0
1336;22.00594272;12.99922636;0.0
1337;23.00621215;12.99922442;0.0
1338;24.00648149;12.99922237;0.0
1339;25.00675074;12.99922021;0.0
1340;26.00701989;12.99921794;0.0
1341;27.00728894;12.99921556;0.0
1342;28.00755788;12.99921305;0.0
1343;29.00782672;12.99921042;0.0
1344;30.00809544;12.99920767;0.0
1345;31.00836405;12.99920479;0.0
1346;32.00863254;12.99920177;0.0
1347;33.00890091;12.99919861;0.0
1348;34.00916916;12.99919532;0.0
1349;35.00943728;12.99919187;0.0
1350;36.00970527;12.99918827;0.0
1351;37.00997313;12.99918452;0.0
1352;38.01024085;12.99918060;0.0
1353;39.01050843;12.99917652;0.0
1354;40.01077587;12.99917226;0.0
1355;41.01104318;12.99916783;0.0
1356;42.01131033;12.99916321;0.0
1357;43.01157734;12.99915840;0.0
1358;44.01184420;12.99915339;0.0
1359;45.01211091;12.99914817;0.0
1360;46.01237746;12.99914274;0.0
1361;47.01264386;12.99913709;0.0
1362;48.01291011;12.99913121;0.0
1363;49.01317620;12.99912510;0.0
1364;50.01344212;12.99911873;0.0
1365;51.01370789;12.99911212;0.0
1366;52.01397350;12.99910523;0.0
1367;53.01423895;12.99909807;0.0
1368;54.01450424;12.99909063;0.0
1369;55.01476937;12.99908289;0.0
1370;56.01503433;12.99907483;0.0
1371;57.01529914;12.99906646;0.0
1372;58.01556379;12.99905774;0.0
1373;59.01582828;12.99904868;0.0
1374;60.01609261;12.99903925;0.0
1375;61.01635678;12.99902945;0.0
1376;62.01662081;12.99901924;0.0
1377;63.01688468;12.99900862;0.0
1378;64.01714840;12.99899756;0.0
1379;65.01741198;12.99898606;0.0
1380;66.01767542;12.99897407;0.0
1381;67.01793872;12.99896159;0.0
1382;68.01820190;12.99894859;0.0
1383;69.01846494;12.99893504;0.0
1384;70.01872787;12.99892092;0.0
1385;71.01899068;12.99890619;0.0
1386;72.01925339;12.99889083;0.0
1387;73.01951600;12.99887479;0.0
1388;74.01977853;12.99885805;0.0
1389;75.02004098;12.99884056;0.0
1390;76.02030336;12.99882229;0.0
1391;77.02056569;12.99880317;0.0
1392;78.02082798;12.99878317;0.0
1393;79.02109024;12.99876223;0.0
1394;80.02135249;12.99874029;0.0
1395;81.02161476;12.99871729;0.0
1396;82.02187705;12.99869314;0.0
1397;83.02213939;12.99866778;0.0
1398;84.02240180;12.99864111;0.0
1399;85.02266430;12.99861305;0.0
1400;86.02292693;12.99858347;0.0
1401;87.02318970;12.99855227;0.0
1402;88.02345265;12.99851931;0.0
1403;89.02371581;12.99848444;0.0
1404;90.02397921;12.99844750;0.0
1405;91.02424289;12.99840829;0.0
1406;92.02450688;12.99836662;0.0
1407;93.02477123;12.99832224;0.0
1408;94.02503596;12.99827489;0.0
1409;95.02530111;12.99822428;0.0
1410;96.02556671;12.99817006;0.0
1411;97.02583280;12.99811188;0.0
1412;98.02609938;12.99804933;0.0
1413;99.02636649;12.99798197;0.0
1414;100.02663411;12.99790937;0.0
1415;0.00000000;13.99918674;0.0
1416;1.00027094;13.99918668;0.0
1417;2.00054187;13.99918655;0.0
1418;3.00081280;13.99918633;0.0
1419;4.00108371;13.99918603;0.0
1420;5.00135461;13.99918564;0.0
1421;6.00162549;13.99918517;0.0
1422;7.00189634;13.99918462;0.0
1423;8.00216717;13.99918399;0.0
1424;9.00243796;13.99918326;0.0
1425;10.00270872;13.99918245;0.0
1426;11.00297944;13.99918156;0.0
1427;12.00325012;13.99918057;0.0
1428;13.00352075;13.99917949;0.0
1429;14.00379133;13.99917832;0.0
1430;15.00406185;13.99917706;0.0
1431;16.00433231;13.99917570;0.0
1432;17.00460272;13.99917424;0.0
1433;18.00487305;13.99917268;0.0
1434;19.00514332;13.99917102;0.0
1435;20.00541351;13.99916925;0.0
1436;21.00568363;13.99916738;0.0
1437;22.00595366;13.99916540;0.0
1438;23.00622361;13.99916330;0.0
1439;24.00649348;13.99916109;0.0
1440;25.00676325;13.99915876;0.0
1441;26.00703292;13.99915631;0.0
1442;27.00730250;13.99915374;0.0
1443;28.00757198;13.99915104;0.0
1444;29.00784135;13.99914820;0.0
1445;30.00811062;13.99914523;0.0
1446;31.00837978;13.99914212;0.0
1447;32.00864882;13.99913886;0.0
1448;33.00891774;13.99913545;0.0
1449;34.00918655;13.99913189;0.0
1450;35.00945523;13.99912817;0.0
1451;36.00972379;13.99912429;0.0
1452;37.00999222;13.99912024;0.0
1453;38.01026052;13.99911601;0.0
1454;39.01052869;13.99911161;0.0
1455;40.01079673;13.99910701;0.0
1456;41.01106462;13.99910223;0.0
1457;42.01133238;13.99909724;0.0
1458;43.01160000;13.99909205;0.0
1459;44.01186747;13.99908664;0.0
1460;45.01213481;13.99908101;0.0
1461;46.01240199;13.99907515;0.0
1462;47.01266903;13.99906906;0.0
1463;48.01293592;13.99906271;0.0
1464;49.01320266;13.99905611;0.0
1465;50.01346925;13.99904925;0.0
1466;51.01373569;13.99904211;0.0
1467;52.01400198;13.99903468;0.0
1468;53.01426812;13.99902696;0.0
1469;54.01453410;13.99901892;0.0
1470;55.01479994;13.99901057;0.0
1471;56.01506562;13.99900188;0.0
1472;57.01533116;13.99899284;0.0
1473;58.01559654;13.99898344;0.0
1474;59.01586178;13.99897367;0.0
1475;60.01612687;13.99896350;0.0
1476;61.01639183;13.99895292;0.0
1477;62.01665664;13.99894191;0.0
1478;63.01692131;13.99893045;0.0
1479;64.01718584;13.99891853;0.0
1480;65.01745025;13.99890612;0.0
1481;66.01771453;13.99889320;0.0
1482;67.01797869;13.99887974;0.0
1483;68.01824274;13.99886572;0.0
1484;69.01850667;13.99885111;0.0
1485;70.01877050;13.99883589;0.0
1486;71.01903423;13.99882001;0.0
1487;72.01929788;13.99880345;0.0
1488;73.01956145;13.99878617;0.0
1489;74.01982494;13.99876813;0.0
1490;75.02008838;13.99874929;0.0
1491;76.02035177;13.99872961;0.0
1492;77.02061513;13.99870902;0.0
1493;78.02087847;13.99868749;0.0
1494;79.02114180;13.99866495;0.0
1495;80.02140515;13.99864134;0.0
1496;81.02166852;13.99861659;0.0
1497;82.02193194;13.99859062;0.0
1498;83.02219543;13.99856336;0.0
1499;84.02245901;13.99853470;0.0
1500;85.02272270;13.99850456;0.0
1501;86.02298653;13.99847281;0.0
1502;87.02325052;13.99843934;0.0
1503;88.02351471;13.99840401;0.0
1504;89.02377913;13.99836667;0.0
1505;90.02404380;13.99832715;0.0
1506;91.02430875;13.99828526;0.0
1507;92.02457403;13.99824079;0.0
1508;93.02483966;13.99819351;0.0
1509;94.02510568;13.99814315;0.0
1510;95.02537211;13.99808943;0.0
1511;96.02563898;13.99803203;0.0
1512;97.02590632;13.99797059;0.0
1513;98.02617415;13.99790474;0.0
1514;99.02644246;13.99783408;0.0
1515;100.02671127;13.99775818;0.0
1516;0.00000000;14.99912704;0.0
1517;1.00027146;14.99912698;0.0
1518;2.00054291;14.99912683;0.0
1519;3.00081436;14.99912660;0.0
1520;4.00108580;14.99912627;0.0
1521;5.00135722;14.99912586;0.0
1522;6.00162862;14.99912536;0.0
1523;7.00190000;14.99912477;0.0
1524;8.00217135;14.99912409;0.0
1525;9.00244267;14.99912331;0.0
1526;10.00271395;14.99912244;0.0
1527;11.00298520;14.99912148;0.0
1528;12.00325641;14.99912042;0.0
1529;13.00352757;14.99911926;0.0
1530;14.00379868;14.99911800;0.0
1531;15.00406973;14.99911664;0.0
1532;16.00434073;14.99911518;0.0
1533;17.00461167;14.99911362;0.0
1534;18.00488255;14.99911194;0.0
1535;19.00515336;14.99911016;0.0
1536;20.00542409;14.99910826;0.0
1537;21.00569476;14.99910625;0.0
1538;22.00596534;14.99910412;0.0
1539;23.00623585;14.99910187;0.0
1540;24.00650626;14.99909950;0.0
1541;25.00677659;14.99909700;0.0
1542;26.00704683;14.99909437;0.0
1543;27.00731698;14.99909160;0.0
1544;28.00758703;14.99908870;0.0
1545;29.00785697;14.99908565;0.0
1546;30.00812682;14.99908246;0.0
1547;31.00839655;14.99907912;0.0
1548;32.00866618;14.99907562;0.0
1549;33.00893570;14.99907196;0.0
1550;34.00920510;14.99906814;0.0
1551;35.00947438;14.99906415;0.0
1552;36.00974355;14.99905998;0.0
1553;37.01001259;14.99905563;0.0
1554;38.01028151;14.99905109;0.0
1555;39.01055030;14.99904636;0.0
1556;40.01081896;14.99904143;0.0
1557;41.01108749;14.99903629;0.0
1558;42.01135589;14.99903093;0.0
1559;43.01162415;14.99902536;0.0
1560;44.01189228;14.99901955;0.0
1561;45.01216027;14.99901351;0.0
1562;46.01242813;14.99900722;0.0
1563;47.01269584;14.99900067;0.0
1564;48.01296342;14.99899386;0.0
1565;49.01323085;14.99898678;0.0
1566;50.01349814;14.99897941;0.0
1567;51.01376529;14.99897174;0.0
1568;52.01403230;14.99896377;0.0
1569;53.01429916;14.99895548;0.0
1570;54.01456589;14.99894685;0.0
1571;55.01483247;14.99893789;0.0
1572;56.01509891;14.99892856;0.0
1573;57.01536522;14.99891886;0.0
1574;58.01563138;14.99890877;0.0
1575;59.01589741;14.99889828;0.0
1576;60.01616331;14.99888737;0.0
1577;61.01642908;14.99887601;0.0
1578;62.01669472;14.99886420;0.0
1579;63.01696023;14.99885191;0.0
1580;64.01722562;14.99883912;0.0
1581;65.01749090;14.99882581;0.0
1582;66.01775606;14.99881194;0.0
1583;67.01802112;14.99879751;0.0
1584;68.01828607;14.99878247;0.0
1585;69.01855093;14.99876680;0.0
1586;70.01881571;14.99875048;0.0
1587;71.01908040;14.99873345;0.0
1588;72.01934502;14.99871570;0.0
1589;73.01960958;14.99869718;0.0
1590;74.01987409;14.99867785;0.0
1591;75.02013856;14.99865766;0.0
1592;76.02040300;14.99863657;0.0
1593;77.02066743;14.99861452;0.0
1594;78.02093185;14.99859146;0.0
1595;79.02119628;14.99856733;0.0
1596;80.02146075;14.99854206;0.0
1597;81.02172526;14.99851558;0.0
1598;82.02198984;14.99848781;0.0
1599;83.02225450;14.99845866;0.0
1600;84.02251927;14.99842804;0.0
1601;85.02278417;14.99839585;0.0
1602;86.02304923;14.99836197;0.0
1603;87.02331447;14.99832627;0.0
1604;88.02357992;14.99828862;0.0
1605;89.02384560;14.99824886;0.0
1606;90.02411155;14.99820682;0.0
1607;91.02437779;14.99816231;0.0
1608;92.02464435;14.99811513;0.0
1609;93.02491127;14.99806504;0.0
1610;94.02517857;14.99801178;0.0
1611;95.02544628;14.99795508;0.0
1612;96.02571443;14.99789462;0.0
1613;97.02598302;14.99783008;0.0
1614;98.02625208;14.99776110;0.0
1615;99.02652161;14.99768729;0.0
1616;100.02679160;14.99760827;0.0
1617;0.00000000;15.99906701;0.0
1618;1.00027201;15.99906695;0.0
1619;2.00054402;15.99906679;0.0
1620;3.00081602;15.99906654;0.0
1621;4.00108801;15.99906620;0.0
1622;5.00135999;15.99906576;0.0
1623;6.00163194;15.99906522;0.0
1624;7.00190388;15.99906459;0.0
1625;8.00217578;15.99906386;0.0
1626;9.00244766;15.99906303;0.0
1627;10.00271951;15.99906210;0.0
1628;11.00299131;15.99906107;0.0
1629;12.00326308;15.99905994;0.0
1630;13.00353481;15.99905870;0.0
1631;14.00380648;15.99905736;0.0
1632;15.00407810;15.99905590;0.0
1633;16.00434967;15.99905434;0.0
1634;17.00462118;15.99905267;0.0
1635;18.00489263;15.99905088;0.0
1636;19.00516402;15.99904897;0.0
1637;20.00543533;15.99904694;0.0
1638;21.00570658;15.99904479;0.0
1639;22.00597774;15.99904251;0.0
1640;23.00624883;15.99904011;0.0
1641;24.00651984;15.99903757;0.0
1642;25.00679077;15.99903490;0.0
1643;26.00706160;15.99903209;0.0
1644;27.00733235;15.99902913;0.0
1645;28.00760300;15.99902602;0.0
1646;29.00787355;15.99902277;0.0
1647;30.00814401;15.99901936;0.0
1648;31.00841436;15.99901578;0.0
1649;32.00868461;15.99901204;0.0
1650;33.00895475;15.99900813;0.0
1651;34.00922478;15.99900405;0.0
1652;35.00949470;15.99899978;0.0
1653;36.00976451;15.99899532;0.0
1654;37.01003420;15.99899067;0.0
1655;38.01030377;15.99898582;0.0
1656;39.01057322;15.99898076;0.0
1657;40.01084254;15.99897548;0.0
1658;41.01111174;15.99896999;0.0
1659;42.01138082;15.99896427;0.0
1660;43.01164977;15.99895831;0.0
1661;44.01191859;15.99895210;0.0
1662;45.01218728;15.99894564;0.0
1663;46.01245584;15.99893892;0.0
1664;47.01272427;15.99893192;0.0
1665;48.01299256;15.99892464;0.0
1666;49.01326072;15.99891707;0.0
1667;50.01352875;15.99890919;0.0
1668;51.01379665;15.99890100;0.0
1669;52.01406442;15.99889248;0.0
1670;53.01433205;15.99888362;0.0
1671;54.01459955;15.99887440;0.0
1672;55.01486692;15.99886482;0.0
1673;56.01513416;15.99885486;0.0
1674;57.01540127;15.99884449;0.0
1675;58.01566825;15.99883372;0.0
1676;59.01593511;15.99882251;0.0
1677;60.01620185;15.99881085;0.0
1678;61.01646848;15.99879872;0.0
1679;62.01673498;15.99878610;0.0
1680;63.01700137;15.99877297;0.0
1681;64.01726766;15.99875931;0.0
1682;65.01753384;15.99874509;0.0
1683;66.01779993;15.99873029;0.0
1684;67.01806592;15.99871488;0.0
1685;68.01833182;15.99869883;0.0
1686;69.01859765;15.99868210;0.0
1687;70.01886340;15.99866467;0.0
1688;71.01912909;15.99864651;0.0
1689;72.01939473;15.99862756;0.0
1690;73.01966032;15.99860780;0.0
1691;74.01992587;15.99858718;0.0
1692;75.02019140;15.99856565;0.0
1693;76.02045692;15.99854316;0.0
1694;77.02072244;15.99851966;0.0
1695;78.02098798;15.99849509;0.0
1696;79.02125355;15.99846938;0.0
1697;80.02151916;15.99844246;0.0
1698;81.02178484;15.99841427;0.0
1699;82.02205060;15.99838471;0.0
1700;83.02231646;15.99835371;0.0
1701;84.02258245;15.99832115;0.0
1702;85.02284859;15.99828694;0.0
1703;86.02311489;15.99825096;0.0
1704;87.02338138;15.99821307;0.0
1705;88.02364810;15.99817315;0.0
1706;89.02391506;15.99813102;0.0
1707;90.02418229;15.99808653;0.0
1708;91.02444982;15.99803948;0.0
1709;92.02471768;15.99798967;0.0
1710;93.02498589;15.99793686;0.0
1711;94.02525448;15.99788081;0.0
1712;95.02552347;15.99782125;0.0
1713;96.02579288;15.99775787;0.0
1714;97.02606273;15.99769037;0.0
1715;98.02633302;15.99761840;0.0
1716;99.02660376;15.99754160;0.0
1717;100.02687494;15.99745962;0.0
1718;0.00000000;16.99900664;0.0
1719;1.00027260;16.99900657;0.0
1720;2.00054519;16.99900641;0.0
1721;3.00081778;16.99900614;0.0
1722;4.00109035;16.99900578;0.0
1723;5.00136291;16.99900531;0.0
1724;6.00163546;16.99900474;0.0
1725;7.00190798;16.99900407;0.0
1726;8.00218048;16.99900329;0.0
1727;9.00245294;16.99900241;0.0
1728;10.00272538;16.99900142;0.0
1729;11.00299778;16.99900032;0.0
1730;12.00327014;16.99899911;0.0
1731;13.00354246;16.99899779;0.0
1732;14.00381473;16.99899636;0.0
1733;15.00408696;16.99899482;0.0
1734;16.00435913;16.99899315;0.0
1735;17.00463124;16.99899137;0.0
1736;18.00490330;16.99898946;0.0
1737;19.00517529;16.99898743;0.0
1738;20.00544721;16.99898527;0.0
1739;21.00571907;16.99898298;0.0
1740;22.00599086;16.99898055;0.0
1741;23.00626257;16.99897799;0.0
1742;24.00653420;16.99897529;0.0
1743;25.00680575;16.99897244;0.0
1744;26.00707721;16.99896945;0.0
1745;27.00734859;16.99896630;0.0
1746;28.00761988;16.99896299;0.0
1747;29.00789108;16.99895952;0.0
1748;30.00816218;16.99895589;0.0
1749;31.00843318;16.99895208;0.0
1750;32.00870408;16.99894810;0.0
1751;33.00897489;16.99894394;0.0
1752;34.00924558;16.99893958;0.0
1753;35.00951617;16.99893504;0.0
1754;36.00978665;16.99893029;0.0
1755;37.01005702;16.99892534;0.0
1756;38.01032728;16.99892017;0.0
1757;39.01059742;16.99891478;0.0
1758;40.01086744;16.99890917;0.0
1759;41.01113735;16.99890332;0.0
1760;42.01140714;16.99889722;0.0
1761;43.01167681;16.99889088;0.0
1762;44.01194635;16.99888427;0.0
1763;45.01221578;16.99887739;0.0
1764;46.01248508;16.99887023;0.0
1765;47.01275426;16.99886278;0.0
1766;48.01302331;16.99885503;0.0
1767;49.01329224;16.99884697;0.0
1768;50.01356104;16.99883859;0.0
1769;51.01382972;16.99882987;0.0
1770;52.01409828;16.99882080;0.0
1771;53.01436672;16.99881137;0.0
1772;54.01463503;16.99880156;0.0
1773;55.01490322;16.99879136;0.0
1774;56.01517129;16.99878075;0.0
1775;57.01543925;16.99876972;0.0
1776;58.01570709;16.99875826;0.0
1777;59.01597482;16.99874633;0.0
1778;60.01624244;16.99873392;0.0
1779;61.01650995;16.99872102;0.0
1780;62.01677736;16.99870760;0.0
1781;63.01704467;16.99869363;0.0
1782;64.01731188;16.99867910;0.0
1783;65.01757901;16.99866398;0.0
1784;66.01784605;16.99864823;0.0
1785;67.01811301;16.99863184;0.0
1786;68.01837990;16.99861478;0.0
1787;69.01864673;16.99859700;0.0
1788;70.01891349;16.99857847;0.0
1789;71.01918022;16.99855917;0.0
1790;72.01944690;16.99853904;0.0
1791;73.01971355;16.99851804;0.0
1792;74.01998018;16.99849614;0.0
1793;75.02024680;16.99847327;0.0
1794;76.02051343;16.99844939;0.0
1795;77.02078008;16.99842445;0.0
1796;78.02104676;16.99839837;0.0
1797;79.02131348;16.99837110;0.0
1798;80.02158027;16.99834256;0.0
1799;81.02184714;16.99831267;0.0
1800;82.02211410;16.99828135;0.0
1801;83.02238119;16.99824851;0.0
1802;84.02264841;16.99821404;0.0
1803;85.02291579;16.99817785;0.0
1804;86.02318335;16.99813981;0.0
1805;87.02345111;16.99809978;0.0
1806;88.02371911;16.99805763;0.0
1807;89.02398735;16.99801320;0.0
1808;90.02425588;16.99796632;0.0
1809;91.02452471;16.99791680;0.0
1810;92.02479386;16.99786444;0.0
1811;93.02506336;16.99780901;0.0
1812;94.02533324;16.99775027;0.0
1813;95.02560351;16.99768795;0.0
1814;96.02587419;16.99762178;0.0
1815;97.02614529;16.99755145;0.0
1816;98.02641681;16.99747664;0.0
1817;99.02668876;16.99739701;0.0
1818;100.02696114;16.99731222;0.0
1819;0.00000000;17.99894591;0.0
1820;1.00027321;17.99894584;0.0
1821;2.00054642;17.99894566;0.0
1822;3.00081963;17.99894538;0.0
1823;4.00109282;17.99894500;0.0
1824;5.00136600;17.99894450;0.0
1825;6.00163916;17.99894389;0.0
1826;7.00191230;17.99894318;0.0
1827;8.00218542;17.99894236;0.0
1828;9.00245851;17.99894142;0.0
1829;10.00273157;17.99894037;0.0
1830;11.00300459;17.99893920;0.0
1831;12.00327758;17.99893792;0.0
1832;13.00355052;17.99893652;0.0
1833;14.00382342;17.99893500;0.0
1834;15.00409628;17.99893336;0.0
1835;16.00436908;17.99893160;0.0
1836;17.00464183;17.99892970;0.0
1837;18.00491452;17.99892768;0.0
1838;19.00518716;17.99892552;0.0
1839;20.00545972;17.99892323;0.0
1840;21.00573223;17.99892080;0.0
1841;22.00600466;17.99891822;0.0
1842;23.00627702;17.99891550;0.0
1843;24.00654931;17.99891264;0.0
1844;25.00682152;17.99890961;0.0
1845;26.00709364;17.99890643;0.0
1846;27.00736569;17.99890309;0.0
1847;28.00763765;17.99889958;0.0
1848;29.00790952;17.99889590;0.0
1849;30.00818130;17.99889204;0.0
1850;31.00845298;17.99888800;0.0
1851;32.00872458;17.99888378;0.0
1852;33.00899607;17.99887936;0.0
1853;34.00926746;17.99887474;0.0
1854;35.00953876;17.99886991;0.0
1855;36.00980995;17.99886487;0.0
1856;37.01008103;17.99885962;0.0
1857;38.01035201;17.99885414;0.0
1858;39.01062287;17.99884842;0.0
1859;40.01089363;17.99884246;0.0
1860;41.01116428;17.99883625;0.0
1861;42.01143481;17.99882979;0.0
1862;43.01170523;17.99882305;0.0
1863;44.01197554;17.99881604;0.0
1864;45.01224573;17.99880874;0.0
1865;46.01251581;17.99880115;0.0
1866;47.01278577;17.99879325;0.0
1867;48.01305562;17.99878502;0.0
1868;49.01332535;17.99877647;0.0
1869;50.01359496;17.99876758;0.0
1870;51.01386446;17.99875833;0.0
1871;52.01413385;17.99874871;0.0
1872;53.01440312;17.99873870;0.0
1873;54.01467228;17.99872830;0.0
1874;55.01494133;17.99871748;0.0
1875;56.01521027;17.99870624;0.0
1876;57.01547910;17.99869454;0.0
1877;58.01574784;17.99868238;0.0
1878;59.01601646;17.99866973;0.0
1879;60.01628500;17.99865658;0.0
1880;61.01655343;17.99864290;0.0
1881;62.01682178;17.99862867;0.0
1882;63.01709004;17.99861387;0.0
1883;64.01735821;17.99859847;0.0
1884;65.01762632;17.99858244;0.0
1885;66.01789435;17.99856576;0.0
1886;67.01816231;17.99854840;0.0
1887;68.01843022;17.99853032;0.0
1888;69.01869808;17.99851149;0.0
1889;70.01896589;17.99849187;0.0
1890;71.01923367;17.99847142;0.0
1891;72.01950143;17.99845011;0.0
1892;73.01976917;17.99842789;0.0
1893;74.02003691;17.99840471;0.0
1894;75.02030465;17.99838052;0.0
1895;76.02057242;17.99835526;0.0
1896;77.02084021;17.99832889;0.0
1897;78.02110806;17.99830132;0.0
1898;79.02137596;17.99827250;0.0
1899;80.02164395;17.99824235;0.0
1900;81.02191203;17.99821078;0.0
1901;82.02218022;17.99817773;0.0
1902;83.02244854;17.99814308;0.0
1903;84.02271701;17.99810674;0.0
1904;85.02298565;17.99806860;0.0
1905;86.02325448;17.99802853;0.0
1906;87.02352353;17.99798641;0.0
1907;88.02379281;17.99794209;0.0
1908;89.02406235;17.99789541;0.0
1909;90.02433217;17.99784621;0.0
1910;91.02460230;17.99779429;0.0
1911;92.02487275;17.99773946;0.0
1912;93.02514354;17.99768150;0.0
1913;94.02541471;17.99762017;0.0
1914;95.02568626;17.99755522;0.0
1915;96.02595820;17.99748637;0.0
1916;97.02623055;17.99741334;0.0
1917;98.02650330;17.99733581;0.0
1918;99.02677647;17.99725349;0.0
1919;100.02705004;17.99716603;0.0
1920;0.00000000;18.99888479;0.0
1921;1.00027386;18.99888472;0.0
1922;2.00054772;18.99888454;0.0
1923;3.00082157;18.99888424;0.0
1924;4.00109541;18.99888383;0.0
1925;5.00136924;18.99888331;0.0
1926;6.00164305;18.99888267;0.0
1927;7.00191684;18.99888191;0.0
1928;8.00219061;18.99888104;0.0
1929;9.00246435;18.99888005;0.0
1930;10.00273806;18.99887894;0.0
1931;11.00301174;18.99887771;0.0
1932;12.00328538;18.99887635;0.0
1933;13.00355898;18.99887487;0.0
1934;14.00383254;18.99887326;0.0
1935;15.00410606;18.99887152;0.0
1936;16.00437953;18.99886965;0.0
1937;17.00465294;18.99886765;0.0
1938;18.00492630;18.99886551;0.0
1939;19.00519961;18.99886323;0.0
1940;20.00547285;18.99886080;0.0
1941;21.00574603;18.99885823;0.0
1942;22.00601914;18.99885550;0.0
1943;23.00629218;18.99885263;0.0
1944;24.00656516;18.99884959;0.0
1945;25.00683806;18.99884639;0.0
1946;26.00711088;18.99884303;0.0
1947;27.00738362;18.99883949;0.0
1948;28.00765628;18.99883578;0.0
1949;29.00792886;18.99883188;0.0
1950;30.00820135;18.99882780;0.0
1951;31.00847375;18.99882353;0.0
1952;32.00874606;18.99881905;0.0
1953;33.00901828;18.99881438;0.0
1954;34.00929040;18.99880949;0.0
1955;35.00956243;18.99880439;0.0
1956;36.00983436;18.99879906;0.0
1957;37.01010619;18.99879350;0.0
1958;38.01037792;18.99878770;0.0
1959;39.01064955;18.99878165;0.0
1960;40.01092107;18.99877534;0.0
1961;41.01119249;18.99876878;0.0
1962;42.01146380;18.99876194;0.0
1963;43.01173501;18.99875481;0.0
1964;44.01200611;18.99874740;0.0
1965;45.01227711;18.99873968;0.0
1966;46.01254799;18.99873165;0.0
1967;47.01281877;18.99872329;0.0
1968;48.01308944;18.99871459;0.0
1969;49.01336000;18.99870555;0.0
1970;50.01363046;18.99869614;0.0
1971;51.01390081;18.99868636;0.0
1972;52.01417106;18.99867619;0.0
1973;53.01444120;18.99866561;0.0
1974;54.01471124;18.99865461;0.0
1975;55.01498118;18.99864318;0.0
1976;56.01525102;18.99863129;0.0
1977;57.01552077;18.99861893;0.0
1978;58.01579042;18.99860607;0.0
1979;59.01605999;18.99859271;0.0
1980;60.01632946;18.99857881;0.0
1981;61.01659886;18.99856435;0.0
1982;62.01686817;18.99854932;0.0
1983;63.01713741;18.99853368;0.0
1984;64.01740658;18.99851741;0.0
1985;65.01767569;18.99850048;0.0
1986;66.01794474;18.99848287;0.0
1987;67.01821374;18.99846453;0.0
1988;68.01848270;18.99844544;0.0
1989;69.01875161;18.99842556;0.0
1990;70.01902050;18.99840486;0.0
1991;71.01928937;18.99838328;0.0
1992;72.01955823;18.99836080;0.0
1993;73.01982709;18.99833735;0.0
1994;74.02009596;18.99831291;0.0
1995;75.02036485;18.99828740;0.0
1996;76.02063377;18.99826078;0.0
1997;77.02090274;18.99823298;0.0
1998;78.02117178;18.99820394;0.0
1999;79.02144088;18.99817359;0.0
2000;80.02171008;18.99814184;0.0
2001;81.02197939;18.99810863;0.0
2002;82.02224882;18.99807386;0.0
2003;83.02251839;18.99803744;0.0
2004;84.02278812;18.99799925;0.0
2005;85.02305804;18.99795920;0.0
2006;86.02332815;18.99791715;0.0
2007;87.02359849;18.99787298;0.0
2008;88.02386906;18.99782654;0.0
2009;89.02413990;18.99777768;0.0
2010;90.02441103;18.99772622;0.0
2011;91.02468245;18.99767198;0.0
2012;92.02495420;18.99761477;0.0
2013;93.02522630;18.99755437;0.0
2014;94.02549875;18.99749055;0.0
2015;95.02577157;18.99742306;0.0
2016;96.02604478;18.99735165;0.0
2017;97.02631838;18.99727603;0.0
2018;98.02659237;18.99719593;0.0
2019;99.02686675;18.99711103;0.0
2020;100.02714151;18.99702104;0.0
2021;0.00000000;19.99882328;0.0
2022;1.00027454;19.99882321;0.0
2023;2.00054907;19.99882301;0.0
2024;3.00082360;19.99882270;0.0
2025;4.00109812;19.99882227;0.0
2026;5.00137262;19.99882172;0.0
2027;6.00164711;19.99882104;0.0
2028;7.00192158;19.99882025;0.0
2029;8.00219603;19.99881933;0.0
2030;9.00247045;19.99881828;0.0
2031;10.00274485;19.99881711;0.0
2032;11.00301921;19.99881581;0.0
2033;12.00329354;19.99881438;0.0
2034;13.00356783;19.99881281;0.0
2035;14.00384208;19.99881112;0.0
2036;15.00411629;19.99880928;0.0
2037;16.00439045;19.99880731;0.0
2038;17.00466456;19.99880520;0.0
2039;18.00493862;19.99880294;0.0
2040;19.00521263;19.99880053;0.0
2041;20.00548657;19.99879797;0.0
2042;21.00576046;19.99879525;0.0
2043;22.00603428;19.99879238;0.0
2044;23.00630804;19.99878934;0.0
2045;24.00658173;19.99878614;0.0
2046;25.00685535;19.99878276;0.0
2047;26.00712889;19.99877921;0.0
2048;27.00740237;19.99877548;0.0
2049;28.00767576;19.99877156;0.0
2050;29.00794907;19.99876745;0.0
2051;30.00822230;19.99876314;0.0
2052;31.00849545;19.99875863;0.0
2053;32.00876851;19.99875392;0.0
2054;33.00904149;19.99874898;0.0
2055;34.00931437;19.99874383;0.0
2056;35.00958717;19.99873844;0.0
2057;36.00985987;19.99873282;0.0
2058;37.01013248;19.99872695;0.0
2059;38.01040499;19.99872083;0.0
2060;39.01067741;19.99871445;0.0
2061;40.01094973;19.99870780;0.0
2062;41.01122195;19.99870088;0.0
2063;42.01149408;19.99869366;0.0
2064;43.01176610;19.99868615;0.0
2065;44.01203803;19.99867833;0.0
2066;45.01230985;19.99867018;0.0
2067;46.01258158;19.99866171;0.0
2068;47.01285321;19.99865290;0.0
2069;48.01312473;19.99864373;0.0
2070;49.01339616;19.99863419;0.0
2071;50.01366749;19.99862427;0.0
2072;51.01393873;19.99861396;0.0
2073;52.01420987;19.99860324;0.0
2074;53.01448091;19.99859208;0.0
2075;54.01475186;19.99858049;0.0
2076;55.01502273;19.99856844;0.0
2077;56.01529350;19.99855590;0.0
2078;57.01556419;19.99854287;0.0
2079;58.01583480;19.99852933;0.0
2080;59.01610532;19.99851524;0.0
2081;60.01637578;19.99850060;0.0
2082;61.01664616;19.99848537;0.0
2083;62.01691647;19.99846953;0.0
2084;63.01718672;19.99845306;0.0
2085;64.01745692;19.99843592;0.0
2086;65.01772706;19.99841809;0.0
2087;66.01799716;19.99839954;0.0
2088;67.01826722;19.99838024;0.0
2089;68.01853725;19.99836014;0.0
2090;69.01880725;19.99833922;0.0
2091;70.01907724;19.99831743;0.0
2092;71.01934723;19.99829473;0.0
2093;72.01961721;19.99827108;0.0
2094;73.01988721;19.99824643;0.0
2095;74.02015723;19.99822072;0.0
2096;75.02042729;19.99819391;0.0
2097;76.02069740;19.99816594;0.0
2098;77.02096756;19.99813673;0.0
2099;78.02123780;19.99810624;0.0
2100;79.02150813;19.99807437;0.0
2101;80.02177856;19.99804106;0.0
2102;81.02204911;19.99800622;0.0
2103;82.02231980;19.99796977;0.0
2104;83.02259063;19.99793160;0.0
2105;84.02286164;19.99789160;0.0
2106;85.02313284;19.99784968;0.0
2107;86.02340424;19.99780570;0.0
2108;87.02367587;19.99775952;0.0
2109;88.02394775;19.99771102;0.0
2110;89.02421989;19.99766003;0.0
2111;90.02449232;19.99760638;0.0
2112;91.02476505;19.99754989;0.0
2113;92.02503810;19.99749038;0.0
2114;93.02531149;19.99742762;0.0
2115;94.02558523;19.99736141;0.0
2116;95.02585933;19.99729149;0.0
2117;96.02613380;19.99721762;0.0
2118;97.02640865;19.99713954;0.0
2119;98.02668387;19.99705697;0.0
2120;99.02695947;19.99696963;0.0
2121;100.02723543;19.99687723;0.0
2122;0.00000000;20.99876135;0.0
2123;1.00027524;20.99876128;0.0
2124;2.00055048;20.99876107;0.0
2125;3.00082572;20.99876075;0.0
2126;4.00110094;20.99876029;0.0
2127;5.00137615;20.99875971;0.0
2128;6.00165135;20.99875900;0.0
2129;7.00192653;20.99875816;0.0
2130;8.00220169;20.99875719;0.0
2131;9.00247682;20.99875609;0.0
2132;10.00275193;20.99875486;0.0
2133;11.00302701;20.99875349;0.0
2134;12.00330205;20.99875199;0.0
2135;13.00357706;20.99875034;0.0
2136;14.00385203;20.99874855;0.0
2137;15.00412696;20.99874662;0.0
2138;16.00440184;20.99874455;0.0
2139;17.00467668;20.99874232;0.0
2140;18.00495147;20.99873994;0.0
2141;19.00522620;20.99873741;0.0
2142;20.00550088;20.99873471;0.0
2143;21.00577550;20.99873185;0.0
2144;22.00605007;20.99872883;0.0
2145;23.00632457;20.99872563;0.0
2146;24.00659900;20.99872226;0.0
2147;25.00687337;20.99871871;0.0
2148;26.00714767;20.99871497;0.0
2149;27.00742190;20.99871104;0.0
2150;28.00769606;20.99870692;0.0
2151;29.00797014;20.99870259;0.0
2152;30.00824414;20.99869806;0.0
2153;31.00851806;20.99869331;0.0
2154;32.00879191;20.99868835;0.0
2155;33.00906567;20.99868315;0.0
2156;34.00933934;20.99867773;0.0
2157;35.00961294;20.99867206;0.0
2158;36.00988644;20.99866614;0.0
2159;37.01015986;20.99865997;0.0
2160;38.01043319;20.99865353;0.0
2161;39.01070642;20.99864682;0.0
2162;40.01097957;20.99863982;0.0
2163;41.01125263;20.99863253;0.0
2164;42.01152559;20.99862494;0.0
2165;43.01179847;20.99861704;0.0
2166;44.01207125;20.99860881;0.0
2167;45.01234394;20.99860025;0.0
2168;46.01261653;20.99859133;0.0
2169;47.01288904;20.99858206;0.0
2170;48.01316145;20.99857242;0.0
2171;49.01343378;20.99856239;0.0
2172;50.01370601;20.99855196;0.0
2173;51.01397816;20.99854111;0.0
2174;52.01425022;20.99852983;0.0
2175;53.01452220;20.99851811;0.0
2176;54.01479409;20.99850592;0.0
2177;55.01506590;20.99849324;0.0
2178;56.01533764;20.99848007;0.0
2179;57.01560930;20.99846637;0.0
2180;58.01588089;20.99845213;0.0
2181;59.01615241;20.99843733;0.0
2182;60.01642387;20.99842194;0.0
2183;61.01669526;20.99840594;0.0
2184;62.01696660;20.99838930;0.0
2185;63.01723789;20.99837199;0.0
2186;64.01750914;20.99835399;0.0
2187;65.01778034;20.99833527;0.0
2188;66.01805152;20.99831579;0.0
2189;67.01832266;20.99829552;0.0
2190;68.01859379;20.99827442;0.0
2191;69.01886491;20.99825246;0.0
2192;70.01913602;20.99822960;0.0
2193;71.01940714;20.99820578;0.0
2194;72.01967828;20.99818097;0.0
2195;73.01994944;20.99815512;0.0
2196;74.02022064;20.99812817;0.0
2197;75.02049189;20.99810006;0.0
2198;76.02076319;20.99807075;0.0
2199;77.02103457;20.99804016;0.0
2200;78.02130604;20.99800822;0.0
2201;79.02157760;20.99797486;0.0
2202;80.02184928;20.99794001;0.0
2203;81.02212108;20.99790357;0.0
2204;82.02239304;20.99786546;0.0
2205;83.02266515;20.99782557;0.0
2206;84.02293744;20.99778381;0.0
2207;85.02320993;20.99774005;0.0
2208;86.02348263;20.99769417;0.0
2209;87.02375557;20.99764605;0.0
2210;88.02402875;20.99759553;0.0
2211;89.02430220;20.99754247;0.0
2212;90.02457593;20.99748670;0.0
2213;91.02484997;20.99742804;0.0
2214;92.02512432;20.99736630;0.0
2215;93.02539900;20.99730128;0.0
2216;94.02567402;20.99723276;0.0
2217;95.02594940;20.99716051;0.0
2218;96.02622514;20.99708429;0.0
2219;97.02650124;20.99700386;0.0
2220;98.02677770;20.99691894;0.0
2221;99.02705451;20.99682927;0.0
2222;100.02733168;20.99673457;0.0
2223;0.00000000;21.99869899;0.0
2224;1.00027598;21.99869891;0.0
2225;2.00055195;21.99869870;0.0
2226;3.00082792;21.99869836;0.0
2227;4.00110388;21.99869788;0.0
2228;5.00137983;21.99869727;0.0
2229;6.00165576;21.99869653;0.0
2230;7.00193168;21.99869565;0.0
2231;8.00220757;21.99869463;0.0
2232;9.00248345;21.99869347;0.0
2233;10.00275930;21.99869218;0.0
2234;11.00303511;21.99869074;0.0
2235;12.00331090;21.99868916;0.0
2236;13.00358666;21.99868743;0.0
2237;14.00386237;21.99868556;0.0
2238;15.00413805;21.99868353;0.0
2239;16.00441369;21.99868135;0.0
2240;17.00468928;21.99867901;0.0
2241;18.00496482;21.99867651;0.0
2242;19.00524032;21.99867385;0.0
2243;20.00551576;21.99867102;0.0
2244;21.00579115;21.99866802;0.0
2245;22.00606648;21.99866484;0.0
2246;23.00634175;21.99866148;0.0
2247;24.00661696;21.99865794;0.0
2248;25.00689211;21.99865421;0.0
2249;26.00716719;21.99865029;0.0
2250;27.00744221;21.99864616;0.0
2251;28.00771716;21.99864183;0.0
2252;29.00799203;21.99863729;0.0
2253;30.00826684;21.99863253;0.0
2254;31.00854156;21.99862754;0.0
2255;32.00881622;21.99862233;0.0
2256;33.00909079;21.99861688;0.0
2257;34.00936529;21.99861118;0.0
2258;35.00963971;21.99860523;0.0
2259;36.00991404;21.99859902;0.0
2260;37.01018830;21.99859254;0.0
2261;38.01046247;21.99858578;0.0
2262;39.01073656;21.99857873;0.0
2263;40.01101056;21.99857139;0.0
2264;41.01128448;21.99856374;0.0
2265;42.01155832;21.99855577;0.0
2266;43.01183207;21.99854747;0.0
2267;44.01210573;21.99853884;0.0
2268;45.01237931;21.99852985;0.0
2269;46.01265281;21.99852049;0.0
2270;47.01292622;21.99851077;0.0
2271;48.01319955;21.99850065;0.0
2272;49.01347280;21.99849012;0.0
2273;50.01374597;21.99847918;0.0
2274;51.01401906;21.99846780;0.0
2275;52.01429207;21.99845597;0.0
2276;53.01456500;21.99844367;0.0
2277;54.01483787;21.99843088;0.0
2278;55.01511066;21.99841759;0.0
2279;56.01538338;21.99840377;0.0
2280;57.01565604;21.99838941;0.0
2281;58.01592864;21.99837448;0.0
2282;59.01620118;21.99835896;0.0
2283;60.01647367;21.99834282;0.0
2284;61.01674611;21.99832605;0.0
2285;62.01701850;21.99830861;0.0
2286;63.01729086;21.99829047;0.0
2287;64.01756318;21.99827161;0.0
2288;65.01783547;21.99825200;0.0
2289;66.01810774;21.99823159;0.0
2290;67.01838000;21.99821036;0.0
2291;68.01865225;21.99818827;0.0
2292;69.01892450;21.99816528;0.0
2293;70.01919677;21.99814135;0.0
2294;71.01946904;21.99811642;0.0
2295;72.01974135;21.99809047;0.0
2296;73.02001370;21.99806342;0.0
2297;74.02028609;21.99803524;0.0
2298;75.02055854;21.99800586;0.0
2299;76.02083107;21.99797522;0.0
2300;77.02110367;21.99794326;0.0
2301;78.02137638;21.99790990;0.0
2302;79.02164919;21.99787507;0.0
2303;80.02192213;21.99783870;0.0
2304;81.02219520;21.99780068;0.0
2305;82.02246843;21.99776094;0.0
2306;83.02274183;21.99771938;0.0
2307;84.02301542;21.99767588;0.0
2308;85.02328921;21.99763033;0.0
2309;86.02356321;21.99758261;0.0
2310;87.02383745;21.99753258;0.0
2311;88.02411194;21.99748011;0.0
2312;89.02438670;21.99742504;0.0
2313;90.02466174;21.99736721;0.0
2314;91.02493708;21.99730644;0.0
2315;92.02521274;21.99724256;0.0
2316;93.02548871;21.99717535;0.0
2317;94.02576503;21.99710461;0.0
2318;95.02604168;21.99703013;0.0
2319;96.02631868;21.99695166;0.0
2320;97.02659603;21.99686898;0.0
2321;98.02687373;21.99678181;0.0
2322;99.02715176;21.99668993;0.0
2323;100.02743013;21.99659305;0.0
2324;0.00000000;22.99863618;0.0
2325;1.00027674;22.99863610;0.0
2326;2.00055348;22.99863588;0.0
2327;3.00083021;22.99863552;0.0
2328;4.00110693;22.99863502;0.0
2329;5.00138364;22.99863438;0.0
2330;6.00166034;22.99863360;0.0
2331;7.00193702;22.99863268;0.0
2332;8.00221368;22.99863162;0.0
2333;9.00249032;22.99863041;0.0
2334;10.00276694;22.99862905;0.0
2335;11.00304353;22.99862754;0.0
2336;12.00332008;22.99862588;0.0
2337;13.00359661;22.99862407;0.0
2338;14.00387310;22.99862211;0.0
2339;15.00414956;22.99861998;0.0
2340;16.00442597;22.99861770;0.0
2341;17.00470235;22.99861525;0.0
2342;18.00497868;22.99861263;0.0
2343;19.00525496;22.99860984;0.0
2344;20.00553119;22.99860687;0.0
2345;21.00580737;22.99860373;0.0
2346;22.00608350;22.99860040;0.0
2347;23.00635957;22.99859688;0.0
2348;24.00663559;22.99859317;0.0
2349;25.00691154;22.99858926;0.0
2350;26.00718744;22.99858514;0.0
2351;27.00746327;22.99858082;0.0
2352;28.00773903;22.99857628;0.0
2353;29.00801473;22.99857152;0.0
2354;30.00829036;22.99856654;0.0
2355;31.00856593;22.99856132;0.0
2356;32.00884142;22.99855585;0.0
2357;33.00911683;22.99855014;0.0
2358;34.00939218;22.99854417;0.0
2359;35.00966745;22.99853794;0.0
2360;36.00994265;22.99853143;0.0
2361;37.01021777;22.99852464;0.0
2362;38.01049281;22.99851756;0.0
2363;39.01076778;22.99851018;0.0
2364;40.01104266;22.99850248;0.0
2365;41.01131747;22.99849447;0.0
2366;42.01159221;22.99848612;0.0
2367;43.01186686;22.99847743;0.0
2368;44.01214144;22.99846839;0.0
2369;45.01241594;22.99845898;0.0
2370;46.01269036;22.99844918;0.0
2371;47.01296471;22.99843900;0.0
2372;48.01323898;22.99842840;0.0
2373;49.01351318;22.99841738;0.0
2374;50.01378731;22.99840592;0.0
2375;51.01406137;22.99839401;0.0
2376;52.01433536;22.99838163;0.0
2377;53.01460928;22.99836875;0.0
2378;54.01488314;22.99835537;0.0
2379;55.01515694;22.99834146;0.0
2380;56.01543068;22.99832700;0.0
2381;57.01570436;22.99831198;0.0
2382;58.01597800;22.99829636;0.0
2383;59.01625158;22.99828012;0.0
2384;60.01652513;22.99826324;0.0
2385;61.01679863;22.99824570;0.0
2386;62.01707210;22.99822746;0.0
2387;63.01734554;22.99820850;0.0
2388;64.01761896;22.99818879;0.0
2389;65.01789237;22.99816828;0.0
2390;66.01816576;22.99814696;0.0
2391;67.01843915;22.99812477;0.0
2392;68.01871255;22.99810170;0.0
2393;69.01898595;22.99807768;0.0
2394;70.01925938;22.99805269;0.0
2395;71.01953284;22.99802666;0.0
2396;72.01980634;22.99799957;0.0
2397;73.02007988;22.99797135;0.0
2398;74.02035349;22.99794194;0.0
2399;75.02062716;22.99791130;0.0
2400;76.02090092;22.99787935;0.0
2401;77.02117477;22.99784604;0.0
2402;78.02144873;22.99781128;0.0
2403;79.02172280;22.99777501;0.0
2404;80.02199701;22.99773714;0.0
2405;81.02227137;22.99769758;0.0
2406;82.02254589;22.99765624;0.0
2407;83.02282058;22.99761303;0.0
2408;84.02309547;22.99756783;0.0
2409;85.02337056;22.99752053;0.0
2410;86.02364587;22.99747101;0.0
2411;87.02392142;22.99741913;0.0
2412;88.02419723;22.99736476;0.0
2413;89.02447330;22.99730774;0.0
2414;90.02474965;22.99724792;0.0
2415;91.02502630;22.99718512;0.0
2416;92.02530325;22.99711916;0.0
2417;93.02558053;22.99704985;0.0
2418;94.02585812;22.99697699;0.0
2419;95.02613605;22.99690036;0.0
2420;96.02641432;22.99681974;0.0
2421;97.02669292;22.99673490;0.0
2422;98.02697185;22.99664560;0.0
2423;99.02725111;22.99655160;0.0
2424;100.02753069;22.99645264;0.0
2425;0.00000000;23.99857291;0.0
2426;1.00027753;23.99857283;0.0
2427;2.00055505;23.99857260;0.0
2428;3.00083257;23.99857222;0.0
2429;4.00111008;23.99857170;0.0
2430;5.00138759;23.99857103;0.0
2431;6.00166507;23.99857022;0.0
2432;7.00194255;23.99856925;0.0
2433;8.00222000;23.99856814;0.0
2434;9.00249744;23.99856687;0.0
2435;10.00277485;23.99856545;0.0
2436;11.00305223;23.99856388;0.0
2437;12.00332959;23.99856214;0.0
2438;13.00360692;23.99856025;0.0
2439;14.00388421;23.99855819;0.0
2440;15.00416147;23.99855597;0.0
2441;16.00443869;23.99855358;0.0
2442;17.00471587;23.99855102;0.0
2443;18.00499301;23.99854828;0.0
2444;19.00527011;23.99854536;0.0
2445;20.00554716;23.99854226;0.0
2446;21.00582416;23.99853897;0.0
2447;22.00610111;23.99853548;0.0
2448;23.00637801;23.99853180;0.0
2449;24.00665486;23.99852792;0.0
2450;25.00693165;23.99852383;0.0
2451;26.00720838;23.99851953;0.0
2452;27.00748505;23.99851501;0.0
2453;28.00776166;23.99851026;0.0
2454;29.00803821;23.99850529;0.0
2455;30.00831470;23.99850007;0.0
2456;31.00859112;23.99849461;0.0
2457;32.00886748;23.99848890;0.0
2458;33.00914377;23.99848292;0.0
2459;34.00941999;23.99847668;0.0
2460;35.00969614;23.99847016;0.0
2461;36.00997222;23.99846336;0.0
2462;37.01024823;23.99845626;0.0
2463;38.01052417;23.99844886;0.0
2464;39.01080004;23.99844114;0.0
2465;40.01107584;23.99843310;0.0
2466;41.01135157;23.99842472;0.0
2467;42.01162723;23.99841600;0.0
2468;43.01190281;23.99840692;0.0
2469;44.01217833;23.99839746;0.0
2470;45.01245378;23.99838763;0.0
2471;46.01272915;23.99837739;0.0
2472;47.01300446;23.99836674;0.0
2473;48.01327970;23.99835567;0.0
2474;49.01355488;23.99834416;0.0
2475;50.01383000;23.99833219;0.0
2476;51.01410505;23.99831974;0.0
2477;52.01438004;23.99830681;0.0
2478;53.01465497;23.99829336;0.0
2479;54.01492985;23.99827938;0.0
2480;55.01520468;23.99826485;0.0
2481;56.01547946;23.99824976;0.0
2482;57.01575420;23.99823407;0.0
2483;58.01602889;23.99821776;0.0
2484;59.01630355;23.99820081;0.0
2485;60.01657817;23.99818320;0.0
2486;61.01685276;23.99816489;0.0
2487;62.01712733;23.99814586;0.0
2488;63.01740189;23.99812607;0.0
2489;64.01767643;23.99810550;0.0
2490;65.01795096;23.99808412;0.0
2491;66.01822550;23.99806188;0.0
2492;67.01850004;23.99803875;0.0
2493;68.01877460;23.99801469;0.0
2494;69.01904918;23.99798966;0.0
2495;70.01932380;23.99796361;0.0
2496;71.01959845;23.99793650;0.0
2497;72.01987316;23.99790828;0.0
2498;73.02014792;23.99787889;0.0
2499;74.02042275;23.99784829;0.0
2500;75.02069766;23.99781640;0.0
2501;76.02097267;23.99778316;0.0
2502;77.02124778;23.99774851;0.0
2503;78.02152300;23.99771238;0.0
2504;79.02179835;23.99767468;0.0
2505;80.02207384;23.99763534;0.0
2506;81.02234949;23.99759427;0.0
2507;82.02262530;23.99755137;0.0
2508;83.02290129;23.99750654;0.0
2509;84.02317749;23.99745968;0.0
2510;85.02345389;23.99741067;0.0
2511;86.02373052;23.99735939;0.0
2512;87.02400738;23.99730572;0.0
2513;88.02428450;23.99724950;0.0
2514;89.02456189;23.99719059;0.0
2515;90.02483955;23.99712884;0.0
2516;91.02511751;23.99706407;0.0
2517;92.02539576;23.99699612;0.0
2518;93.02567433;23.99692478;0.0
2519;94.02595321;23.99684988;0.0
2520;95.02623242;23.99677119;0.0
2521;96.02651195;23.99668851;0.0
2522;97.02679180;23.99660161;0.0
2523;98.02707197;23.99651027;0.0
2524;99.02735246;23.99641426;0.0
2525;100.02763324;23.99631333;0.0
2526;0.00000000;24.99850916;0.0
2527;1.00027834;24.99850907;0.0
2528;2.00055668;24.99850883;0.0
2529;3.00083502;24.99850844;0.0
2530;4.00111334;24.99850790;0.0
2531;5.00139166;24.99850720;0.0
2532;6.00166997;24.99850635;0.0
2533;7.00194826;24.99850534;0.0
2534;8.00222653;24.99850418;0.0
2535;9.00250478;24.99850286;0.0
2536;10.00278302;24.99850138;0.0
2537;11.00306123;24.99849973;0.0
2538;12.00333941;24.99849792;0.0
2539;13.00361756;24.99849594;0.0
2540;14.00389568;24.99849380;0.0
2541;15.00417377;24.99849148;0.0
2542;16.00445183;24.99848898;0.0
2543;17.00472984;24.99848630;0.0
2544;18.00500782;24.99848344;0.0
2545;19.00528576;24.99848039;0.0
2546;20.00556365;24.99847716;0.0
2547;21.00584150;24.99847372;0.0
2548;22.00611930;24.99847008;0.0
2549;23.00639705;24.99846624;0.0
2550;24.00667475;24.99846219;0.0
2551;25.00695240;24.99845792;0.0
2552;26.00723000;24.99845343;0.0
2553;27.00750754;24.99844871;0.0
2554;28.00778502;24.99844376;0.0
2555;29.00806245;24.99843856;0.0
2556;30.00833982;24.99843312;0.0
2557;31.00861713;24.99842742;0.0
2558;32.00889437;24.99842145;0.0
2559;33.00917156;24.99841522;0.0
2560;34.00944868;24.99840870;0.0
2561;35.00972574;24.99840190;0.0
2562;36.01000273;24.99839480;0.0
2563;37.01027966;24.99838739;0.0
2564;38.01055653;24.99837966;0.0
2565;39.01083333;24.99837161;0.0
2566;40.01111006;24.99836322;0.0
2567;41.01138674;24.99835448;0.0
2568;42.01166334;24.99834538;0.0
2569;43.01193988;24.99833590;0.0
2570;44.01221636;24.99832604;0.0
2571;45.01249278;24.99831578;0.0
2572;46.01276914;24.99830510;0.0
2573;47.01304543;24.99829400;0.0
2574;48.01332167;24.99828245;0.0
2575;49.01359785;24.99827044;0.0
2576;50.01387397;24.99825796;0.0
2577;51.01415004;24.99824498;0.0
2578;52.01442606;24.99823149;0.0
2579;53.01470203;24.99821747;0.0
2580;54.01497796;24.99820290;0.0
2581;55.01525384;24.99818776;0.0
2582;56.01552968;24.99817203;0.0
2583;57.01580549;24.99815567;0.0
2584;58.01608127;24.99813868;0.0
2585;59.01635701;24.99812102;0.0
2586;60.01663274;24.99810267;0.0
2587;61.01690844;24.99808360;0.0
2588;62.01718413;24.99806378;0.0
2589;63.01745982;24.99804318;0.0
2590;64.01773550;24.99802176;0.0
2591;65.01801119;24.99799950;0.0
2592;66.01828688;24.99797636;0.0
2593;67.01856260;24.99795229;0.0
2594;68.01883834;24.99792726;0.0
2595;69.01911412;24.99790122;0.0
2596;70.01938993;24.99787413;0.0
2597;71.01966580;24.99784595;0.0
2598;72.01994173;24.99781661;0.0
2599;73.02021772;24.99778607;0.0
2600;74.02049379;24.99775427;0.0
2601;75.02076996;24.99772115;0.0
2602;76.02104622;24.99768664;0.0
2603;77.02132260;24.99765068;0.0
2604;78.02159910;24.99761319;0.0
2605;79.02187573;24.99757410;0.0
2606;80.02215251;24.99753332;0.0
2607;81.02242946;24.99749076;0.0
2608;82.02270657;24.99744632;0.0
2609;83.02298388;24.99739992;0.0
2610;84.02326138;24.99735144;0.0
2611;85.02353910;24.99730077;0.0
2612;86.02381704;24.99724778;0.0
2613;87.02409523;24.99719235;0.0
2614;88.02437367;24.99713434;0.0
2615;89.02465237;24.99707360;0.0
2616;90.02493134;24.99700999;0.0
2617;91.02521061;24.99694332;0.0
2618;92.02549017;24.99687344;0.0
2619;93.02577003;24.99680016;0.0
2620;94.02605020;24.99672329;0.0
2621;95.02633068;24.99664263;0.0
2622;96.02661148;24.99655798;0.0
2623;97.02689258;24.99646912;0.0
2624;98.02717399;24.99637583;0.0
2625;99.02745570;24.99627790;0.0
2626;100.02773770;24.99617509;0.0
2627;0.00000000;25.99844491;0.0
2628;1.00027918;25.99844482;0.0
2629;2.00055836;25.99844457;0.0
2630;3.00083754;25.99844417;0.0
2631;4.00111671;25.99844360;0.0
2632;5.00139586;25.99844288;0.0
2633;6.00167501;25.99844199;0.0
2634;7.00195414;25.99844094;0.0
2635;8.00223326;25.99843973;0.0
2636;9.00251236;25.99843835;0.0
2637;10.00279144;25.99843680;0.0
2638;11.00307050;25.99843509;0.0
2639;12.00334953;25.99843320;0.0
2640;13.00362853;25.99843114;0.0
2641;14.00390751;25.99842890;0.0
2642;15.00418645;25.99842648;0.0
2643;16.00446537;25.99842388;0.0
2644;17.00474424;25.99842109;0.0
2645;18.00502308;25.99841811;0.0
2646;19.00530189;25.99841493;0.0
2647;20.00558065;25.99841156;0.0
2648;21.00585937;25.99840798;0.0
2649;22.00613804;25.99840419;0.0
2650;23.00641667;25.99840018;0.0
2651;24.00669526;25.99839596;0.0
2652;25.00697379;25.99839151;0.0
2653;26.00725228;25.99838683;0.0
2654;27.00753071;25.99838191;0.0
2655;28.00780909;25.99837675;0.0
2656;29.00808742;25.99837133;0.0
2657;30.00836570;25.99836566;0.0
2658;31.00864391;25.99835972;0.0
2659;32.00892208;25.99835350;0.0
2660;33.00920018;25.99834701;0.0
2661;34.00947823;25.99834022;0.0
2662;35.00975622;25.99833313;0.0
2663;36.01003415;25.99832573;0.0
2664;37.01031202;25.99831802;0.0
2665;38.01058984;25.99830997;0.0
2666;39.01086759;25.99830158;0.0
2667;40.01114529;25.99829284;0.0
2668;41.01142293;25.99828373;0.0
2669;42.01170051;25.99827425;0.0
2670;43.01197803;25.99826438;0.0
2671;44.01225550;25.99825411;0.0
2672;45.01253291;25.99824343;0.0
2673;46.01281027;25.99823231;0.0
2674;47.01308758;25.99822075;0.0
2675;48.01336483;25.99820873;0.0
2676;49.01364204;25.99819623;0.0
2677;50.01391920;25.99818323;0.0
2678;51.01419631;25.99816972;0.0
2679;52.01447338;25.99815568;0.0
2680;53.01475041;25.99814109;0.0
2681;54.01502740;25.99812593;0.0
2682;55.01530436;25.99811018;0.0
2683;56.01558128;25.99809380;0.0
2684;57.01585819;25.99807679;0.0
2685;58.01613506;25.99805912;0.0
2686;59.01641192;25.99804075;0.0
2687;60.01668877;25.99802167;0.0
2688;61.01696560;25.99800184;0.0
2689;62.01724244;25.99798124;0.0
2690;63.01751927;25.99795982;0.0
2691;64.01779612;25.99793757;0.0
2692;65.01807297;25.99791443;0.0
2693;66.01834985;25.99789039;0.0
2694;67.01862675;25.99786539;0.0
2695;68.01890369;25.99783939;0.0
2696;69.01918068;25.99781236;0.0
2697;70.01945771;25.99778424;0.0
2698;71.01973481;25.99775499;0.0
2699;72.02001197;25.99772456;0.0
2700;73.02028921;25.99769288;0.0
2701;74.02056654;25.99765991;0.0
2702;75.02084396;25.99762557;0.0
2703;76.02112150;25.99758982;0.0
2704;77.02139915;25.99755256;0.0
2705;78.02167694;25.99751374;0.0
2706;79.02195487;25.99747328;0.0
2707;80.02223295;25.99743108;0.0
2708;81.02251120;25.99738706;0.0
2709;82.02278962;25.99734113;0.0
2710;83.02306824;25.99729319;0.0
2711;84.02334706;25.99724313;0.0
2712;85.02362610;25.99719083;0.0
2713;86.02390536;25.99713618;0.0
2714;87.02418487;25.99707905;0.0
2715;88.02446463;25.99701930;0.0
2716;89.02474464;25.99695679;0.0
2717;90.02502494;25.99689137;0.0
2718;91.02530551;25.99682288;0.0
2719;92.02558637;25.99675114;0.0
2720;93.02586753;25.99667599;0.0
2721;94.02614898;25.99659723;0.0
2722;95.02643074;25.99651469;0.0
2723;96.02671280;25.99642814;0.0
2724;97.02699516;25.99633741;0.0
2725;98.02727782;25.99624226;0.0
2726;99.02756075;25.99614250;0.0
2727;100.02784397;25.99603790;0.0
2728;0.00000000;26.99838016;0.0
2729;1.00028005;26.99838007;0.0
2730;2.00056009;26.99837981;0.0
2731;3.00084013;26.99837939;0.0
2732;4.00112016;26.99837880;0.0
2733;5.00140019;26.99837804;0.0
2734;6.00168020;26.99837712;0.0
2735;7.00196020;26.99837603;0.0
2736;8.00224019;26.99837477;0.0
2737;9.00252016;26.99837333;0.0
2738;10.00280011;26.99837172;0.0
2739;11.00308004;26.99836994;0.0
2740;12.00335994;26.99836798;0.0
2741;13.00363982;26.99836583;0.0
2742;14.00391968;26.99836350;0.0
2743;15.00419950;26.99836098;0.0
2744;16.00447930;26.99835827;0.0
2745;17.00475906;26.99835537;0.0
2746;18.00503879;26.99835227;0.0
2747;19.00531848;26.99834896;0.0
2748;20.00559813;26.99834545;0.0
2749;21.00587775;26.99834172;0.0
2750;22.00615732;26.99833778;0.0
2751;23.00643686;26.99833361;0.0
2752;24.00671635;26.99832922;0.0
2753;25.00699579;26.99832459;0.0
2754;26.00727519;26.99831972;0.0
2755;27.00755454;26.99831460;0.0
2756;28.00783385;26.99830922;0.0
2757;29.00811310;26.99830359;0.0
2758;30.00839230;26.99829769;0.0
2759;31.00867146;26.99829151;0.0
2760;32.00895056;26.99828504;0.0
2761;33.00922961;26.99827828;0.0
2762;34.00950861;26.99827122;0.0
2763;35.00978756;26.99826385;0.0
2764;36.01006645;26.99825615;0.0
2765;37.01034529;26.99824812;0.0
2766;38.01062407;26.99823975;0.0
2767;39.01090281;26.99823103;0.0
2768;40.01118149;26.99822194;0.0
2769;41.01146012;26.99821247;0.0
2770;42.01173870;26.99820261;0.0
2771;43.01201723;26.99819235;0.0
2772;44.01229570;26.99818167;0.0
2773;45.01257413;26.99817056;0.0
2774;46.01285252;26.99815901;0.0
2775;47.01313086;26.99814699;0.0
2776;48.01340915;26.99813449;0.0
2777;49.01368740;26.99812150;0.0
2778;50.01396562;26.99810799;0.0
2779;51.01424379;26.99809395;0.0
2780;52.01452193;26.99807937;0.0
2781;53.01480004;26.99806421;0.0
2782;54.01507812;26.99804845;0.0
2783;55.01535618;26.99803209;0.0
2784;56.01563421;26.99801508;0.0
2785;57.01591223;26.99799742;0.0
2786;58.01619023;26.99797906;0.0
2787;59.01646822;26.99796000;0.0
2788;60.01674620;26.99794019;0.0
2789;61.01702419;26.99791960;0.0
2790;62.01730218;26.99789822;0.0
2791;63.01758019;26.99787600;0.0
2792;64.01785821;26.99785291;0.0
2793;65.01813625;26.99782891;0.0
2794;66.01841432;26.99780398;0.0
2795;67.01869243;26.99777805;0.0
2796;68.01897059;26.99775111;0.0
2797;69.01924880;26.99772309;0.0
2798;70.01952706;26.99769395;0.0
2799;71.01980540;26.99766365;0.0
2800;72.02008381;26.99763213;0.0
2801;73.02036231;26.99759933;0.0
2802;74.02064090;26.99756520;0.0
2803;75.02091960;26.99752967;0.0
2804;76.02119842;26.99749268;0.0
2805;77.02147736;26.99745416;0.0
2806;78.02175644;26.99741403;0.0
2807;79.02203567;26.99737222;0.0
2808;80.02231506;26.99732864;0.0
2809;81.02259462;26.99728319;0.0
2810;82.02287436;26.99723580;0.0
2811;83.02315430;26.99718635;0.0
2812;84.02343444;26.99713475;0.0
2813;85.02371480;26.99708087;0.0
2814;86.02399539;26.99702461;0.0
2815;87.02427622;26.99696583;0.0
2816;88.02455729;26.99690439;0.0
2817;89.02483863;26.99684017;0.0
2818;90.02512024;26.99677301;0.0
2819;91.02540212;26.99670274;0.0
2820;92.02568428;26.99662922;0.0
2821;93.02596674;26.99655227;0.0
2822;94.02624948;26.99647171;0.0
2823;95.02653252;26.99638735;0.0
2824;96.02681584;26.99629900;0.0
2825;97.02709946;26.99620647;0.0
2826;98.02738335;26.99610955;0.0
2827;99.02766752;26.99600805;0.0
2828;100.02795195;26.99590175;0.0
2829;0.00000000;27.99831488;0.0
2830;1.00028093;27.99831479;0.0
2831;2.00056187;27.99831452;0.0
2832;3.00084280;27.99831408;0.0
2833;4.00112372;27.99831347;0.0
2834;5.00140463;27.99831269;0.0
2835;6.00168554;27.99831173;0.0
2836;7.00196643;27.99831059;0.0
2837;8.00224731;27.99830928;0.0
2838;9.00252817;27.99830779;0.0
2839;10.00280901;27.99830612;0.0
2840;11.00308984;27.99830427;0.0
2841;12.00337064;27.99830223;0.0
2842;13.00365142;27.99830000;0.0
2843;14.00393218;27.99829758;0.0
2844;15.00421291;27.99829496;0.0
2845;16.00449361;27.99829214;0.0
2846;17.00477428;27.99828913;0.0
2847;18.00505492;27.99828590;0.0
2848;19.00533552;27.99828247;0.0
2849;20.00561609;27.99827882;0.0
2850;21.00589663;27.99827494;0.0
2851;22.00617713;27.99827085;0.0
2852;23.00645759;27.99826652;0.0
2853;24.00673800;27.99826195;0.0
2854;25.00701838;27.99825714;0.0
2855;26.00729872;27.99825208;0.0
2856;27.00757901;27.99824676;0.0
2857;28.00785926;27.99824118;0.0
2858;29.00813946;27.99823532;0.0
2859;30.00841962;27.99822919;0.0
2860;31.00869973;27.99822277;0.0
2861;32.00897980;27.99821605;0.0
2862;33.00925982;27.99820903;0.0
2863;34.00953979;27.99820170;0.0
2864;35.00981971;27.99819404;0.0
2865;36.01009959;27.99818605;0.0
2866;37.01037942;27.99817771;0.0
2867;38.01065920;27.99816902;0.0
2868;39.01093893;27.99815995;0.0
2869;40.01121862;27.99815052;0.0
2870;41.01149827;27.99814068;0.0
2871;42.01177786;27.99813045;0.0
2872;43.01205742;27.99811979;0.0
2873;44.01233693;27.99810871;0.0
2874;45.01261640;27.99809717;0.0
2875;46.01289583;27.99808518;0.0
2876;47.01317522;27.99807270;0.0
2877;48.01345458;27.99805973;0.0
2878;49.01373390;27.99804625;0.0
2879;50.01401319;27.99803223;0.0
2880;51.01429245;27.99801767;0.0
2881;52.01457168;27.99800254;0.0
2882;53.01485089;27.99798681;0.0
2883;54.01513008;27.99797047;0.0
2884;55.01540925;27.99795350;0.0
2885;56.01568841;27.99793586;0.0
2886;57.01596756;27.99791754;0.0
2887;58.01624670;27.99789852;0.0
2888;59.01652584;27.99787875;0.0
2889;60.01680499;27.99785822;0.0
2890;61.01708414;27.99783689;0.0
2891;62.01736331;27.99781473;0.0
2892;63.01764250;27.99779171;0.0
2893;64.01792171;27.99776779;0.0
2894;65.01820096;27.99774294;0.0
2895;66.01848024;27.99771712;0.0
2896;67.01875957;27.99769028;0.0
2897;68.01903896;27.99766239;0.0
2898;69.01931840;27.99763340;0.0
2899;70.01959791;27.99760326;0.0
2900;71.01987750;27.99757192;0.0
2901;72.02015717;27.99753932;0.0
2902;73.02043694;27.99750542;0.0
2903;74.02071681;27.99747015;0.0
2904;75.02099680;27.99743345;0.0
2905;76.02127691;27.99739525;0.0
2906;77.02155715;27.99735548;0.0
2907;78.02183753;27.99731407;0.0
2908;79.02211807;27.99727094;0.0
2909;80.02239877;27.99722600;0.0
2910;81.02267964;27.99717916;0.0
2911;82.02296071;27.99713034;0.0
2912;83.02324197;27.99707943;0.0
2913;84.02352343;27.99702632;0.0
2914;85.02380512;27.99697091;0.0
2915;86.02408703;27.99691307;0.0
2916;87.02436919;27.99685269;0.0
2917;88.02465159;27.99678962;0.0
2918;89.02493424;27.99672374;0.0
2919;90.02521716;27.99665489;0.0
2920;91.02550036;27.99658293;0.0
2921;92.02578382;27.99650769;0.0
2922;93.02606757;27.99642901;0.0
2923;94.02635160;27.99634671;0.0
2924;95.02663592;27.99626061;0.0
2925;96.02692051;27.99617054;0.0
2926;97.02720538;27.99607630;0.0
2927;98.02749052;27.99597769;0.0
2928;99.02777592;27.99587453;0.0
2929;100.02806157;27.99576661;0.0
2930;0.00000000;28.99824907;0.0
2931;1.00028185;28.99824897;0.0
2932;2.00056369;28.99824870;0.0
2933;3.00084553;28.99824824;0.0
2934;4.00112736;28.99824761;0.0
2935;5.00140919;28.99824680;0.0
2936;6.00169101;28.99824580;0.0
2937;7.00197281;28.99824462;0.0
2938;8.00225461;28.99824326;0.0
2939;9.00253639;28.99824172;0.0
2940;10.00281815;28.99823998;0.0
2941;11.00309989;28.99823806;0.0
2942;12.00338162;28.99823594;0.0
2943;13.00366332;28.99823363;0.0
2944;14.00394500;28.99823111;0.0
2945;15.00422666;28.99822840;0.0
2946;16.00450829;28.99822548;0.0
2947;17.00478989;28.99822235;0.0
2948;18.00507146;28.99821900;0.0
2949;19.00535300;28.99821544;0.0
2950;20.00563451;28.99821165;0.0
2951;21.00591599;28.99820763;0.0
2952;22.00619743;28.99820337;0.0
2953;23.00647884;28.99819888;0.0
2954;24.00676021;28.99819414;0.0
2955;25.00704154;28.99818915;0.0
2956;26.00732284;28.99818390;0.0
2957;27.00760409;28.99817838;0.0
2958;28.00788531;28.99817259;0.0
2959;29.00816649;28.99816652;0.0
2960;30.00844762;28.99816016;0.0
2961;31.00872871;28.99815349;0.0
2962;32.00900976;28.99814653;0.0
2963;33.00929077;28.99813925;0.0
2964;34.00957174;28.99813164;0.0
2965;35.00985266;28.99812369;0.0
2966;36.01013354;28.99811540;0.0
2967;37.01041438;28.99810676;0.0
2968;38.01069518;28.99809774;0.0
2969;39.01097594;28.99808834;0.0
2970;40.01125666;28.99807856;0.0
2971;41.01153733;28.99806836;0.0
2972;42.01181797;28.99805775;0.0
2973;43.01209857;28.99804670;0.0
2974;44.01237914;28.99803521;0.0
2975;45.01265967;28.99802325;0.0
2976;46.01294017;28.99801082;0.0
2977;47.01322063;28.99799789;0.0
2978;48.01350107;28.99798445;0.0
2979;49.01378148;28.99797048;0.0
2980;50.01406187;28.99795596;0.0
2981;51.01434223;28.99794087;0.0
2982;52.01462257;28.99792519;0.0
2983;53.01490290;28.99790890;0.0
2984;54.01518322;28.99789197;0.0
2985;55.01546352;28.99787439;0.0
2986;56.01574382;28.99785613;0.0
2987;57.01602412;28.99783717;0.0
2988;58.01630442;28.99781747;0.0
2989;59.01658473;28.99779701;0.0
2990;60.01686505;28.99777576;0.0
2991;61.01714539;28.99775369;0.0
2992;62.01742575;28.99773076;0.0
2993;63.01770614;28.99770695;0.0
2994;64.01798657;28.99768221;0.0
2995;65.01826703;28.99765652;0.0
2996;66.01854754;28.99762982;0.0
2997;67.01882810;28.99760208;0.0
2998;68.01910873;28.99757326;0.0
2999;69.01938942;28.99754330;0.0
3000;70.01967019;28.99751217;0.0
3001;71.01995105;28.99747980;0.0
3002;72.02023199;28.99744616;0.0
3003;73.02051304;28.99741116;0.0
3004;74.02079420;28.99737477;0.0
3005;75.02107548;28.99733692;0.0
3006;76.02135688;28.99729753;0.0
3007;77.02163843;28.99725654;0.0
3008;78.02192012;28.99721387;0.0
3009;79.02220197;28.99716944;0.0
3010;80.02248399;28.99712317;0.0
3011;81.02276619;28.99707498;0.0
3012;82.02304858;28.99702476;0.0
3013;83.02333116;28.99697242;0.0
3014;84.02361396;28.99691785;0.0
3015;85.02389697;28.99686094;0.0
3016;86.02418021;28.99680158;0.0
3017;87.02446369;28.99673964;0.0
3018;88.02474742;28.99667500;0.0
3019;89.02503140;28.99660751;0.0
3020;90.02531563;28.99653704;0.0
3021;91.02560013;28.99646344;0.0
3022;92.02588491;28.99638655;0.0
3023;93.02616995;28.99630620;0.0
3024;94.02645527;28.99622224;0.0
3025;95.02674086;28.99613448;0.0
3026;96.02702672;28.99604276;0.0
3027;97.02731285;28.99594688;0.0
3028;98.02759924;28.99584667;0.0
3029;99.02788587;28.99574193;0.0
3030;100.02817275;28.99563247;0.0
3031;0.00000000;29.99818272;0.0
3032;1.00028278;29.99818261;0.0
3033;2.00056556;29.99818233;0.0
3034;3.00084833;29.99818186;0.0
3035;4.00113110;29.99818120;0.0
3036;5.00141386;29.99818036;0.0
3037;6.00169661;29.99817933;0.0
3038;7.00197935;29.99817811;0.0
3039;8.00226209;29.99817670;0.0
3040;9.00254480;29.99817509;0.0
3041;10.00282751;29.99817330;0.0
3042;11.00311019;29.99817130;0.0
3043;12.00339286;29.99816911;0.0
3044;13.00367551;29.99816671;0.0
3045;14.00395813;29.99816411;0.0
3046;15.00424074;29.99816129;0.0
3047;16.00452332;29.99815826;0.0
3048;17.00480587;29.99815502;0.0
3049;18.00508840;29.99815155;0.0
3050;19.00537090;29.99814785;0.0
3051;20.00565337;29.99814393;0.0
3052;21.00593581;29.99813976;0.0
3053;22.00621822;29.99813536;0.0
3054;23.00650060;29.99813070;0.0
3055;24.00678294;29.99812579;0.0
3056;25.00706525;29.99812062;0.0
3057;26.00734753;29.99811517;0.0
3058;27.00762977;29.99810946;0.0
3059;28.00791198;29.99810346;0.0
3060;29.00819414;29.99809716;0.0
3061;30.00847628;29.99809057;0.0
3062;31.00875837;29.99808367;0.0
3063;32.00904043;29.99807645;0.0
3064;33.00932245;29.99806891;0.0
3065;34.00960443;29.99806103;0.0
3066;35.00988637;29.99805280;0.0
3067;36.01016828;29.99804421;0.0
3068;37.01045015;29.99803526;0.0
3069;38.01073199;29.99802592;0.0
3070;39.01101379;29.99801619;0.0
3071;40.01129556;29.99800605;0.0
3072;41.01157729;29.99799550;0.0
3073;42.01185899;29.99798451;0.0
3074;43.01214066;29.99797307;0.0
3075;44.01242230;29.99796117;0.0
3076;45.01270391;29.99794880;0.0
3077;46.01298549;29.99793593;0.0
3078;47.01326705;29.99792254;0.0
3079;48.01354859;29.99790863;0.0
3080;49.01383011;29.99789417;0.0
3081;50.01411161;29.99787915;0.0
3082;51.01439309;29.99786353;0.0
3083;52.01467456;29.99784731;0.0
3084;53.01495603;29.99783046;0.0
3085;54.01523749;29.99781296;0.0
3086;55.01551895;29.99779478;0.0
3087;56.01580041;29.99777590;0.0
3088;57.01608187;29.99775629;0.0
3089;58.01636335;29.99773592;0.0
3090;59.01664484;29.99771477;0.0
3091;60.01692635;29.99769281;0.0
3092;61.01720789;29.99767000;0.0
3093;62.01748946;29.99764632;0.0
3094;63.01777106;29.99762172;0.0
3095;64.01805271;29.99759617;0.0
3096;65.01833440;29.99756964;0.0
3097;66.01861615;29.99754208;0.0
3098;67.01889796;29.99751345;0.0
3099;68.01917984;29.99748370;0.0
3100;69.01946180;29.99745280;0.0
3101;70.01974384;29.99742069;0.0
3102;71.02002596;29.99738731;0.0
3103;72.02030819;29.99735262;0.0
3104;73.02059053;29.99731656;0.0
3105;74.02087298;29.99727907;0.0
3106;75.02115556;29.99724008;0.0
3107;76.02143828;29.99719952;0.0
3108;77.02172113;29.99715733;0.0
3109;78.02200414;29.99711343;0.0
3110;79.02228731;29.99706774;0.0
3111;80.02257066;29.99702018;0.0
3112;81.02285418;29.99697065;0.0
3113;82.02313790;29.99691907;0.0
3114;83.02342181;29.99686534;0.0
3115;84.02370594;29.99680934;0.0
3116;85.02399028;29.99675099;0.0
3117;86.02427486;29.99669015;0.0
3118;87.02455966;29.99662671;0.0
3119;88.02484471;29.99656053;0.0
3120;89.02513001;29.99649150;0.0
3121;90.02541557;29.99641946;0.0
3122;91.02570138;29.99634428;0.0
3123;92.02598745;29.99626580;0.0
3124;93.02627380;29.99618386;0.0
3125;94.02656040;29.99609830;0.0
3126;95.02684727;29.99600895;0.0
3127;96.02713440;29.99591565;0.0
3128;97.02742179;29.99581821;0.0
3129;98.02770943;29.99571646;0.0
3130;99.02799730;29.99561022;0.0
3131;100.02828540;29.99549930;0.0
3132;0.00000000;30.99811580;0.0
3133;1.00028373;30.99811569;0.0
3134;2.00056747;30.99811540;0.0
3135;3.00085119;30.99811491;0.0
3136;4.00113492;30.99811423;0.0
3137;5.00141863;30.99811336;0.0
3138;6.00170234;30.99811229;0.0
3139;7.00198604;30.99811103;0.0
3140;8.00226973;30.99810957;0.0
3141;9.00255341;30.99810791;0.0
3142;10.00283707;30.99810605;0.0
3143;11.00312072;30.99810399;0.0
3144;12.00340435;30.99810171;0.0
3145;13.00368797;30.99809923;0.0
3146;14.00397156;30.99809654;0.0
3147;15.00425513;30.99809362;0.0
3148;16.00453869;30.99809049;0.0
3149;17.00482222;30.99808713;0.0
3150;18.00510572;30.99808354;0.0
3151;19.00538920;30.99807971;0.0
3152;20.00567265;30.99807565;0.0
3153;21.00595608;30.99807134;0.0
3154;22.00623948;30.99806678;0.0
3155;23.00652285;30.99806196;0.0
3156;24.00680618;30.99805688;0.0
3157;25.00708949;30.99805152;0.0
3158;26.00737277;30.99804589;0.0
3159;27.00765602;30.99803997;0.0
3160;28.00793923;30.99803376;0.0
3161;29.00822241;30.99802725;0.0
3162;30.00850556;30.99802043;0.0
3163;31.00878868;30.99801329;0.0
3164;32.00907176;30.99800582;0.0
3165;33.00935481;30.99799802;0.0
3166;34.00963783;30.99798986;0.0
3167;35.00992082;30.99798135;0.0
3168;36.01020377;30.99797247;0.0
3169;37.01048670;30.99796320;0.0
3170;38.01076959;30.99795354;0.0
3171;39.01105245;30.99794348;0.0
3172;40.01133529;30.99793300;0.0
3173;41.01161809;30.99792208;0.0
3174;42.01190087;30.99791072;0.0
3175;43.01218363;30.99789889;0.0
3176;44.01246636;30.99788659;0.0
3177;45.01274907;30.99787379;0.0
3178;46.01303176;30.99786049;0.0
3179;47.01331443;30.99784665;0.0
3180;48.01359709;30.99783228;0.0
3181;49.01387973;30.99781733;0.0
3182;50.01416236;30.99780180;0.0
3183;51.01444498;30.99778567;0.0
3184;52.01472760;30.99776891;0.0
3185;53.01501022;30.99775150;0.0
3186;54.01529284;30.99773342;0.0
3187;55.01557547;30.99771465;0.0
3188;56.01585811;30.99769515;0.0
3189;57.01614075;30.99767490;0.0
3190;58.01642342;30.99765387;0.0
3191;59.01670611;30.99763204;0.0
3192;60.01698883;30.99760937;0.0
3193;61.01727158;30.99758584;0.0
3194;62.01755437;30.99756140;0.0
3195;63.01783720;30.99753602;0.0
3196;64.01812008;30.99750968;0.0
3197;65.01840302;30.99748231;0.0
3198;66.01868602;30.99745390;0.0
3199;67.01896909;30.99742439;0.0
3200;68.01925223;30.99739373;0.0
3201;69.01953546;30.99736189;0.0
3202;70.01981878;30.99732881;0.0
3203;71.02010219;30.99729445;0.0
3204;72.02038571;30.99725873;0.0
3205;73.02066935;30.99722162;0.0
3206;74.02095310;30.99718304;0.0
3207;75.02123699;30.99714294;0.0
3208;76.02152102;30.99710124;0.0
3209;77.02180519;30.99705787;0.0
3210;78.02208952;30.99701277;0.0
3211;79.02237402;30.99696584;0.0
3212;80.02265869;30.99691701;0.0
3213;81.02294355;30.99686619;0.0
3214;82.02322859;30.99681328;0.0
3215;83.02351384;30.99675819;0.0
3216;84.02379930;30.99670082;0.0
3217;85.02408498;30.99664105;0.0
3218;86.02437088;30.99657878;0.0
3219;87.02465702;30.99651388;0.0
3220;88.02494340;30.99644623;0.0
3221;89.02523002;30.99637570;0.0
3222;90.02551689;30.99630216;0.0
3223;91.02580401;30.99622545;0.0
3224;92.02609139;30.99614544;0.0
3225;93.02637903;30.99606197;0.0
3226;94.02666693;30.99597488;0.0
3227;95.02695508;30.99588402;0.0
3228;96.02724348;30.99578921;0.0
3229;97.02753213;30.99569028;0.0
3230;98.02782101;30.99558707;0.0
3231;99.02811012;30.99547940;0.0
3232;100.02839945;30.99536709;0.0
3233;0.00000000;31.99804831;0.0
3234;1.00028471;31.99804820;0.0
3235;2.00056942;31.99804790;0.0
3236;3.00085412;31.99804739;0.0
3237;4.00113882;31.99804669;0.0
3238;5.00142351;31.99804579;0.0
3239;6.00170820;31.99804469;0.0
3240;7.00199288;31.99804338;0.0
3241;8.00227755;31.99804187;0.0
3242;9.00256220;31.99804016;0.0
3243;10.00284685;31.99803823;0.0
3244;11.00313148;31.99803610;0.0
3245;12.00341610;31.99803375;0.0
3246;13.00370069;31.99803118;0.0
3247;14.00398528;31.99802840;0.0
3248;15.00426984;31.99802539;0.0
3249;16.00455438;31.99802214;0.0
3250;17.00483891;31.99801867;0.0
3251;18.00512341;31.99801496;0.0
3252;19.00540789;31.99801100;0.0
3253;20.00569234;31.99800680;0.0
3254;21.00597677;31.99800235;0.0
3255;22.00626118;31.99799763;0.0
3256;23.00654556;31.99799265;0.0
3257;24.00682991;31.99798739;0.0
3258;25.00711424;31.99798186;0.0
3259;26.00739854;31.99797604;0.0
3260;27.00768281;31.99796992;0.0
3261;28.00796706;31.99796350;0.0
3262;29.00825127;31.99795677;0.0
3263;30.00853546;31.99794972;0.0
3264;31.00881962;31.99794234;0.0
3265;32.00910375;31.99793463;0.0
3266;33.00938785;31.99792656;0.0
3267;34.00967192;31.99791813;0.0
3268;35.00995597;31.99790934;0.0
3269;36.01023999;31.99790016;0.0
3270;37.01052398;31.99789059;0.0
3271;38.01080795;31.99788061;0.0
3272;39.01109189;31.99787021;0.0
3273;40.01137582;31.99785938;0.0
3274;41.01165971;31.99784811;0.0
3275;42.01194359;31.99783637;0.0
3276;43.01222745;31.99782416;0.0
3277;44.01251129;31.99781145;0.0
3278;45.01279512;31.99779824;0.0
3279;46.01307893;31.99778450;0.0
3280;47.01336273;31.99777022;0.0
3281;48.01364652;31.99775537;0.0
3282;49.01393031;31.99773995;0.0
3283;50.01421409;31.99772392;0.0
3284;51.01449787;31.99770727;0.0
3285;52.01478165;31.99768998;0.0
3286;53.01506544;31.99767202;0.0
3287;54.01534923;31.99765336;0.0
3288;55.01563304;31.99763399;0.0
3289;56.01591687;31.99761388;0.0
3290;57.01620072;31.99759300;0.0
3291;58.01648459;31.99757132;0.0
3292;59.01676849;31.99754881;0.0
3293;60.01705243;31.99752545;0.0
3294;61.01733641;31.99750119;0.0
3295;62.01762043;31.99747601;0.0
3296;63.01790450;31.99744986;0.0
3297;64.01818863;31.99742272;0.0
3298;65.01847282;31.99739454;0.0
3299;66.01875708;31.99736528;0.0
3300;67.01904142;31.99733490;0.0
3301;68.01932584;31.99730335;0.0
3302;69.01961035;31.99727059;0.0
3303;70.01989495;31.99723656;0.0
3304;71.02017966;31.99720121;0.0
3305;72.02046448;31.99716449;0.0
3306;73.02074942;31.99712635;0.0
3307;74.02103449;31.99708670;0.0
3308;75.02131969;31.99704551;0.0
3309;76.02160503;31.99700269;0.0
3310;77.02189053;31.99695817;0.0
3311;78.02217619;31.99691189;0.0
3312;79.02246202;31.99686375;0.0
3313;80.02274802;31.99681368;0.0
3314;81.02303421;31.99676160;0.0
3315;82.02332060;31.99670740;0.0
3316;83.02360718;31.99665099;0.0
3317;84.02389398;31.99659227;0.0
3318;85.02418099;31.99653114;0.0
3319;86.02446822;31.99646748;0.0
3320;87.02475569;31.99640117;0.0
3321;88.02504339;31.99633210;0.0
3322;89.02533134;31.99626012;0.0
3323;90.02561953;31.99618512;0.0
3324;91.02590796;31.99610696;0.0
3325;92.02619665;31.99602548;0.0
3326;93.02648559;31.99594054;0.0
3327;94.02677477;31.99585199;0.0
3328;95.02706420;31.99575967;0.0
3329;96.02735387;31.99566342;0.0
3330;97.02764378;31.99556308;0.0
3331;98.02793392;31.99545847;0.0
3332;99.02822427;31.99534944;0.0
3333;100.02851483;31.99523582;0.0
3334;0.00000000;32.99798024;0.0
3335;1.00028570;32.99798013;0.0
3336;2.00057141;32.99797981;0.0
3337;3.00085710;32.99797929;0.0
3338;4.00114280;32.99797857;0.0
3339;5.00142849;32.99797764;0.0
3340;6.00171417;32.99797650;0.0
3341;7.00199985;32.99797515;0.0
3342;8.00228552;32.99797359;0.0
3343;9.00257117;32.99797182;0.0
3344;10.00285682;32.99796984;0.0
3345;11.00314245;32.99796763;0.0
3346;12.00342807;32.99796521;0.0
3347;13.00371368;32.99796256;0.0
3348;14.00399927;32.99795968;0.0
3349;15.00428484;32.99795657;0.0
3350;16.00457040;32.99795322;0.0
3351;17.00485593;32.99794963;0.0
3352;18.00514145;32.99794580;0.0
3353;19.00542695;32.99794171;0.0
3354;20.00571243;32.99793737;0.0
3355;21.00599788;32.99793277;0.0
3356;22.00628332;32.99792790;0.0
3357;23.00656873;32.99792276;0.0
3358;24.00685411;32.99791733;0.0
3359;25.00713948;32.99791162;0.0
3360;26.00742482;32.99790561;0.0
3361;27.00771013;32.99789929;0.0
3362;28.00799542;32.99789266;0.0
3363;29.00828069;32.99788572;0.0
3364;30.00856593;32.99787844;0.0
3365;31.00885115;32.99787082;0.0
3366;32.00913635;32.99786285;0.0
3367;33.00942152;32.99785453;0.0
3368;34.00970667;32.99784583;0.0
3369;35.00999179;32.99783675;0.0
3370;36.01027689;32.99782728;0.0
3371;37.01056198;32.99781740;0.0
3372;38.01084704;32.99780710;0.0
3373;39.01113208;32.99779637;0.0
3374;40.01141711;32.99778520;0.0
3375;41.01170212;32.99777357;0.0
3376;42.01198711;32.99776146;0.0
3377;43.01227209;32.99774886;0.0
3378;44.01255706;32.99773575;0.0
3379;45.01284201;32.99772213;0.0
3380;46.01312697;32.99770796;0.0
3381;47.01341191;32.99769323;0.0
3382;48.01369685;32.99767792;0.0
3383;49.01398180;32.99766202;0.0
3384;50.01426674;32.99764550;0.0
3385;51.01455169;32.99762833;0.0
3386;52.01483665;32.99761051;0.0
3387;53.01512162;32.99759200;0.0
3388;54.01540661;32.99757277;0.0
3389;55.01569162;32.99755282;0.0
3390;56.01597665;32.99753210;0.0
3391;57.01626171;32.99751059;0.0
3392;58.01654680;32.99748826;0.0
3393;59.01683193;32.99746508;0.0
3394;60.01711710;32.99744103;0.0
3395;61.01740231;32.99741605;0.0
3396;62.01768758;32.99739014;0.0
3397;63.01797290;32.99736323;0.0
3398;64.01825829;32.99733531;0.0
3399;65.01854375;32.99730632;0.0
3400;66.01882928;32.99727623;0.0
3401;67.01911490;32.99724499;0.0
3402;68.01940060;32.99721256;0.0
3403;69.01968640;32.99717888;0.0
3404;70.01997230;32.99714392;0.0
3405;71.02025831;32.99710761;0.0
3406;72.02054444;32.99706991;0.0
3407;73.02083069;32.99703074;0.0
3408;74.02111707;32.99699006;0.0
3409;75.02140360;32.99694779;0.0
3410;76.02169027;32.99690387;0.0
3411;77.02197709;32.99685823;0.0
3412;78.02226408;32.99681079;0.0
3413;79.02255124;32.99676148;0.0
3414;80.02283858;32.99671021;0.0
3415;81.02312611;32.99665689;0.0
3416;82.02341383;32.99660143;0.0
3417;83.02370176;32.99654375;0.0
3418;84.02398989;32.99648372;0.0
3419;85.02427824;32.99642127;0.0
3420;86.02456681;32.99635626;0.0
3421;87.02485561;32.99628859;0.0
3422;88.02514464;32.99621813;0.0
3423;89.02543391;32.99614477;0.0
3424;90.02572341;32.99606837;0.0
3425;91.02601316;32.99598880;0.0
3426;92.02630315;32.99590591;0.0
3427;93.02659339;32.99581956;0.0
3428;94.02688386;32.99572961;0.0
3429;95.02717458;32.99563590;0.0
3430;96.02746552;32.99553828;0.0
3431;97.02775669;32.99543658;0.0
3432;98.02804808;32.99533066;0.0
3433;99.02833968;32.99522034;0.0
3434;100.02863147;32.99510546;0.0
3435;0.00000000;33.99791158;0.0
3436;1.00028672;33.99791146;0.0
3437;2.00057343;33.99791114;0.0
3438;3.00086015;33.99791060;0.0
3439;4.00114686;33.99790986;0.0
3440;5.00143356;33.99790890;0.0
3441;6.00172026;33.99790772;0.0
3442;7.00200695;33.99790633;0.0
3443;8.00229364;33.99790472;0.0
3444;9.00258031;33.99790290;0.0
3445;10.00286698;33.99790085;0.0
3446;11.00315364;33.99789857;0.0
3447;12.00344028;33.99789607;0.0
3448;13.00372691;33.99789333;0.0
3449;14.00401352;33.99789036;0.0
3450;15.00430013;33.99788716;0.0
3451;16.00458671;33.99788370;0.0
3452;17.00487328;33.99788000;0.0
3453;18.00515983;33.99787605;0.0
3454;19.00544637;33.99787183;0.0
3455;20.00573289;33.99786736;0.0
3456;21.00601939;33.99786261;0.0
3457;22.00630586;33.99785759;0.0
3458;23.00659232;33.99785228;0.0
3459;24.00687876;33.99784668;0.0
3460;25.00716518;33.99784079;0.0
3461;26.00745158;33.99783459;0.0
3462;27.00773796;33.99782807;0.0
3463;28.00802432;33.99782124;0.0
3464;29.00831065;33.99781407;0.0
3465;30.00859697;33.99780657;0.0
3466;31.00888327;33.99779871;0.0
3467;32.00916954;33.99779050;0.0
3468;33.00945580;33.99778191;0.0
3469;34.00974204;33.99777294;0.0
3470;35.01002826;33.99776358;0.0
3471;36.01031446;33.99775382;0.0
3472;37.01060065;33.99774363;0.0
3473;38.01088682;33.99773302;0.0
3474;39.01117298;33.99772196;0.0
3475;40.01145913;33.99771045;0.0
3476;41.01174526;33.99769846;0.0
3477;42.01203139;33.99768598;0.0
3478;43.01231750;33.99767300;0.0
3479;44.01260362;33.99765949;0.0
3480;45.01288972;33.99764545;0.0
3481;46.01317583;33.99763085;0.0
3482;47.01346193;33.99761568;0.0
3483;48.01374804;33.99759992;0.0
3484;49.01403416;33.99758354;0.0
3485;50.01432028;33.99756652;0.0
3486;51.01460642;33.99754885;0.0
3487;52.01489257;33.99753050;0.0
3488;53.01517874;33.99751144;0.0
3489;54.01546493;33.99749166;0.0
3490;55.01575115;33.99747112;0.0
3491;56.01603740;33.99744980;0.0
3492;57.01632368;33.99742766;0.0
3493;58.01661000;33.99740470;0.0
3494;59.01689637;33.99738086;0.0
3495;60.01718278;33.99735611;0.0
3496;61.01746925;33.99733044;0.0
3497;62.01775577;33.99730379;0.0
3498;63.01804236;33.99727614;0.0
3499;64.01832902;33.99724744;0.0
3500;65.01861575;33.99721765;0.0
3501;66.01890256;33.99718674;0.0
3502;67.01918947;33.99715466;0.0
3503;68.01947646;33.99712136;0.0
3504;69.01976356;33.99708679;0.0
3505;70.02005076;33.99705091;0.0
3506;71.02033808;33.99701366;0.0
3507;72.02062552;33.99697498;0.0
3508;73.02091309;33.99693482;0.0
3509;74.02120080;33.99689311;0.0
3510;75.02148865;33.99684980;0.0
3511;76.02177665;33.99680480;0.0
3512;77.02206481;33.99675806;0.0
3513;78.02235314;33.99670950;0.0
3514;79.02264163;33.99665904;0.0
3515;80.02293031;33.99660659;0.0
3516;81.02321918;33.99655207;0.0
3517;82.02350824;33.99649539;0.0
3518;83.02379751;33.99643646;0.0
3519;84.02408698;33.99637517;0.0
3520;85.02437667;33.99631143;0.0
3521;86.02466657;33.99624512;0.0
3522;87.02495670;33.99617614;0.0
3523;88.02524706;33.99610435;0.0
3524;89.02553765;33.99602965;0.0
3525;90.02582848;33.99595190;0.0
3526;91.02611954;33.99587097;0.0
3527;92.02641084;33.99578673;0.0
3528;93.02670237;33.99569904;0.0
3529;94.02699414;33.99560775;0.0
3530;95.02728614;33.99551271;0.0
3531;96.02757836;33.99541378;0.0
3532;97.02787079;33.99531080;0.0
3533;98.02816344;33.99520361;0.0
3534;99.02845628;33.99509207;0.0
3535;100.02874930;33.99497601;0.0
3536;0.00000000;34.99784231;0.0
3537;1.00028775;34.99784219;0.0
3538;2.00057550;34.99784186;0.0
3539;3.00086324;34.99784131;0.0
3540;4.00115099;34.99784054;0.0
3541;5.00143872;34.99783955;0.0
3542;6.00172646;34.99783834;0.0
3543;7.00201419;34.99783691;0.0
3544;8.00230191;34.99783525;0.0
3545;9.00258962;34.99783337;0.0
3546;10.00287732;34.99783126;0.0
3547;11.00316502;34.99782891;0.0
3548;12.00345270;34.99782633;0.0
3549;13.00374037;34.99782351;0.0
3550;14.00402803;34.99782045;0.0
3551;15.00431568;34.99781714;0.0
3552;16.00460332;34.99781359;0.0
3553;17.00489094;34.99780977;0.0
3554;18.00517854;34.99780570;0.0
3555;19.00546613;34.99780135;0.0
3556;20.00575371;34.99779674;0.0
3557;21.00604127;34.99779185;0.0
3558;22.00632881;34.99778667;0.0
3559;23.00661633;34.99778120;0.0
3560;24.00690384;34.99777543;0.0
3561;25.00719133;34.99776936;0.0
3562;26.00747881;34.99776297;0.0
3563;27.00776627;34.99775626;0.0
3564;28.00805371;34.99774922;0.0
3565;29.00834113;34.99774184;0.0
3566;30.00862854;34.99773411;0.0
3567;31.00891593;34.99772601;0.0
3568;32.00920331;34.99771755;0.0
3569;33.00949067;34.99770871;0.0
3570;34.00977801;34.99769947;0.0
3571;35.01006535;34.99768983;0.0
3572;36.01035267;34.99767977;0.0
3573;37.01063998;34.99766929;0.0
3574;38.01092728;34.99765836;0.0
3575;39.01121457;34.99764697;0.0
3576;40.01150185;34.99763511;0.0
3577;41.01178912;34.99762277;0.0
3578;42.01207640;34.99760992;0.0
3579;43.01236366;34.99759656;0.0
3580;44.01265093;34.99758266;0.0
3581;45.01293820;34.99756821;0.0
3582;46.01322548;34.99755319;0.0
3583;47.01351276;34.99753758;0.0
3584;48.01380005;34.99752136;0.0
3585;49.01408735;34.99750450;0.0
3586;50.01437467;34.99748700;0.0
3587;51.01466200;34.99746882;0.0
3588;52.01494936;34.99744995;0.0
3589;53.01523674;34.99743035;0.0
3590;54.01552415;34.99741001;0.0
3591;55.01581159;34.99738889;0.0
3592;56.01609907;34.99736697;0.0
3593;57.01638659;34.99734423;0.0
3594;58.01667415;34.99732062;0.0
3595;59.01696176;34.99729613;0.0
3596;60.01724943;34.99727071;0.0
3597;61.01753716;34.99724434;0.0
3598;62.01782495;34.99721697;0.0
3599;63.01811281;34.99718858;0.0
3600;64.01840075;34.99715912;0.0
3601;65.01868876;34.99712855;0.0
3602;66.01897687;34.99709683;0.0
3603;67.01926507;34.99706391;0.0
3604;68.01955336;34.99702976;0.0
3605;69.01984177;34.99699431;0.0
3606;70.02013028;34.99695753;0.0
3607;71.02041892;34.99691935;0.0
3608;72.02070768;34.99687972;0.0
3609;73.02099657;34.99683858;0.0
3610;74.02128561;34.99679587;0.0
3611;75.02157479;34.99675153;0.0
3612;76.02186412;34.99670549;0.0
3613;77.02215362;34.99665767;0.0
3614;78.02244328;34.99660801;0.0
3615;79.02273312;34.99655642;0.0
3616;80.02302314;34.99650283;0.0
3617;81.02331336;34.99644714;0.0
3618;82.02360376;34.99638928;0.0
3619;83.02389437;34.99632914;0.0
3620;84.02418518;34.99626663;0.0
3621;85.02447621;34.99620164;0.0
3622;86.02476745;34.99613407;0.0
3623;87.02505891;34.99606382;0.0
3624;88.02535060;34.99599075;0.0
3625;89.02564252;34.99591476;0.0
3626;90.02593466;34.99583571;0.0
3627;91.02622704;34.99575349;0.0
3628;92.02651964;34.99566795;0.0
3629;93.02681248;34.99557897;0.0
3630;94.02710554;34.99548639;0.0
3631;95.02739882;34.99539009;0.0
3632;96.02769231;34.99528991;0.0
3633;97.02798601;34.99518570;0.0
3634;98.02827991;34.99507732;0.0
3635;99.02857400;34.99496462;0.0
3636;100.02886827;34.99484743;0.0
3637;0.00000000;35.99777243;0.0
3638;1.00028880;35.99777231;0.0
3639;2.00057760;35.99777197;0.0
3640;3.00086639;35.99777140;0.0
3641;4.00115518;35.99777061;0.0
3642;5.00144397;35.99776959;0.0
3643;6.00173276;35.99776835;0.0
3644;7.00202154;35.99776687;0.0
3645;8.00231031;35.99776517;0.0
3646;9.00259908;35.99776323;0.0
3647;10.00288784;35.99776105;0.0
3648;11.00317659;35.99775864;0.0
3649;12.00346533;35.99775598;0.0
3650;13.00375406;35.99775308;0.0
3651;14.00404279;35.99774993;0.0
3652;15.00433150;35.99774652;0.0
3653;16.00462020;35.99774286;0.0
3654;17.00490889;35.99773893;0.0
3655;18.00519756;35.99773474;0.0
3656;19.00548622;35.99773027;0.0
3657;20.00577487;35.99772551;0.0
3658;21.00606351;35.99772048;0.0
3659;22.00635213;35.99771515;0.0
3660;23.00664074;35.99770952;0.0
3661;24.00692933;35.99770358;0.0
3662;25.00721792;35.99769733;0.0
3663;26.00750648;35.99769075;0.0
3664;27.00779504;35.99768385;0.0
3665;28.00808358;35.99767660;0.0
3666;29.00837210;35.99766900;0.0
3667;30.00866062;35.99766104;0.0
3668;31.00894912;35.99765272;0.0
3669;32.00923761;35.99764401;0.0
3670;33.00952609;35.99763491;0.0
3671;34.00981456;35.99762540;0.0
3672;35.01010302;35.99761548;0.0
3673;36.01039147;35.99760514;0.0
3674;37.01067992;35.99759435;0.0
3675;38.01096836;35.99758310;0.0
3676;39.01125680;35.99757139;0.0
3677;40.01154523;35.99755919;0.0
3678;41.01183366;35.99754650;0.0
3679;42.01212210;35.99753329;0.0
3680;43.01241053;35.99751955;0.0
3681;44.01269897;35.99750526;0.0
3682;45.01298742;35.99749040;0.0
3683;46.01327588;35.99747495;0.0
3684;47.01356435;35.99745891;0.0
3685;48.01385283;35.99744223;0.0
3686;49.01414134;35.99742491;0.0
3687;50.01442986;35.99740692;0.0
3688;51.01471841;35.99738825;0.0
3689;52.01500698;35.99736885;0.0
3690;53.01529558;35.99734872;0.0
3691;54.01558422;35.99732783;0.0
3692;55.01587290;35.99730614;0.0
3693;56.01616162;35.99728363;0.0
3694;57.01645038;35.99726028;0.0
3695;58.01673920;35.99723605;0.0
3696;59.01702807;35.99721090;0.0
3697;60.01731700;35.99718482;0.0
3698;61.01760600;35.99715776;0.0
3699;62.01789506;35.99712968;0.0
3700;63.01818421;35.99710056;0.0
3701;64.01847343;35.99707035;0.0
3702;65.01876274;35.99703900;0.0
3703;66.01905214;35.99700649;0.0
3704;67.01934165;35.99697275;0.0
3705;68.01963125;35.99693776;0.0
3706;69.01992097;35.99690145;0.0
3707;70.02021080;35.99686377;0.0
3708;71.02050076;35.99682468;0.0
3709;72.02079084;35.99678412;0.0
3710;73.02108107;35.99674203;0.0
3711;74.02137143;35.99669834;0.0
3712;75.02166195;35.99665299;0.0
3713;76.02195262;35.99660593;0.0
3714;77.02224346;35.99655706;0.0
3715;78.02253447;35.99650633;0.0
3716;79.02282565;35.99645365;0.0
3717;80.02311702;35.99639894;0.0
3718;81.02340857;35.99634212;0.0
3719;82.02370032;35.99628310;0.0
3720;83.02399227;35.99622179;0.0
3721;84.02428443;35.99615809;0.0
3722;85.02457680;35.99609190;0.0
3723;86.02486938;35.99602312;0.0
3724;87.02516217;35.99595163;0.0
3725;88.02545519;35.99587733;0.0
3726;89.02574843;35.99580010;0.0
3727;90.02604190;35.99571981;0.0
3728;91.02633559;35.99563634;0.0
3729;92.02662950;35.99554956;0.0
3730;93.02692364;35.99545934;0.0
3731;94.02721799;35.99536554;0.0
3732;95.02751255;35.99526803;0.0
3733;96.02780733;35.99516666;0.0
3734;97.02810230;35.99506129;0.0
3735;98.02839745;35.99495177;0.0
3736;99.02869279;35.99483797;0.0
3737;100.02898830;35.99471972;0.0
3738;0.00000000;36.99770194;0.0
3739;1.00028986;36.99770181;0.0
3740;2.00057973;36.99770146;0.0
3741;3.00086959;36.99770088;0.0
3742;4.00115945;36.99770006;0.0
3743;5.00144931;36.99769902;0.0
3744;6.00173916;36.99769773;0.0
3745;7.00202901;36.99769622;0.0
3746;8.00231885;36.99769446;0.0
3747;9.00260869;36.99769247;0.0
3748;10.00289852;36.99769023;0.0
3749;11.00318835;36.99768775;0.0
3750;12.00347816;36.99768502;0.0
3751;13.00376797;36.99768203;0.0
3752;14.00405777;36.99767879;0.0
3753;15.00434756;36.99767528;0.0
3754;16.00463734;36.99767152;0.0
3755;17.00492711;36.99766748;0.0
3756;18.00521688;36.99766316;0.0
3757;19.00550663;36.99765856;0.0
3758;20.00579637;36.99765368;0.0
3759;21.00608610;36.99764849;0.0
3760;22.00637582;36.99764301;0.0
3761;23.00666552;36.99763722;0.0
3762;24.00695522;36.99763112;0.0
3763;25.00724491;36.99762469;0.0
3764;26.00753458;36.99761793;0.0
3765;27.00782425;36.99761082;0.0
3766;28.00811390;36.99760337;0.0
3767;29.00840355;36.99759556;0.0
3768;30.00869318;36.99758738;0.0
3769;31.00898281;36.99757881;0.0
3770;32.00927243;36.99756986;0.0
3771;33.00956205;36.99756050;0.0
3772;34.00985166;36.99755073;0.0
3773;35.01014126;36.99754054;0.0
3774;36.01043086;36.99752990;0.0
3775;37.01072046;36.99751881;0.0
3776;38.01101005;36.99750726;0.0
3777;39.01129965;36.99749522;0.0
3778;40.01158925;36.99748269;0.0
3779;41.01187885;36.99746964;0.0
3780;42.01216846;36.99745607;0.0
3781;43.01245808;36.99744195;0.0
3782;44.01274770;36.99742727;0.0
3783;45.01303734;36.99741201;0.0
3784;46.01332700;36.99739615;0.0
3785;47.01361667;36.99737967;0.0
3786;48.01390636;36.99736254;0.0
3787;49.01419607;36.99734476;0.0
3788;50.01448581;36.99732629;0.0
3789;51.01477558;36.99730712;0.0
3790;52.01506538;36.99728721;0.0
3791;53.01535522;36.99726655;0.0
3792;54.01564510;36.99724511;0.0
3793;55.01593502;36.99722286;0.0
3794;56.01622499;36.99719977;0.0
3795;57.01651502;36.99717581;0.0
3796;58.01680509;36.99715096;0.0
3797;59.01709523;36.99712518;0.0
3798;60.01738544;36.99709844;0.0
3799;61.01767572;36.99707070;0.0
3800;62.01796607;36.99704192;0.0
3801;63.01825650;36.99701208;0.0
3802;64.01854702;36.99698113;0.0
3803;65.01883763;36.99694902;0.0
3804;66.01912834;36.99691572;0.0
3805;67.01941915;36.99688119;0.0
3806;68.01971007;36.99684536;0.0
3807;69.02000111;36.99680821;0.0
3808;70.02029226;36.99676966;0.0
3809;71.02058355;36.99672968;0.0
3810;72.02087496;36.99668820;0.0
3811;73.02116652;36.99664517;0.0
3812;74.02145823;36.99660052;0.0
3813;75.02175008;36.99655420;0.0
3814;76.02204210;36.99650613;0.0
3815;77.02233428;36.99645624;0.0
3816;78.02262663;36.99640446;0.0
3817;79.02291916;36.99635072;0.0
3818;80.02321188;36.99629493;0.0
3819;81.02350478;36.99623701;0.0
3820;82.02379787;36.99617687;0.0
3821;83.02409117;36.99611442;0.0
3822;84.02438467;36.99604957;0.0
3823;85.02467838;36.99598222;0.0
3824;86.02497229;36.99591226;0.0
3825;87.02526643;36.99583959;0.0
3826;88.02556078;36.99576410;0.0
3827;89.02585535;36.99568567;0.0
3828;90.02615013;36.99560418;0.0
3829;91.02644514;36.99551952;0.0
3830;92.02674036;36.99543155;0.0
3831;93.02703579;36.99534015;0.0
3832;94.02733144;36.99524518;0.0
3833;95.02762729;36.99514652;0.0
3834;96.02792334;36.99504402;0.0
3835;97.02821958;36.99493754;0.0
3836;98.02851600;36.99482695;0.0
3837;99.02881259;36.99471210;0.0
3838;100.02910934;36.99459286;0.0
3839;0.00000000;37.99763081;0.0
3840;1.00029095;37.99763068;0.0
3841;2.00058189;37.99763032;0.0
3842;3.00087284;37.99762972;0.0
3843;4.00116378;37.99762889;0.0
3844;5.00145472;37.99762781;0.0
3845;6.00174566;37.99762649;0.0
3846;7.00203659;37.99762493;0.0
3847;8.00232752;37.99762313;0.0
3848;9.00261844;37.99762108;0.0
3849;10.00290936;37.99761878;0.0
3850;11.00320027;37.99761623;0.0
3851;12.00349118;37.99761342;0.0
3852;13.00378208;37.99761035;0.0
3853;14.00407298;37.99760702;0.0
3854;15.00436386;37.99760342;0.0
3855;16.00465474;37.99759955;0.0
3856;17.00494561;37.99759539;0.0
3857;18.00523647;37.99759096;0.0
3858;19.00552733;37.99758623;0.0
3859;20.00581818;37.99758121;0.0
3860;21.00610901;37.99757589;0.0
3861;22.00639984;37.99757026;0.0
3862;23.00669067;37.99756431;0.0
3863;24.00698148;37.99755803;0.0
3864;25.00727228;37.99755143;0.0
3865;26.00756308;37.99754448;0.0
3866;27.00785387;37.99753718;0.0
3867;28.00814466;37.99752953;0.0
3868;29.00843544;37.99752150;0.0
3869;30.00872621;37.99751309;0.0
3870;31.00901698;37.99750430;0.0
3871;32.00930775;37.99749510;0.0
3872;33.00959851;37.99748549;0.0
3873;34.00988927;37.99747546;0.0
3874;35.01018003;37.99746499;0.0
3875;36.01047079;37.99745406;0.0
3876;37.01076155;37.99744268;0.0
3877;38.01105232;37.99743081;0.0
3878;39.01134309;37.99741846;0.0
3879;40.01163387;37.99740559;0.0
3880;41.01192465;37.99739220;0.0
3881;42.01221545;37.99737826;0.0
3882;43.01250626;37.99736377;0.0
3883;44.01279708;37.99734871;0.0
3884;45.01308793;37.99733304;0.0
3885;46.01337879;37.99731677;0.0
3886;47.01366967;37.99729986;0.0
3887;48.01396058;37.99728229;0.0
3888;49.01425152;37.99726405;0.0
3889;50.01454249;37.99724511;0.0
3890;51.01483349;37.99722544;0.0
3891;52.01512454;37.99720503;0.0
3892;53.01541562;37.99718385;0.0
3893;54.01570675;37.99716186;0.0
3894;55.01599793;37.99713905;0.0
3895;56.01628916;37.99711539;0.0
3896;57.01658045;37.99709084;0.0
3897;58.01687180;37.99706537;0.0
3898;59.01716321;37.99703896;0.0
3899;60.01745470;37.99701157;0.0
3900;61.01774627;37.99698316;0.0
3901;62.01803791;37.99695370;0.0
3902;63.01832964;37.99692314;0.0
3903;64.01862146;37.99689146;0.0
3904;65.01891338;37.99685861;0.0
3905;66.01920540;37.99682454;0.0
3906;67.01949753;37.99678921;0.0
3907;68.01978977;37.99675258;0.0
3908;69.02008213;37.99671459;0.0
3909;70.02037462;37.99667519;0.0
3910;71.02066723;37.99663433;0.0
3911;72.02095999;37.99659196;0.0
3912;73.02125288;37.99654801;0.0
3913;74.02154593;37.99650243;0.0
3914;75.02183913;37.99645515;0.0
3915;76.02213249;37.99640610;0.0
3916;77.02242602;37.99635521;0.0
3917;78.02271972;37.99630242;0.0
3918;79.02301360;37.99624764;0.0
3919;80.02330766;37.99619079;0.0
3920;81.02360191;37.99613180;0.0
3921;82.02389635;37.99607058;0.0
3922;83.02419100;37.99600703;0.0
3923;84.02448584;37.99594107;0.0
3924;85.02478089;37.99587259;0.0
3925;86.02507615;37.99580150;0.0
3926;87.02537162;37.99572769;0.0
3927;88.02566730;37.99565105;0.0
3928;89.02596319;37.99557147;0.0
3929;90.02625930;37.99548884;0.0
3930;91.02655562;37.99540303;0.0
3931;92.02685215;37.99531392;0.0
3932;93.02714889;37.99522140;0.0
3933;94.02744583;37.99512532;0.0
3934;95.02774297;37.99502555;0.0
3935;96.02804030;37.99492198;0.0
3936;97.02833781;37.99481445;0.0
3937;98.02863549;37.99470284;0.0
3938;99.02893333;37.99458701;0.0
3939;100.02923133;37.99446682;0.0
3940;0.00000000;38.99755904;0.0
3941;1.00029204;38.99755892;0.0
3942;2.00058409;38.99755854;0.0
3943;3.00087613;38.99755793;0.0
3944;4.00116817;38.99755707;0.0
3945;5.00146021;38.99755597;0.0
3946;6.00175224;38.99755461;0.0
3947;7.00204428;38.99755301;0.0
3948;8.00233630;38.99755116;0.0
3949;9.00262833;38.99754906;0.0
3950;10.00292035;38.99754670;0.0
3951;11.00321237;38.99754407;0.0
3952;12.00350438;38.99754119;0.0
3953;13.00379639;38.99753804;0.0
3954;14.00408839;38.99753462;0.0
3955;15.00438039;38.99753092;0.0
3956;16.00467238;38.99752694;0.0
3957;17.00496436;38.99752268;0.0
3958;18.00525634;38.99751813;0.0
3959;19.00554831;38.99751328;0.0
3960;20.00584028;38.99750812;0.0
3961;21.00613224;38.99750265;0.0
3962;22.00642420;38.99749687;0.0
3963;23.00671615;38.99749076;0.0
3964;24.00700809;38.99748432;0.0
3965;25.00730003;38.99747754;0.0
3966;26.00759197;38.99747041;0.0
3967;27.00788390;38.99746292;0.0
3968;28.00817583;38.99745506;0.0
3969;29.00846776;38.99744682;0.0
3970;30.00875968;38.99743819;0.0
3971;31.00905160;38.99742917;0.0
3972;32.00934353;38.99741973;0.0
3973;33.00963545;38.99740987;0.0
3974;34.00992738;38.99739957;0.0
3975;35.01021931;38.99738883;0.0
3976;36.01051124;38.99737762;0.0
3977;37.01080318;38.99736594;0.0
3978;38.01109513;38.99735377;0.0
3979;39.01138709;38.99734109;0.0
3980;40.01167906;38.99732789;0.0
3981;41.01197104;38.99731416;0.0
3982;42.01226304;38.99729987;0.0
3983;43.01255505;38.99728501;0.0
3984;44.01284709;38.99726956;0.0
3985;45.01313914;38.99725350;0.0
3986;46.01343122;38.99723681;0.0
3987;47.01372333;38.99721948;0.0
3988;48.01401547;38.99720147;0.0
3989;49.01430764;38.99718277;0.0
3990;50.01459985;38.99716336;0.0
3991;51.01489210;38.99714321;0.0
3992;52.01518439;38.99712230;0.0
3993;53.01547673;38.99710060;0.0
3994;54.01576912;38.99707808;0.0
3995;55.01606156;38.99705472;0.0
3996;56.01635407;38.99703048;0.0
3997;57.01664663;38.99700535;0.0
3998;58.01693926;38.99697928;0.0
3999;59.01723196;38.99695225;0.0
4000;60.01752474;38.99692421;0.0
4001;61.01781760;38.99689514;0.0
4002;62.01811055;38.99686500;0.0
4003;63.01840358;38.99683376;0.0
4004;64.01869671;38.99680136;0.0
4005;65.01898995;38.99676777;0.0
4006;66.01928328;38.99673294;0.0
4007;67.01957673;38.99669684;0.0
4008;68.01987030;38.99665941;0.0
4009;69.02016399;38.99662060;0.0
4010;70.02045781;38.99658037;0.0
4011;71.02075176;38.99653865;0.0
4012;72.02104586;38.99649540;0.0
4013;73.02134009;38.99645056;0.0
4014;74.02163448;38.99640406;0.0
4015;75.02192903;38.99635584;0.0
4016;76.02222374;38.99630584;0.0
4017;77.02251862;38.99625398;0.0
4018;78.02281367;38.99620020;0.0
4019;79.02310890;38.99614441;0.0
4020;80.02340431;38.99608654;0.0
4021;81.02369991;38.99602652;0.0
4022;82.02399571;38.99596424;0.0
4023;83.02429170;38.99589963;0.0
4024;84.02458789;38.99583259;0.0
4025;85.02488428;38.99576303;0.0
4026;86.02518088;38.99569084;0.0
4027;87.02547768;38.99561593;0.0
4028;88.02577470;38.99553819;0.0
4029;89.02607192;38.99545751;0.0
4030;90.02636935;38.99537378;0.0
4031;91.02666698;38.99528687;0.0
4032;92.02696482;38.99519668;0.0
4033;93.02726287;38.99510307;0.0
4034;94.02756110;38.99500593;0.0
4035;95.02785953;38.99490512;0.0
4036;96.02815814;38.99480053;0.0
4037;97.02845692;38.99469201;0.0
4038;98.02875587;38.99457943;0.0
4039;99.02905497;38.99446267;0.0
4040;100.02935421;38.99434160;0.0
4041;0.00000000;39.99748663;0.0
4042;1.00029315;39.99748650;0.0
4043;2.00058631;39.99748612;0.0
4044;3.00087946;39.99748549;0.0
4045;4.00117262;39.99748461;0.0
4046;5.00146577;39.99748348;0.0
4047;6.00175892;39.99748209;0.0
4048;7.00205206;39.99748045;0.0
4049;8.00234521;39.99747855;0.0
4050;9.00263835;39.99747639;0.0
4051;10.00293149;39.99747397;0.0
4052;11.00322462;39.99747128;0.0
4053;12.00351775;39.99746832;0.0
4054;13.00381088;39.99746509;0.0
4055;14.00410401;39.99746158;0.0
4056;15.00439713;39.99745778;0.0
4057;16.00469024;39.99745370;0.0
4058;17.00498336;39.99744933;0.0
4059;18.00527647;39.99744466;0.0
4060;19.00556957;39.99743968;0.0
4061;20.00586267;39.99743439;0.0
4062;21.00615577;39.99742878;0.0
4063;22.00644887;39.99742285;0.0
4064;23.00674196;39.99741659;0.0
4065;24.00703505;39.99740998;0.0
4066;25.00732813;39.99740302;0.0
4067;26.00762122;39.99739571;0.0
4068;27.00791431;39.99738803;0.0
4069;28.00820739;39.99737997;0.0
4070;29.00850048;39.99737152;0.0
4071;30.00879357;39.99736267;0.0
4072;31.00908666;39.99735341;0.0
4073;32.00937975;39.99734374;0.0
4074;33.00967285;39.99733363;0.0
4075;34.00996595;39.99732307;0.0
4076;35.01025907;39.99731205;0.0
4077;36.01055219;39.99730056;0.0
4078;37.01084532;39.99728859;0.0
4079;38.01113846;39.99727611;0.0
4080;39.01143162;39.99726312;0.0
4081;40.01172479;39.99724959;0.0
4082;41.01201798;39.99723552;0.0
4083;42.01231119;39.99722088;0.0
4084;43.01260442;39.99720565;0.0
4085;44.01289767;39.99718982;0.0
4086;45.01319095;39.99717337;0.0
4087;46.01348427;39.99715628;0.0
4088;47.01377761;39.99713852;0.0
4089;48.01407099;39.99712008;0.0
4090;49.01436440;39.99710093;0.0
4091;50.01465786;39.99708106;0.0
4092;51.01495137;39.99706043;0.0
4093;52.01524492;39.99703902;0.0
4094;53.01553852;39.99701681;0.0
4095;54.01583218;39.99699376;0.0
4096;55.01612590;39.99696986;0.0
4097;56.01641968;39.99694506;0.0
4098;57.01671352;39.99691935;0.0
4099;58.01700744;39.99689269;0.0
4100;59.01730144;39.99686504;0.0
4101;60.01759552;39.99683637;0.0
4102;61.01788968;39.99680666;0.0
4103;62.01818393;39.99677585;0.0
4104;63.01847828;39.99674391;0.0
4105;64.01877272;39.99671081;0.0
4106;65.01906727;39.99667650;0.0
4107;66.01936194;39.99664093;0.0
4108;67.01965671;39.99660406;0.0
4109;68.01995161;39.99656585;0.0
4110;69.02024664;39.99652625;0.0
4111;70.02054179;39.99648520;0.0
4112;71.02083709;39.99644264;0.0
4113;72.02113252;39.99639854;0.0
4114;73.02142811;39.99635282;0.0
4115;74.02172384;39.99630542;0.0
4116;75.02201974;39.99625629;0.0
4117;76.02231580;39.99620536;0.0
4118;77.02261203;39.99615256;0.0
4119;78.02290843;39.99609781;0.0
4120;79.02320502;39.99604104;0.0
4121;80.02350178;39.99598218;0.0
4122;81.02379873;39.99592115;0.0
4123;82.02409588;39.99585786;0.0
4124;83.02439322;39.99579221;0.0
4125;84.02469075;39.99572414;0.0
4126;85.02498849;39.99565353;0.0
4127;86.02528643;39.99558029;0.0
4128;87.02558457;39.99550432;0.0
4129;88.02588292;39.99542552;0.0
4130;89.02618147;39.99534378;0.0
4131;90.02648022;39.99525899;0.0
4132;91.02677917;39.99517104;0.0
4133;92.02707833;39.99507980;0.0
4134;93.02737767;39.99498517;0.0
4135;94.02767721;39.99488702;0.0
4136;95.02797692;39.99478522;0.0
4137;96.02827681;39.99467966;0.0
4138;97.02857687;39.99457019;0.0
4139;98.02887709;39.99445671;0.0
4140;99.02917745;39.99433908;0.0
4141;100.02947794;39.99421716;0.0
4142;0.00000000;40.99741357;0.0
4143;1.00029428;40.99741344;0.0
4144;2.00058856;40.99741305;0.0
4145;3.00088284;40.99741241;0.0
4146;4.00117712;40.99741150;0.0
4147;5.00147139;40.99741034;0.0
4148;6.00176567;40.99740892;0.0
4149;7.00205994;40.99740724;0.0
4150;8.00235422;40.99740529;0.0
4151;9.00264849;40.99740307;0.0
4152;10.00294276;40.99740059;0.0
4153;11.00323702;40.99739783;0.0
4154;12.00353129;40.99739480;0.0
4155;13.00382555;40.99739149;0.0
4156;14.00411981;40.99738789;0.0
4157;15.00441407;40.99738400;0.0
4158;16.00470832;40.99737982;0.0
4159;17.00500258;40.99737533;0.0
4160;18.00529683;40.99737054;0.0
4161;19.00559108;40.99736544;0.0
4162;20.00588533;40.99736002;0.0
4163;21.00617958;40.99735427;0.0
4164;22.00647383;40.99734819;0.0
4165;23.00676807;40.99734177;0.0
4166;24.00706232;40.99733500;0.0
4167;25.00735657;40.99732787;0.0
4168;26.00765082;40.99732037;0.0
4169;27.00794507;40.99731250;0.0
4170;28.00823932;40.99730424;0.0
4171;29.00853358;40.99729558;0.0
4172;30.00882785;40.99728652;0.0
4173;31.00912212;40.99727703;0.0
4174;32.00941639;40.99726712;0.0
4175;33.00971068;40.99725676;0.0
4176;34.01000497;40.99724595;0.0
4177;35.01029928;40.99723466;0.0
4178;36.01059360;40.99722289;0.0
4179;37.01088793;40.99721063;0.0
4180;38.01118228;40.99719785;0.0
4181;39.01147664;40.99718454;0.0
4182;40.01177103;40.99717069;0.0
4183;41.01206543;40.99715628;0.0
4184;42.01235987;40.99714129;0.0
4185;43.01265432;40.99712570;0.0
4186;44.01294881;40.99710949;0.0
4187;45.01324333;40.99709266;0.0
4188;46.01353788;40.99707516;0.0
4189;47.01383247;40.99705699;0.0
4190;48.01412710;40.99703812;0.0
4191;49.01442177;40.99701853;0.0
4192;50.01471648;40.99699819;0.0
4193;51.01501125;40.99697709;0.0
4194;52.01530607;40.99695519;0.0
4195;53.01560094;40.99693247;0.0
4196;54.01589588;40.99690891;0.0
4197;55.01619088;40.99688447;0.0
4198;56.01648595;40.99685912;0.0
4199;57.01678109;40.99683284;0.0
4200;58.01707630;40.99680559;0.0
4201;59.01737160;40.99677734;0.0
4202;60.01766698;40.99674805;0.0
4203;61.01796245;40.99671770;0.0
4204;62.01825801;40.99668623;0.0
4205;63.01855368;40.99665362;0.0
4206;64.01884944;40.99661983;0.0
4207;65.01914532;40.99658480;0.0
4208;66.01944131;40.99654851;0.0
4209;67.01973742;40.99651090;0.0
4210;68.02003366;40.99647192;0.0
4211;69.02033002;40.99643153;0.0
4212;70.02062652;40.99638968;0.0
4213;71.02092315;40.99634631;0.0
4214;72.02121994;40.99630136;0.0
4215;73.02151687;40.99625479;0.0
4216;74.02181396;40.99620652;0.0
4217;75.02211121;40.99615650;0.0
4218;76.02240862;40.99610467;0.0
4219;77.02270620;40.99605094;0.0
4220;78.02300396;40.99599526;0.0
4221;79.02330190;40.99593754;0.0
4222;80.02360002;40.99587772;0.0
4223;81.02389832;40.99581571;0.0
4224;82.02419682;40.99575143;0.0
4225;83.02449551;40.99568479;0.0
4226;84.02479439;40.99561571;0.0
4227;85.02509347;40.99554409;0.0
4228;86.02539275;40.99546984;0.0
4229;87.02569223;40.99539285;0.0
4230;88.02599191;40.99531304;0.0
4231;89.02629179;40.99523028;0.0
4232;90.02659187;40.99514448;0.0
4233;91.02689214;40.99505552;0.0
4234;92.02719260;40.99496330;0.0
4235;93.02749325;40.99486769;0.0
4236;94.02779409;40.99476857;0.0
4237;95.02809509;40.99466583;0.0
4238;96.02839627;40.99455935;0.0
4239;97.02869760;40.99444900;0.0
4240;98.02899909;40.99433466;0.0
4241;99.02930071;40.99421620;0.0
4242;100.02960246;40.99409350;0.0
4243;0.00000000;41.99733986;0.0
4244;1.00029542;41.99733972;0.0
4245;2.00059084;41.99733932;0.0
4246;3.00088625;41.99733866;0.0
4247;4.00118167;41.99733773;0.0
4248;5.00147709;41.99733654;0.0
4249;6.00177250;41.99733509;0.0
4250;7.00206792;41.99733336;0.0
4251;8.00236333;41.99733137;0.0
4252;9.00265874;41.99732910;0.0
4253;10.00295415;41.99732656;0.0
4254;11.00324956;41.99732373;0.0
4255;12.00354498;41.99732063;0.0
4256;13.00384038;41.99731723;0.0
4257;14.00413579;41.99731355;0.0
4258;15.00443120;41.99730956;0.0
4259;16.00472661;41.99730528;0.0
4260;17.00502202;41.99730068;0.0
4261;18.00531742;41.99729578;0.0
4262;19.00561283;41.99729055;0.0
4263;20.00590824;41.99728500;0.0
4264;21.00620365;41.99727911;0.0
4265;22.00649906;41.99727289;0.0
4266;23.00679448;41.99726631;0.0
4267;24.00708990;41.99725938;0.0
4268;25.00738532;41.99725207;0.0
4269;26.00768074;41.99724440;0.0
4270;27.00797617;41.99723634;0.0
4271;28.00827161;41.99722788;0.0
4272;29.00856705;41.99721901;0.0
4273;30.00886250;41.99720973;0.0
4274;31.00915796;41.99720002;0.0
4275;32.00945343;41.99718987;0.0
4276;33.00974891;41.99717927;0.0
4277;34.01004441;41.99716820;0.0
4278;35.01033992;41.99715665;0.0
4279;36.01063545;41.99714460;0.0
4280;37.01093099;41.99713205;0.0
4281;38.01122655;41.99711897;0.0
4282;39.01152214;41.99710536;0.0
4283;40.01181775;41.99709118;0.0
4284;41.01211338;41.99707644;0.0
4285;42.01240905;41.99706110;0.0
4286;43.01270474;41.99704515;0.0
4287;44.01300047;41.99702858;0.0
4288;45.01329623;41.99701136;0.0
4289;46.01359203;41.99699346;0.0
4290;47.01388788;41.99697488;0.0
4291;48.01418376;41.99695559;0.0
4292;49.01447970;41.99693556;0.0
4293;50.01477568;41.99691477;0.0
4294;51.01507172;41.99689320;0.0
4295;52.01536781;41.99687082;0.0
4296;53.01566397;41.99684760;0.0
4297;54.01596019;41.99682352;0.0
4298;55.01625648;41.99679855;0.0
4299;56.01655284;41.99677266;0.0
4300;57.01684927;41.99674582;0.0
4301;58.01714579;41.99671799;0.0
4302;59.01744239;41.99668915;0.0
4303;60.01773909;41.99665925;0.0
4304;61.01803587;41.99662827;0.0
4305;62.01833275;41.99659616;0.0
4306;63.01862974;41.99656289;0.0
4307;64.01892683;41.99652841;0.0
4308;65.01922404;41.99649269;0.0
4309;66.01952137;41.99645568;0.0
4310;67.01981881;41.99641734;0.0
4311;68.02011639;41.99637761;0.0
4312;69.02041409;41.99633646;0.0
4313;70.02071193;41.99629382;0.0
4314;71.02100992;41.99624965;0.0
4315;72.02130805;41.99620389;0.0
4316;73.02160634;41.99615648;0.0
4317;74.02190478;41.99610736;0.0
4318;75.02220338;41.99605648;0.0
4319;76.02250215;41.99600376;0.0
4320;77.02280109;41.99594914;0.0
4321;78.02310020;41.99589254;0.0
4322;79.02339949;41.99583391;0.0
4323;80.02369897;41.99577315;0.0
4324;81.02399863;41.99571020;0.0
4325;82.02429848;41.99564496;0.0
4326;83.02459852;41.99557736;0.0
4327;84.02489875;41.99550731;0.0
4328;85.02519918;41.99543472;0.0
4329;86.02549980;41.99535949;0.0
4330;87.02580062;41.99528153;0.0
4331;88.02610163;41.99520074;0.0
4332;89.02640284;41.99511701;0.0
4333;90.02670424;41.99503024;0.0
4334;91.02700583;41.99494033;0.0
4335;92.02730760;41.99484716;0.0
4336;93.02760956;41.99475061;0.0
4337;94.02791169;41.99465058;0.0
4338;95.02821399;41.99454695;0.0
4339;96.02851645;41.99443960;0.0
4340;97.02881907;41.99432841;0.0
4341;98.02912182;41.99421326;0.0
4342;99.02942471;41.99409403;0.0
4343;100.02972771;41.99397060;0.0
4344;0.00000000;42.99726547;0.0
4345;1.00029657;42.99726533;0.0
4346;2.00059314;42.99726493;0.0
4347;3.00088970;42.99726425;0.0
4348;4.00118627;42.99726330;0.0
4349;5.00148284;42.99726209;0.0
4350;6.00177940;42.99726060;0.0
4351;7.00207597;42.99725883;0.0
4352;8.00237254;42.99725679;0.0
4353;9.00266911;42.99725447;0.0
4354;10.00296567;42.99725186;0.0
4355;11.00326224;42.99724897;0.0
4356;12.00355881;42.99724579;0.0
4357;13.00385538;42.99724232;0.0
4358;14.00415195;42.99723854;0.0
4359;15.00444852;42.99723447;0.0
4360;16.00474509;42.99723008;0.0
4361;17.00504166;42.99722538;0.0
4362;18.00533823;42.99722036;0.0
4363;19.00563481;42.99721501;0.0
4364;20.00593139;42.99720933;0.0
4365;21.00622798;42.99720330;0.0
4366;22.00652456;42.99719693;0.0
4367;23.00682116;42.99719020;0.0
4368;24.00711775;42.99718310;0.0
4369;25.00741436;42.99717563;0.0
4370;26.00771097;42.99716778;0.0
4371;27.00800759;42.99715953;0.0
4372;28.00830422;42.99715087;0.0
4373;29.00860085;42.99714181;0.0
4374;30.00889750;42.99713231;0.0
4375;31.00919417;42.99712238;0.0
4376;32.00949084;42.99711199;0.0
4377;33.00978753;42.99710115;0.0
4378;34.01008424;42.99708982;0.0
4379;35.01038096;42.99707801;0.0
4380;36.01067771;42.99706569;0.0
4381;37.01097447;42.99705285;0.0
4382;38.01127126;42.99703948;0.0
4383;39.01156808;42.99702556;0.0
4384;40.01186492;42.99701107;0.0
4385;41.01216180;42.99699599;0.0
4386;42.01245870;42.99698031;0.0
4387;43.01275564;42.99696401;0.0
4388;44.01305262;42.99694707;0.0
4389;45.01334963;42.99692947;0.0
4390;46.01364669;42.99691118;0.0
4391;47.01394380;42.99689220;0.0
4392;48.01424095;42.99687248;0.0
4393;49.01453815;42.99685202;0.0
4394;50.01483541;42.99683079;0.0
4395;51.01513273;42.99680875;0.0
4396;52.01543011;42.99678590;0.0
4397;53.01572755;42.99676219;0.0
4398;54.01602506;42.99673761;0.0
4399;55.01632265;42.99671212;0.0
4400;56.01662031;42.99668569;0.0
4401;57.01691805;42.99665829;0.0
4402;58.01721588;42.99662990;0.0
4403;59.01751379;42.99660047;0.0
4404;60.01781180;42.99656997;0.0
4405;61.01810990;42.99653837;0.0
4406;62.01840811;42.99650563;0.0
4407;63.01870642;42.99647171;0.0
4408;64.01900485;42.99643657;0.0
4409;65.01930339;42.99640016;0.0
4410;66.01960205;42.99636245;0.0
4411;67.01990084;42.99632339;0.0
4412;68.02019976;42.99628294;0.0
4413;69.02049881;42.99624103;0.0
4414;70.02079800;42.99619763;0.0
4415;71.02109733;42.99615267;0.0
4416;72.02139682;42.99610611;0.0
4417;73.02169646;42.99605789;0.0
4418;74.02199625;42.99600795;0.0
4419;75.02229621;42.99595622;0.0
4420;76.02259634;42.99590264;0.0
4421;77.02289664;42.99584715;0.0
4422;78.02319711;42.99578967;0.0
4423;79.02349776;42.99573014;0.0
4424;80.02379859;42.99566848;0.0
4425;81.02409960;42.99560461;0.0
4426;82.02440080;42.99553846;0.0
4427;83.02470219;42.99546993;0.0
4428;84.02500377;42.99539894;0.0
4429;85.02530555;42.99532541;0.0
4430;86.02560751;42.99524925;0.0
4431;87.02590967;42.99517035;0.0
4432;88.02621202;42.99508862;0.0
4433;89.02651456;42.99500396;0.0
4434;90.02681728;42.99491627;0.0
4435;91.02712019;42.99482544;0.0
4436;92.02742328;42.99473137;0.0
4437;93.02772654;42.99463394;0.0
4438;94.02802998;42.99453305;0.0
4439;95.02833357;42.99442857;0.0
4440;96.02863732;42.99432040;0.0
4441;97.02894121;42.99420842;0.0
4442;98.02924524;42.99409251;0.0
4443;99.02954939;42.99397256;0.0
4444;100.02985365;42.99384844;0.0
4445;0.00000000;43.99719042;0.0
4446;1.00029773;43.99719028;0.0
4447;2.00059546;43.99718986;0.0
4448;3.00089319;43.99718917;0.0
4449;4.00119092;43.99718820;0.0
4450;5.00148865;43.99718696;0.0
4451;6.00178638;43.99718543;0.0
4452;7.00208411;43.99718363;0.0
4453;8.00238184;43.99718154;0.0
4454;9.00267957;43.99717917;0.0
4455;10.00297731;43.99717650;0.0
4456;11.00327504;43.99717354;0.0
4457;12.00357278;43.99717029;0.0
4458;13.00387052;43.99716674;0.0
4459;14.00416826;43.99716288;0.0
4460;15.00446600;43.99715871;0.0
4461;16.00476374;43.99715422;0.0
4462;17.00506149;43.99714941;0.0
4463;18.00535925;43.99714428;0.0
4464;19.00565701;43.99713881;0.0
4465;20.00595477;43.99713300;0.0
4466;21.00625254;43.99712684;0.0
4467;22.00655031;43.99712032;0.0
4468;23.00684809;43.99711344;0.0
4469;24.00714588;43.99710618;0.0
4470;25.00744368;43.99709854;0.0
4471;26.00774149;43.99709051;0.0
4472;27.00803931;43.99708207;0.0
4473;28.00833714;43.99707323;0.0
4474;29.00863498;43.99706396;0.0
4475;30.00893284;43.99705425;0.0
4476;31.00923071;43.99704409;0.0
4477;32.00952860;43.99703348;0.0
4478;33.00982651;43.99702239;0.0
4479;34.01012443;43.99701082;0.0
4480;35.01042238;43.99699875;0.0
4481;36.01072036;43.99698616;0.0
4482;37.01101836;43.99697304;0.0
4483;38.01131638;43.99695937;0.0
4484;39.01161443;43.99694515;0.0
4485;40.01191252;43.99693034;0.0
4486;41.01221064;43.99691494;0.0
4487;42.01250879;43.99689892;0.0
4488;43.01280699;43.99688227;0.0
4489;44.01310522;43.99686497;0.0
4490;45.01340350;43.99684699;0.0
4491;46.01370183;43.99682832;0.0
4492;47.01400020;43.99680893;0.0
4493;48.01429863;43.99678881;0.0
4494;49.01459711;43.99676792;0.0
4495;50.01489565;43.99674624;0.0
4496;51.01519425;43.99672375;0.0
4497;52.01549292;43.99670043;0.0
4498;53.01579166;43.99667624;0.0
4499;54.01609047;43.99665116;0.0
4500;55.01638936;43.99662515;0.0
4501;56.01668832;43.99659820;0.0
4502;57.01698737;43.99657026;0.0
4503;58.01728651;43.99654131;0.0
4504;59.01758575;43.99651130;0.0
4505;60.01788508;43.99648022;0.0
4506;61.01818451;43.99644801;0.0
4507;62.01848404;43.99641465;0.0
4508;63.01878369;43.99638009;0.0
4509;64.01908345;43.99634430;0.0
4510;65.01938333;43.99630722;0.0
4511;66.01968333;43.99626883;0.0
4512;67.01998346;43.99622907;0.0
4513;68.02028372;43.99618789;0.0
4514;69.02058412;43.99614525;0.0
4515;70.02088467;43.99610110;0.0
4516;71.02118535;43.99605538;0.0
4517;72.02148619;43.99600804;0.0
4518;73.02178719;43.99595903;0.0
4519;74.02208834;43.99590828;0.0
4520;75.02238966;43.99585573;0.0
4521;76.02269114;43.99580132;0.0
4522;77.02299280;43.99574498;0.0
4523;78.02329463;43.99568665;0.0
4524;79.02359663;43.99562625;0.0
4525;80.02389882;43.99556372;0.0
4526;81.02420119;43.99549897;0.0
4527;82.02450375;43.99543192;0.0
4528;83.02480649;43.99536249;0.0
4529;84.02510942;43.99529061;0.0
4530;85.02541254;43.99521618;0.0
4531;86.02571585;43.99513911;0.0
4532;87.02601935;43.99505931;0.0
4533;88.02632303;43.99497668;0.0
4534;89.02662690;43.99489113;0.0
4535;90.02693095;43.99480256;0.0
4536;91.02723518;43.99471086;0.0
4537;92.02753958;43.99461593;0.0
4538;93.02784415;43.99451767;0.0
4539;94.02814889;43.99441595;0.0
4540;95.02845378;43.99431068;0.0
4541;96.02875882;43.99420173;0.0
4542;97.02906399;43.99408901;0.0
4543;98.02936929;43.99397239;0.0
4544;99.02967471;43.99385176;0.0
4545;100.02998023;43.99372700;0.0
4546;0.00000000;44.99711469;0.0
4547;1.00029890;44.99711455;0.0
4548;2.00059780;44.99711412;0.0
4549;3.00089670;44.99711342;0.0
4550;4.00119561;44.99711243;0.0
4551;5.00149451;44.99711116;0.0
4552;6.00179341;44.99710960;0.0
4553;7.00209232;44.99710775;0.0
4554;8.00239123;44.99710562;0.0
4555;9.00269013;44.99710319;0.0
4556;10.00298904;44.99710047;0.0
4557;11.00328796;44.99709745;0.0
4558;12.00358687;44.99709412;0.0
4559;13.00388579;44.99709049;0.0
4560;14.00418471;44.99708654;0.0
4561;15.00448364;44.99708228;0.0
4562;16.00478257;44.99707770;0.0
4563;17.00508151;44.99707278;0.0
4564;18.00538045;44.99706754;0.0
4565;19.00567940;44.99706194;0.0
4566;20.00597835;44.99705601;0.0
4567;21.00627732;44.99704971;0.0
4568;22.00657629;44.99704305;0.0
4569;23.00687527;44.99703602;0.0
4570;24.00717426;44.99702860;0.0
4571;25.00747326;44.99702080;0.0
4572;26.00777227;44.99701259;0.0
4573;27.00807130;44.99700397;0.0
4574;28.00837034;44.99699493;0.0
4575;29.00866940;44.99698546;0.0
4576;30.00896848;44.99697554;0.0
4577;31.00926757;44.99696517;0.0
4578;32.00956668;44.99695433;0.0
4579;33.00986582;44.99694300;0.0
4580;34.01016498;44.99693118;0.0
4581;35.01046416;44.99691885;0.0
4582;36.01076337;44.99690599;0.0
4583;37.01106261;44.99689260;0.0
4584;38.01136188;44.99687865;0.0
4585;39.01166118;44.99686412;0.0
4586;40.01196051;44.99684900;0.0
4587;41.01225989;44.99683328;0.0
4588;42.01255930;44.99681693;0.0
4589;43.01285876;44.99679993;0.0
4590;44.01315826;44.99678227;0.0
4591;45.01345780;44.99676393;0.0
4592;46.01375740;44.99674487;0.0
4593;47.01405705;44.99672509;0.0
4594;48.01435676;44.99670456;0.0
4595;49.01465653;44.99668325;0.0
4596;50.01495636;44.99666114;0.0
4597;51.01525625;44.99663820;0.0
4598;52.01555622;44.99661442;0.0
4599;53.01585625;44.99658975;0.0
4600;54.01615637;44.99656418;0.0
4601;55.01645656;44.99653767;0.0
4602;56.01675684;44.99651020;0.0
4603;57.01705721;44.99648173;0.0
4604;58.01735767;44.99645222;0.0
4605;59.01765822;44.99642166;0.0
4606;60.01795888;44.99638999;0.0
4607;61.01825964;44.99635719;0.0
4608;62.01856050;44.99632322;0.0
4609;63.01886149;44.99628804;0.0
4610;64.01916258;44.99625160;0.0
4611;65.01946380;44.99621387;0.0
4612;66.01976515;44.99617481;0.0
4613;67.02006663;44.99613436;0.0
4614;68.02036824;44.99609248;0.0
4615;69.02066999;44.99604913;0.0
4616;70.02097189;44.99600424;0.0
4617;71.02127393;44.99595778;0.0
4618;72.02157613;44.99590969;0.0
4619;73.02187848;44.99585990;0.0
4620;74.02218099;44.99580836;0.0
4621;75.02248367;44.99575502;0.0
4622;76.02278651;44.99569980;0.0
4623;77.02308953;44.99564264;0.0
4624;78.02339272;44.99558348;0.0
4625;79.02369609;44.99552224;0.0
4626;80.02399963;44.99545886;0.0
4627;81.02430336;44.99539325;0.0
4628;82.02460727;44.99532534;0.0
4629;83.02491136;44.99525506;0.0
4630;84.02521564;44.99518231;0.0
4631;85.02552011;44.99510701;0.0
4632;86.02582476;44.99502907;0.0
4633;87.02612960;44.99494841;0.0
4634;88.02643462;44.99486493;0.0
4635;89.02673982;44.99477853;0.0
4636;90.02704519;44.99468911;0.0
4637;91.02735074;44.99459659;0.0
4638;92.02765646;44.99450084;0.0
4639;93.02796234;44.99440178;0.0
4640;94.02826838;44.99429928;0.0
4641;95.02857457;44.99419326;0.0
4642;96.02888090;44.99408359;0.0
4643;97.02918736;44.99397017;0.0
4644;98.02949394;44.99385288;0.0
4645;99.02980062;44.99373162;0.0
4646;100.03010741;44.99360627;0.0
4647;0.00000000;45.99703829;0.0
4648;1.00030008;45.99703814;0.0
4649;2.00060017;45.99703771;0.0
4650;3.00090025;45.99703698;0.0
4651;4.00120034;45.99703597;0.0
4652;5.00150042;45.99703467;0.0
4653;6.00180051;45.99703308;0.0
4654;7.00210060;45.99703120;0.0
4655;8.00240069;45.99702902;0.0
4656;9.00270079;45.99702654;0.0
4657;10.00300088;45.99702376;0.0
4658;11.00330098;45.99702067;0.0
4659;12.00360109;45.99701728;0.0
4660;13.00390120;45.99701357;0.0
4661;14.00420131;45.99700954;0.0
4662;15.00450143;45.99700518;0.0
4663;16.00480156;45.99700050;0.0
4664;17.00510169;45.99699548;0.0
4665;18.00540183;45.99699012;0.0
4666;19.00570198;45.99698441;0.0
4667;20.00600213;45.99697835;0.0
4668;21.00630230;45.99697192;0.0
4669;22.00660248;45.99696512;0.0
4670;23.00690267;45.99695793;0.0
4671;24.00720287;45.99695036;0.0
4672;25.00750308;45.99694239;0.0
4673;26.00780331;45.99693401;0.0
4674;27.00810356;45.99692521;0.0
4675;28.00840382;45.99691599;0.0
4676;29.00870410;45.99690632;0.0
4677;30.00900440;45.99689619;0.0
4678;31.00930473;45.99688560;0.0
4679;32.00960507;45.99687453;0.0
4680;33.00990544;45.99686298;0.0
4681;34.01020584;45.99685091;0.0
4682;35.01050626;45.99683832;0.0
4683;36.01080672;45.99682520;0.0
4684;37.01110720;45.99681153;0.0
4685;38.01140772;45.99679730;0.0
4686;39.01170828;45.99678247;0.0
4687;40.01200887;45.99676705;0.0
4688;41.01230951;45.99675101;0.0
4689;42.01261019;45.99673433;0.0
4690;43.01291091;45.99671700;0.0
4691;44.01321169;45.99669898;0.0
4692;45.01351251;45.99668027;0.0
4693;46.01381339;45.99666084;0.0
4694;47.01411432;45.99664067;0.0
4695;48.01441532;45.99661974;0.0
4696;49.01471637;45.99659801;0.0
4697;50.01501750;45.99657548;0.0
4698;51.01531869;45.99655210;0.0
4699;52.01561996;45.99652786;0.0
4700;53.01592130;45.99650273;0.0
4701;54.01622273;45.99647667;0.0
4702;55.01652423;45.99644967;0.0
4703;56.01682583;45.99642169;0.0
4704;57.01712751;45.99639269;0.0
4705;58.01742930;45.99636265;0.0
4706;59.01773118;45.99633153;0.0
4707;60.01803316;45.99629930;0.0
4708;61.01833526;45.99626591;0.0
4709;62.01863746;45.99623134;0.0
4710;63.01893978;45.99619555;0.0
4711;64.01924222;45.99615849;0.0
4712;65.01954479;45.99612012;0.0
4713;66.01984748;45.99608039;0.0
4714;67.02015031;45.99603928;0.0
4715;68.02045327;45.99599671;0.0
4716;69.02075638;45.99595266;0.0
4717;70.02105963;45.99590706;0.0
4718;71.02136303;45.99585988;0.0
4719;72.02166658;45.99581104;0.0
4720;73.02197030;45.99576050;0.0
4721;74.02227417;45.99570820;0.0
4722;75.02257821;45.99565408;0.0
4723;76.02288241;45.99559808;0.0
4724;77.02318679;45.99554012;0.0
4725;78.02349134;45.99548016;0.0
4726;79.02379606;45.99541811;0.0
4727;80.02410097;45.99535391;0.0
4728;81.02440605;45.99528747;0.0
4729;82.02471132;45.99521874;0.0
4730;83.02501676;45.99514762;0.0
4731;84.02532240;45.99507404;0.0
4732;85.02562821;45.99499790;0.0
4733;86.02593420;45.99491914;0.0
4734;87.02624038;45.99483765;0.0
4735;88.02654674;45.99475334;0.0
4736;89.02685327;45.99466613;0.0
4737;90.02715997;45.99457592;0.0
4738;91.02746684;45.99448260;0.0
4739;92.02777388;45.99438609;0.0
4740;93.02808107;45.99428627;0.0
4741;94.02838842;45.99418304;0.0
4742;95.02869590;45.99407631;0.0
4743;96.02900352;45.99396595;0.0
4744;97.02931126;45.99385188;0.0
4745;98.02961912;45.99373397;0.0
4746;99.02992708;45.99361212;0.0
4747;100.03023513;45.99348623;0.0
4748;0.00000000;46.99696120;0.0
4749;1.00030127;46.99696105;0.0
4750;2.00060255;46.99696061;0.0
4751;3.00090383;46.99695987;0.0
4752;4.00120510;46.99695884;0.0
4753;5.00150638;46.99695751;0.0
4754;6.00180766;46.99695589;0.0
4755;7.00210894;46.99695396;0.0
4756;8.00241023;46.99695174;0.0
4757;9.00271152;46.99694921;0.0
4758;10.00301281;46.99694637;0.0
4759;11.00331411;46.99694322;0.0
4760;12.00361541;46.99693975;0.0
4761;13.00391672;46.99693597;0.0
4762;14.00421804;46.99693185;0.0
4763;15.00451936;46.99692741;0.0
4764;16.00482069;46.99692263;0.0
4765;17.00512203;46.99691751;0.0
4766;18.00542337;46.99691204;0.0
4767;19.00572473;46.99690621;0.0
4768;20.00602610;46.99690002;0.0
4769;21.00632748;46.99689346;0.0
4770;22.00662887;46.99688652;0.0
4771;23.00693028;46.99687919;0.0
4772;24.00723170;46.99687146;0.0
4773;25.00753313;46.99686333;0.0
4774;26.00783459;46.99685478;0.0
4775;27.00813606;46.99684580;0.0
4776;28.00843755;46.99683639;0.0
4777;29.00873906;46.99682652;0.0
4778;30.00904060;46.99681619;0.0
4779;31.00934216;46.99680539;0.0
4780;32.00964374;46.99679410;0.0
4781;33.00994536;46.99678231;0.0
4782;34.01024700;46.99677000;0.0
4783;35.01054867;46.99675717;0.0
4784;36.01085038;46.99674379;0.0
4785;37.01115212;46.99672984;0.0
4786;38.01145390;46.99671533;0.0
4787;39.01175572;46.99670021;0.0
4788;40.01205758;46.99668449;0.0
4789;41.01235948;46.99666813;0.0
4790;42.01266143;46.99665113;0.0
4791;43.01296343;46.99663346;0.0
4792;44.01326548;46.99661510;0.0
4793;45.01356759;46.99659603;0.0
4794;46.01386975;46.99657623;0.0
4795;47.01417198;46.99655568;0.0
4796;48.01447426;46.99653435;0.0
4797;49.01477662;46.99651222;0.0
4798;50.01507904;46.99648926;0.0
4799;51.01538154;46.99646545;0.0
4800;52.01568411;46.99644076;0.0
4801;53.01598677;46.99641517;0.0
4802;54.01628950;46.99638864;0.0
4803;55.01659233;46.99636115;0.0
4804;56.01689525;46.99633267;0.0
4805;57.01719826;46.99630316;0.0
4806;58.01750137;46.99627259;0.0
4807;59.01780458;46.99624092;0.0
4808;60.01810790;46.99620813;0.0
4809;61.01841133;46.99617418;0.0
4810;62.01871487;46.99613903;0.0
4811;63.01901853;46.99610263;0.0
4812;64.01932232;46.99606496;0.0
4813;65.01962623;46.99602596;0.0
4814;66.01993027;46.99598559;0.0
4815;67.02023445;46.99594382;0.0
4816;68.02053877;46.99590059;0.0
4817;69.02084323;46.99585585;0.0
4818;70.02114784;46.99580956;0.0
4819;71.02145260;46.99576167;0.0
4820;72.02175752;46.99571211;0.0
4821;73.02206259;46.99566084;0.0
4822;74.02236782;46.99560780;0.0
4823;75.02267322;46.99555293;0.0
4824;76.02297879;46.99549616;0.0
4825;77.02328452;46.99543744;0.0
4826;78.02359044;46.99537669;0.0
4827;79.02389652;46.99531386;0.0
4828;80.02420278;46.99524886;0.0
4829;81.02450923;46.99518164;0.0
4830;82.02481585;46.99511210;0.0
4831;83.02512265;46.99504018;0.0
4832;84.02542963;46.99496580;0.0
4833;85.02573679;46.99488886;0.0
4834;86.02604413;46.99480930;0.0
4835;87.02635165;46.99472702;0.0
4836;88.02665934;46.99464193;0.0
4837;89.02696721;46.99455395;0.0
4838;90.02727524;46.99446297;0.0
4839;91.02758343;46.99436891;0.0
4840;92.02789179;46.99427166;0.0
4841;93.02820029;46.99417113;0.0
4842;94.02850894;46.99406721;0.0
4843;95.02881773;46.99395981;0.0
4844;96.02912664;46.99384882;0.0
4845;97.02943567;46.99373413;0.0
4846;98.02974481;46.99361565;0.0
4847;99.03005404;46.99349326;0.0
4848;100.03036336;46.99336686;0.0
4849;0.00000000;47.99688342;0.0
4850;1.00030247;47.99688327;0.0
4851;2.00060495;47.99688282;0.0
4852;3.00090743;47.99688207;0.0
4853;4.00120990;47.99688101;0.0
4854;5.00151238;47.99687966;0.0
4855;6.00181487;47.99687801;0.0
4856;7.00211735;47.99687604;0.0
4857;8.00241984;47.99687377;0.0
4858;9.00272233;47.99687119;0.0
4859;10.00302483;47.99686830;0.0
4860;11.00332733;47.99686508;0.0
4861;12.00362984;47.99686155;0.0
4862;13.00393236;47.99685769;0.0
4863;14.00423488;47.99685349;0.0
4864;15.00453742;47.99684896;0.0
4865;16.00483996;47.99684408;0.0
4866;17.00514251;47.99683886;0.0
4867;18.00544507;47.99683328;0.0
4868;19.00574764;47.99682734;0.0
4869;20.00605023;47.99682102;0.0
4870;21.00635283;47.99681433;0.0
4871;22.00665545;47.99680725;0.0
4872;23.00695808;47.99679978;0.0
4873;24.00726072;47.99679190;0.0
4874;25.00756339;47.99678360;0.0
4875;26.00786607;47.99677489;0.0
4876;27.00816878;47.99676573;0.0
4877;28.00847151;47.99675613;0.0
4878;29.00877426;47.99674607;0.0
4879;30.00907704;47.99673554;0.0
4880;31.00937984;47.99672453;0.0
4881;32.00968267;47.99671302;0.0
4882;33.00998554;47.99670100;0.0
4883;34.01028843;47.99668846;0.0
4884;35.01059136;47.99667537;0.0
4885;36.01089433;47.99666174;0.0
4886;37.01119733;47.99664753;0.0
4887;38.01150037;47.99663273;0.0
4888;39.01180346;47.99661733;0.0
4889;40.01210659;47.99660131;0.0
4890;41.01240977;47.99658465;0.0
4891;42.01271300;47.99656733;0.0
4892;43.01301628;47.99654932;0.0
4893;44.01331962;47.99653062;0.0
4894;45.01362301;47.99651120;0.0
4895;46.01392647;47.99649104;0.0
4896;47.01422999;47.99647011;0.0
4897;48.01453357;47.99644839;0.0
4898;49.01483723;47.99642585;0.0
4899;50.01514096;47.99640248;0.0
4900;51.01544476;47.99637825;0.0
4901;52.01574865;47.99635312;0.0
4902;53.01605262;47.99632708;0.0
4903;54.01635667;47.99630009;0.0
4904;55.01666082;47.99627212;0.0
4905;56.01696506;47.99624314;0.0
4906;57.01726940;47.99621313;0.0
4907;58.01757384;47.99618204;0.0
4908;59.01787838;47.99614984;0.0
4909;60.01818304;47.99611651;0.0
4910;61.01848781;47.99608200;0.0
4911;62.01879270;47.99604627;0.0
4912;63.01909770;47.99600929;0.0
4913;64.01940284;47.99597101;0.0
4914;65.01970810;47.99593140;0.0
4915;66.02001349;47.99589041;0.0
4916;67.02031903;47.99584800;0.0
4917;68.02062470;47.99580411;0.0
4918;69.02093052;47.99575871;0.0
4919;70.02123649;47.99571174;0.0
4920;71.02154261;47.99566316;0.0
4921;72.02184888;47.99561290;0.0
4922;73.02215532;47.99556092;0.0
4923;74.02246191;47.99550716;0.0
4924;75.02276867;47.99545156;0.0
4925;76.02307560;47.99539405;0.0
4926;77.02338270;47.99533458;0.0
4927;78.02368997;47.99527308;0.0
4928;79.02399742;47.99520949;0.0
4929;80.02430504;47.99514373;0.0
4930;81.02461284;47.99507574;0.0
4931;82.02492082;47.99500543;0.0
4932;83.02522898;47.99493274;0.0
4933;84.02553731;47.99485759;0.0
4934;85.02584582;47.99477989;0.0
4935;86.02615450;47.99469956;0.0
4936;87.02646336;47.99461653;0.0
4937;88.02677239;47.99453069;0.0
4938;89.02708159;47.99444197;0.0
4939;90.02739095;47.99435027;0.0
4940;91.02770047;47.99425549;0.0
4941;92.02801014;47.99415755;0.0
4942;93.02831996;47.99405635;0.0
4943;94.02862991;47.99395178;0.0
4944;95.02894000;47.99384376;0.0
4945;96.02925021;47.99373217;0.0
4946;97.02956053;47.99361692;0.0
4947;98.02987095;47.99349790;0.0
4948;99.03018146;47.99337501;0.0
4949;100.03049205;47.99324815;0.0
4950;0.00000000;48.99680495;0.0
4951;1.00030368;48.99680480;0.0
4952;2.00060737;48.99680434;0.0
4953;3.00091105;48.99680357;0.0
4954;4.00121474;48.99680250;0.0
4955;5.00151842;48.99680112;0.0
4956;6.00182212;48.99679943;0.0
4957;7.00212581;48.99679743;0.0
4958;8.00242951;48.99679512;0.0
4959;9.00273322;48.99679249;0.0
4960;10.00303693;48.99678954;0.0
4961;11.00334064;48.99678626;0.0
4962;12.00364437;48.99678266;0.0
4963;13.00394810;48.99677872;0.0
4964;14.00425184;48.99677444;0.0
4965;15.00455559;48.99676982;0.0
4966;16.00485935;48.99676486;0.0
4967;17.00516312;48.99675953;0.0
4968;18.00546691;48.99675384;0.0
4969;19.00577070;48.99674778;0.0
4970;20.00607452;48.99674135;0.0
4971;21.00637835;48.99673453;0.0
4972;22.00668219;48.99672731;0.0
4973;23.00698605;48.99671970;0.0
4974;24.00728993;48.99671167;0.0
4975;25.00759384;48.99670321;0.0
4976;26.00789776;48.99669433;0.0
4977;27.00820171;48.99668500;0.0
4978;28.00850568;48.99667522;0.0
4979;29.00880968;48.99666497;0.0
4980;30.00911370;48.99665424;0.0
4981;31.00941776;48.99664302;0.0
4982;32.00972184;48.99663129;0.0
4983;33.01002596;48.99661905;0.0
4984;34.01033012;48.99660627;0.0
4985;35.01063431;48.99659294;0.0
4986;36.01093854;48.99657905;0.0
4987;37.01124281;48.99656458;0.0
4988;38.01154713;48.99654951;0.0
4989;39.01185149;48.99653383;0.0
4990;40.01215590;48.99651752;0.0
4991;41.01246036;48.99650055;0.0
4992;42.01276487;48.99648292;0.0
4993;43.01306944;48.99646459;0.0
4994;44.01337406;48.99644555;0.0
4995;45.01367875;48.99642578;0.0
4996;46.01398350;48.99640526;0.0
4997;47.01428832;48.99638396;0.0
4998;48.01459321;48.99636186;0.0
4999;49.01489817;48.99633893;0.0
5000;50.01520321;48.99631515;0.0
5001;51.01550833;48.99629050;0.0
5002;52.01581353;48.99626494;0.0
5003;53.01611882;48.99623846;0.0
5004;54.01642419;48.99621101;0.0
5005;55.01672967;48.99618257;0.0
5006;56.01703524;48.99615311;0.0
5007;57.01734091;48.99612260;0.0
5008;58.01764668;48.99609101;0.0
5009;59.01795256;48.99605829;0.0
5010;60.01825856;48.99602442;0.0
5011;61.01856467;48.99598936;0.0
5012;62.01887090;48.99595307;0.0
5013;63.01917725;48.99591552;0.0
5014;64.01948374;48.99587666;0.0
5015;65.01979035;48.99583645;0.0
5016;66.02009710;48.99579484;0.0
5017;67.02040399;48.99575181;0.0
5018;68.02071102;48.99570729;0.0
5019;69.02101820;48.99566124;0.0
5020;70.02132552;48.99561361;0.0
5021;71.02163300;48.99556436;0.0
5022;72.02194064;48.99551342;0.0
5023;73.02224844;48.99546075;0.0
5024;74.02255640;48.99540629;0.0
5025;75.02286452;48.99534997;0.0
5026;76.02317281;48.99529175;0.0
5027;77.02348128;48.99523156;0.0
5028;78.02378991;48.99516933;0.0
5029;79.02409872;48.99510501;0.0
5030;80.02440770;48.99503851;0.0
5031;81.02471686;48.99496978;0.0
5032;82.02502619;48.99489873;0.0
5033;83.02533570;48.99482530;0.0
5034;84.02564539;48.99474941;0.0
5035;85.02595525;48.99467097;0.0
5036;86.02626528;48.99458992;0.0
5037;87.02657548;48.99450616;0.0
5038;88.02688584;48.99441961;0.0
5039;89.02719637;48.99433019;0.0
5040;90.02750706;48.99423780;0.0
5041;91.02781791;48.99414236;0.0
5042;92.02812890;48.99404376;0.0
5043;93.02844003;48.99394193;0.0
5044;94.02875130;48.99383675;0.0
5045;95.02906269;48.99372814;0.0
5046;96.02937419;48.99361599;0.0
5047;97.02968580;48.99350021;0.0
5048;98.02999751;48.99338070;0.0
5049;99.03030930;48.99325736;0.0
5050;100.03062116;48.99313008;0.0
5051;0.00000000;49.99672579;0.0
5052;1.00030490;49.99672564;0.0
5053;2.00060980;49.99672517;0.0
5054;3.00091470;49.99672439;0.0
5055;4.00121960;49.99672330;0.0
5056;5.00152450;49.99672189;0.0
5057;6.00182941;49.99672017;0.0
5058;7.00213432;49.99671813;0.0
5059;8.00243924;49.99671578;0.0
5060;9.00274416;49.99671310;0.0
5061;10.00304909;49.99671009;0.0
5062;11.00335403;49.99670675;0.0
5063;12.00365897;49.99670308;0.0
5064;13.00396393;49.99669907;0.0
5065;14.00426889;49.99669471;0.0
5066;15.00457387;49.99669001;0.0
5067;16.00487886;49.99668494;0.0
5068;17.00518386;49.99667952;0.0
5069;18.00548887;49.99667373;0.0
5070;19.00579390;49.99666755;0.0
5071;20.00609894;49.99666100;0.0
5072;21.00640401;49.99665405;0.0
5073;22.00670909;49.99664670;0.0
5074;23.00701419;49.99663895;0.0
5075;24.00731931;49.99663077;0.0
5076;25.00762446;49.99662216;0.0
5077;26.00792963;49.99661311;0.0
5078;27.00823482;49.99660361;0.0
5079;28.00854004;49.99659365;0.0
5080;29.00884529;49.99658321;0.0
5081;30.00915057;49.99657229;0.0
5082;31.00945588;49.99656086;0.0
5083;32.00976123;49.99654892;0.0
5084;33.01006661;49.99653646;0.0
5085;34.01037203;49.99652345;0.0
5086;35.01067749;49.99650988;0.0
5087;36.01098299;49.99649574;0.0
5088;37.01128854;49.99648101;0.0
5089;38.01159413;49.99646568;0.0
5090;39.01189977;49.99644971;0.0
5091;40.01220546;49.99643311;0.0
5092;41.01251121;49.99641585;0.0
5093;42.01281701;49.99639790;0.0
5094;43.01312287;49.99637926;0.0
5095;44.01342879;49.99635989;0.0
5096;45.01373477;49.99633978;0.0
5097;46.01404083;49.99631890;0.0
5098;47.01434695;49.99629724;0.0
5099;48.01465314;49.99627476;0.0
5100;49.01495942;49.99625145;0.0
5101;50.01526577;49.99622727;0.0
5102;51.01557220;49.99620221;0.0
5103;52.01587872;49.99617623;0.0
5104;53.01618533;49.99614931;0.0
5105;54.01649204;49.99612141;0.0
5106;55.01679884;49.99609251;0.0
5107;56.01710574;49.99606258;0.0
5108;57.01741274;49.99603159;0.0
5109;58.01771985;49.99599949;0.0
5110;59.01802708;49.99596627;0.0
5111;60.01833441;49.99593188;0.0
5112;61.01864187;49.99589628;0.0
5113;62.01894945;49.99585944;0.0
5114;63.01925715;49.99582133;0.0
5115;64.01956498;49.99578189;0.0
5116;65.01987295;49.99574110;0.0
5117;66.02018105;49.99569890;0.0
5118;67.02048930;49.99565525;0.0
5119;68.02079769;49.99561012;0.0
5120;69.02110623;49.99556344;0.0
5121;70.02141491;49.99551517;0.0
5122;71.02172376;49.99546526;0.0
5123;72.02203276;49.99541366;0.0
5124;73.02234192;49.99536032;0.0
5125;74.02265124;49.99530518;0.0
5126;75.02296073;49.99524818;0.0
5127;76.02327038;49.99518927;0.0
5128;77.02358021;49.99512838;0.0
5129;78.02389021;49.99506544;0.0
5130;79.02420037;49.99500041;0.0
5131;80.02451072;49.99493320;0.0
5132;81.02482123;49.99486376;0.0
5133;82.02513192;49.99479200;0.0
5134;83.02544279;49.99471786;0.0
5135;84.02575382;49.99464126;0.0
5136;85.02606503;49.99456212;0.0
5137;86.02637641;49.99448037;0.0
5138;87.02668795;49.99439592;0.0
5139;88.02699966;49.99430870;0.0
5140;89.02731152;49.99421861;0.0
5141;90.02762354;49.99412557;0.0
5142;91.02793571;49.99402949;0.0
5143;92.02824802;49.99393028;0.0
5144;93.02856047;49.99382784;0.0
5145;94.02887304;49.99372210;0.0
5146;95.02918574;49.99361294;0.0
5147;96.02949854;49.99350028;0.0
5148;97.02981145;49.99338402;0.0
5149;98.03012444;49.99326405;0.0
5150;99.03043751;49.99314029;0.0
5151;100.03075065;49.99301263;0.0
5152;0.00000000;50.99664594;0.0
5153;1.00030612;50.99664578;0.0
5154;2.00061224;50.99664530;0.0
5155;3.00091836;50.99664451;0.0
5156;4.00122449;50.99664339;0.0
5157;5.00153061;50.99664196;0.0
5158;6.00183674;50.99664021;0.0
5159;7.00214288;50.99663814;0.0
5160;8.00244902;50.99663574;0.0
5161;9.00275517;50.99663301;0.0
5162;10.00306132;50.99662995;0.0
5163;11.00336749;50.99662655;0.0
5164;12.00367366;50.99662281;0.0
5165;13.00397984;50.99661873;0.0
5166;14.00428604;50.99661429;0.0
5167;15.00459225;50.99660950;0.0
5168;16.00489847;50.99660435;0.0
5169;17.00520470;50.99659883;0.0
5170;18.00551095;50.99659293;0.0
5171;19.00581722;50.99658664;0.0
5172;20.00612350;50.99657997;0.0
5173;21.00642980;50.99657290;0.0
5174;22.00673613;50.99656542;0.0
5175;23.00704247;50.99655752;0.0
5176;24.00734884;50.99654920;0.0
5177;25.00765524;50.99654043;0.0
5178;26.00796166;50.99653123;0.0
5179;27.00826810;50.99652156;0.0
5180;28.00857458;50.99651142;0.0
5181;29.00888109;50.99650080;0.0
5182;30.00918763;50.99648968;0.0
5183;31.00949420;50.99647805;0.0
5184;32.00980081;50.99646590;0.0
5185;33.01010746;50.99645322;0.0
5186;34.01041415;50.99643998;0.0
5187;35.01072089;50.99642618;0.0
5188;36.01102766;50.99641180;0.0
5189;37.01133449;50.99639681;0.0
5190;38.01164136;50.99638121;0.0
5191;39.01194829;50.99636498;0.0
5192;40.01225526;50.99634809;0.0
5193;41.01256230;50.99633053;0.0
5194;42.01286939;50.99631229;0.0
5195;43.01317655;50.99629333;0.0
5196;44.01348377;50.99627363;0.0
5197;45.01379106;50.99625319;0.0
5198;46.01409841;50.99623197;0.0
5199;47.01440584;50.99620995;0.0
5200;48.01471335;50.99618710;0.0
5201;49.01502094;50.99616341;0.0
5202;50.01532860;50.99613884;0.0
5203;51.01563636;50.99611337;0.0
5204;52.01594420;50.99608698;0.0
5205;53.01625214;50.99605963;0.0
5206;54.01656017;50.99603130;0.0
5207;55.01686830;50.99600195;0.0
5208;56.01717653;50.99597155;0.0
5209;57.01748487;50.99594008;0.0
5210;58.01779332;50.99590750;0.0
5211;59.01810189;50.99587378;0.0
5212;60.01841057;50.99583888;0.0
5213;61.01871937;50.99580276;0.0
5214;62.01902830;50.99576539;0.0
5215;63.01933735;50.99572672;0.0
5216;64.01964654;50.99568673;0.0
5217;65.01995586;50.99564536;0.0
5218;66.02026532;50.99560258;0.0
5219;67.02057492;50.99555835;0.0
5220;68.02088467;50.99551260;0.0
5221;69.02119457;50.99546531;0.0
5222;70.02150462;50.99541642;0.0
5223;71.02181483;50.99536588;0.0
5224;72.02212519;50.99531364;0.0
5225;73.02243571;50.99525965;0.0
5226;74.02274640;50.99520385;0.0
5227;75.02305725;50.99514618;0.0
5228;76.02336827;50.99508660;0.0
5229;77.02367946;50.99502503;0.0
5230;78.02399082;50.99496142;0.0
5231;79.02430235;50.99489570;0.0
5232;80.02461405;50.99482781;0.0
5233;81.02492593;50.99475767;0.0
5234;82.02523797;50.99468523;0.0
5235;83.02555019;50.99461041;0.0
5236;84.02586258;50.99453313;0.0
5237;85.02617513;50.99445332;0.0
5238;86.02648786;50.99437091;0.0
5239;87.02680074;50.99428580;0.0
5240;88.02711379;50.99419793;0.0
5241;89.02742699;50.99410721;0.0
5242;90.02774034;50.99401355;0.0
5243;91.02805383;50.99391687;0.0
5244;92.02836747;50.99381709;0.0
5245;93.02868123;50.99371410;0.0
5246;94.02899512;50.99360782;0.0
5247;95.02930912;50.99349816;0.0
5248;96.02962322;50.99338502;0.0
5249;97.02993742;50.99326831;0.0
5250;98.03025171;50.99314793;0.0
5251;99.03056606;50.99302379;0.0
5252;100.03088047;50.99289580;0.0
5253;0.00000000;51.99656538;0.0
5254;1.00030735;51.99656522;0.0
5255;2.00061469;51.99656473;0.0
5256;3.00092204;51.99656393;0.0
5257;4.00122940;51.99656280;0.0
5258;5.00153675;51.99656134;0.0
5259;6.00184411;51.99655956;0.0
5260;7.00215148;51.99655745;0.0
5261;8.00245885;51.99655501;0.0
5262;9.00276623;51.99655223;0.0
5263;10.00307361;51.99654911;0.0
5264;11.00338101;51.99654566;0.0
5265;12.00368842;51.99654185;0.0
5266;13.00399583;51.99653770;0.0
5267;14.00430327;51.99653318;0.0
5268;15.00461071;51.99652831;0.0
5269;16.00491817;51.99652307;0.0
5270;17.00522564;51.99651745;0.0
5271;18.00553313;51.99651144;0.0
5272;19.00584064;51.99650505;0.0
5273;20.00614817;51.99649826;0.0
5274;21.00645572;51.99649107;0.0
5275;22.00676329;51.99648346;0.0
5276;23.00707089;51.99647542;0.0
5277;24.00737851;51.99646696;0.0
5278;25.00768616;51.99645804;0.0
5279;26.00799383;51.99644867;0.0
5280;27.00830154;51.99643884;0.0
5281;28.00860928;51.99642853;0.0
5282;29.00891705;51.99641772;0.0
5283;30.00922485;51.99640642;0.0
5284;31.00953269;51.99639459;0.0
5285;32.00984057;51.99638224;0.0
5286;33.01014850;51.99636934;0.0
5287;34.01045646;51.99635588;0.0
5288;35.01076447;51.99634185;0.0
5289;36.01107253;51.99632722;0.0
5290;37.01138064;51.99631199;0.0
5291;38.01168879;51.99629613;0.0
5292;39.01199701;51.99627963;0.0
5293;40.01230528;51.99626246;0.0
5294;41.01261361;51.99624461;0.0
5295;42.01292200;51.99622607;0.0
5296;43.01323045;51.99620680;0.0
5297;44.01353897;51.99618679;0.0
5298;45.01384757;51.99616602;0.0
5299;46.01415623;51.99614445;0.0
5300;47.01446497;51.99612208;0.0
5301;48.01477379;51.99609887;0.0
5302;49.01508270;51.99607481;0.0
5303;50.01539169;51.99604986;0.0
5304;51.01570076;51.99602400;0.0
5305;52.01600993;51.99599720;0.0
5306;53.01631919;51.99596943;0.0
5307;54.01662856;51.99594067;0.0
5308;55.01693802;51.99591088;0.0
5309;56.01724759;51.99588003;0.0
5310;57.01755727;51.99584810;0.0
5311;58.01786706;51.99581504;0.0
5312;59.01817697;51.99578083;0.0
5313;60.01848699;51.99574543;0.0
5314;61.01879714;51.99570880;0.0
5315;62.01910742;51.99567090;0.0
5316;63.01941783;51.99563171;0.0
5317;64.01972837;51.99559117;0.0
5318;65.02003905;51.99554924;0.0
5319;66.02034986;51.99550590;0.0
5320;67.02066082;51.99546108;0.0
5321;68.02097193;51.99541475;0.0
5322;69.02128319;51.99536686;0.0
5323;70.02159460;51.99531736;0.0
5324;71.02190617;51.99526621;0.0
5325;72.02221790;51.99521334;0.0
5326;73.02252979;51.99515872;0.0
5327;74.02284184;51.99510228;0.0
5328;75.02315405;51.99504397;0.0
5329;76.02346644;51.99498374;0.0
5330;77.02377899;51.99492152;0.0
5331;78.02409171;51.99485725;0.0
5332;79.02440460;51.99479087;0.0
5333;80.02471766;51.99472232;0.0
5334;81.02503090;51.99465153;0.0
5335;82.02534430;51.99457843;0.0
5336;83.02565787;51.99450296;0.0
5337;84.02597161;51.99442503;0.0
5338;85.02628552;51.99434458;0.0
5339;86.02659959;51.99426153;0.0
5340;87.02691382;51.99417580;0.0
5341;88.02722820;51.99408732;0.0
5342;89.02754274;51.99399600;0.0
5343;90.02785742;51.99390176;0.0
5344;91.02817224;51.99380452;0.0
5345;92.02848720;51.99370418;0.0
5346;93.02880228;51.99360068;0.0
5347;94.02911748;51.99349390;0.0
5348;95.02943279;51.99338377;0.0
5349;96.02974819;51.99327019;0.0
5350;97.03006369;51.99315307;0.0
5351;98.03037926;51.99303232;0.0
5352;99.03069490;51.99290785;0.0
5353;100.03101059;51.99277955;0.0
5354;0.00000000;52.99648413;0.0
5355;1.00030858;52.99648396;0.0
5356;2.00061716;52.99648347;0.0
5357;3.00092574;52.99648265;0.0
5358;4.00123433;52.99648150;0.0
5359;5.00154292;52.99648002;0.0
5360;6.00185151;52.99647821;0.0
5361;7.00216011;52.99647606;0.0
5362;8.00246872;52.99647358;0.0
5363;9.00277733;52.99647075;0.0
5364;10.00308596;52.99646759;0.0
5365;11.00339459;52.99646407;0.0
5366;12.00370324;52.99646020;0.0
5367;13.00401189;52.99645597;0.0
5368;14.00432056;52.99645139;0.0
5369;15.00462925;52.99644643;0.0
5370;16.00493795;52.99644110;0.0
5371;17.00524667;52.99643538;0.0
5372;18.00555541;52.99642928;0.0
5373;19.00586416;52.99642278;0.0
5374;20.00617294;52.99641588;0.0
5375;21.00648174;52.99640856;0.0
5376;22.00679057;52.99640082;0.0
5377;23.00709942;52.99639265;0.0
5378;24.00740830;52.99638404;0.0
5379;25.00771720;52.99637498;0.0
5380;26.00802614;52.99636546;0.0
5381;27.00833511;52.99635546;0.0
5382;28.00864411;52.99634498;0.0
5383;29.00895315;52.99633399;0.0
5384;30.00926222;52.99632250;0.0
5385;31.00957134;52.99631048;0.0
5386;32.00988049;52.99629793;0.0
5387;33.01018969;52.99628482;0.0
5388;34.01049893;52.99627114;0.0
5389;35.01080822;52.99625688;0.0
5390;36.01111757;52.99624201;0.0
5391;37.01142696;52.99622654;0.0
5392;38.01173641;52.99621042;0.0
5393;39.01204591;52.99619366;0.0
5394;40.01235548;52.99617622;0.0
5395;41.01266510;52.99615809;0.0
5396;42.01297479;52.99613925;0.0
5397;43.01328455;52.99611968;0.0
5398;44.01359438;52.99609936;0.0
5399;45.01390428;52.99607826;0.0
5400;46.01421426;52.99605636;0.0
5401;47.01452431;52.99603365;0.0
5402;48.01483445;52.99601009;0.0
5403;49.01514467;52.99598566;0.0
5404;50.01545498;52.99596033;0.0
5405;51.01576538;52.99593408;0.0
5406;52.01607588;52.99590689;0.0
5407;53.01638647;52.99587871;0.0
5408;54.01669717;52.99584953;0.0
5409;55.01700797;52.99581931;0.0
5410;56.01731888;52.99578802;0.0
5411;57.01762990;52.99575563;0.0
5412;58.01794103;52.99572211;0.0
5413;59.01825228;52.99568742;0.0
5414;60.01856365;52.99565153;0.0
5415;61.01887515;52.99561440;0.0
5416;62.01918678;52.99557599;0.0
5417;63.01949854;52.99553628;0.0
5418;64.01981044;52.99549521;0.0
5419;65.02012247;52.99545274;0.0
5420;66.02043464;52.99540884;0.0
5421;67.02074697;52.99536346;0.0
5422;68.02105943;52.99531656;0.0
5423;69.02137205;52.99526809;0.0
5424;70.02168483;52.99521800;0.0
5425;71.02199776;52.99516625;0.0
5426;72.02231085;52.99511278;0.0
5427;73.02262410;52.99505755;0.0
5428;74.02293752;52.99500049;0.0
5429;75.02325110;52.99494156;0.0
5430;76.02356484;52.99488070;0.0
5431;77.02387876;52.99481785;0.0
5432;78.02419284;52.99475295;0.0
5433;79.02450709;52.99468594;0.0
5434;80.02482152;52.99461675;0.0
5435;81.02513611;52.99454533;0.0
5436;82.02545087;52.99447160;0.0
5437;83.02576579;52.99439550;0.0
5438;84.02608089;52.99431695;0.0
5439;85.02639614;52.99423588;0.0
5440;86.02671156;52.99415223;0.0
5441;87.02702713;52.99406591;0.0
5442;88.02734285;52.99397685;0.0
5443;89.02765873;52.99388496;0.0
5444;90.02797474;52.99379017;0.0
5445;91.02829089;52.99369240;0.0
5446;92.02860717;52.99359156;0.0
5447;93.02892357;52.99348757;0.0
5448;94.02924009;52.99338033;0.0
5449;95.02955671;52.99326977;0.0
5450;96.02987342;52.99315579;0.0
5451;97.03019021;52.99303830;0.0
5452;98.03050708;52.99291721;0.0
5453;99.03082401;52.99279244;0.0
5454;100.03114098;52.99266388;0.0
5455;0.00000000;53.99640217;0.0
5456;1.00030982;53.99640200;0.0
5457;2.00061963;53.99640150;0.0
5458;3.00092945;53.99640067;0.0
5459;4.00123928;53.99639950;0.0
5460;5.00154910;53.99639800;0.0
5461;6.00185894;53.99639616;0.0
5462;7.00216878;53.99639398;0.0
5463;8.00247862;53.99639145;0.0
5464;9.00278848;53.99638858;0.0
5465;10.00309834;53.99638536;0.0
5466;11.00340822;53.99638179;0.0
5467;12.00371811;53.99637785;0.0
5468;13.00402801;53.99637356;0.0
5469;14.00433793;53.99636890;0.0
5470;15.00464786;53.99636386;0.0
5471;16.00495781;53.99635844;0.0
5472;17.00526777;53.99635263;0.0
5473;18.00557776;53.99634643;0.0
5474;19.00588777;53.99633982;0.0
5475;20.00619780;53.99633281;0.0
5476;21.00650786;53.99632537;0.0
5477;22.00681794;53.99631751;0.0
5478;23.00712805;53.99630921;0.0
5479;24.00743819;53.99630046;0.0
5480;25.00774836;53.99629125;0.0
5481;26.00805856;53.99628157;0.0
5482;27.00836879;53.99627142;0.0
5483;28.00867906;53.99626076;0.0
5484;29.00898937;53.99624961;0.0
5485;30.00929972;53.99623793;0.0
5486;31.00961011;53.99622572;0.0
5487;32.00992054;53.99621297;0.0
5488;33.01023102;53.99619965;0.0
5489;34.01054155;53.99618576;0.0
5490;35.01085212;53.99617127;0.0
5491;36.01116275;53.99615618;0.0
5492;37.01147344;53.99614046;0.0
5493;38.01178418;53.99612410;0.0
5494;39.01209498;53.99610707;0.0
5495;40.01240584;53.99608936;0.0
5496;41.01271676;53.99607096;0.0
5497;42.01302776;53.99605183;0.0
5498;43.01333882;53.99603197;0.0
5499;44.01364996;53.99601134;0.0
5500;45.01396117;53.99598992;0.0
5501;46.01427246;53.99596770;0.0
5502;47.01458383;53.99594465;0.0
5503;48.01489529;53.99592074;0.0
5504;49.01520683;53.99589596;0.0
5505;50.01551847;53.99587026;0.0
5506;51.01583020;53.99584363;0.0
5507;52.01614202;53.99581605;0.0
5508;53.01645395;53.99578747;0.0
5509;54.01676598;53.99575788;0.0
5510;55.01707811;53.99572723;0.0
5511;56.01739036;53.99569551;0.0
5512;57.01770272;53.99566268;0.0
5513;58.01801520;53.99562870;0.0
5514;59.01832779;53.99559355;0.0
5515;60.01864051;53.99555718;0.0
5516;61.01895336;53.99551957;0.0
5517;62.01926634;53.99548067;0.0
5518;63.01957946;53.99544044;0.0
5519;64.01989271;53.99539885;0.0
5520;65.02020610;53.99535586;0.0
5521;66.02051963;53.99531142;0.0
5522;67.02083331;53.99526550;0.0
5523;68.02114714;53.99521804;0.0
5524;69.02146112;53.99516901;0.0
5525;70.02177526;53.99511835;0.0
5526;71.02208955;53.99506602;0.0
5527;72.02240401;53.99501196;0.0
5528;73.02271862;53.99495614;0.0
5529;74.02303340;53.99489848;0.0
5530;75.02334834;53.99483895;0.0
5531;76.02366345;53.99477748;0.0
5532;77.02397873;53.99471402;0.0
5533;78.02429418;53.99464851;0.0
5534;79.02460979;53.99458089;0.0
5535;80.02492557;53.99451110;0.0
5536;81.02524152;53.99443906;0.0
5537;82.02555764;53.99436473;0.0
5538;83.02587392;53.99428803;0.0
5539;84.02619036;53.99420889;0.0
5540;85.02650697;53.99412724;0.0
5541;86.02682373;53.99404301;0.0
5542;87.02714065;53.99395613;0.0
5543;88.02745771;53.99386651;0.0
5544;89.02777492;53.99377410;0.0
5545;90.02809227;53.99367879;0.0
5546;91.02840975;53.99358052;0.0
5547;92.02872736;53.99347921;0.0
5548;93.02904508;53.99337476;0.0
5549;94.02936291;53.99326710;0.0
5550;95.02968084;53.99315614;0.0
5551;96.02999885;53.99304180;0.0
5552;97.03031695;53.99292398;0.0
5553;98.03063511;53.99280259;0.0
5554;99.03095333;53.99267755;0.0
5555;100.03127159;53.99254877;0.0
5556;0.00000000;54.99631951;0.0
5557;1.00031106;54.99631934;0.0
5558;2.00062212;54.99631884;0.0
5559;3.00093318;54.99631799;0.0
5560;4.00124424;54.99631680;0.0
5561;5.00155531;54.99631528;0.0
5562;6.00186639;54.99631341;0.0
5563;7.00217747;54.99631119;0.0
5564;8.00248856;54.99630863;0.0
5565;9.00279966;54.99630571;0.0
5566;10.00311077;54.99630244;0.0
5567;11.00342189;54.99629881;0.0
5568;12.00373303;54.99629481;0.0
5569;13.00404417;54.99629045;0.0
5570;14.00435534;54.99628571;0.0
5571;15.00466652;54.99628059;0.0
5572;16.00497772;54.99627509;0.0
5573;17.00528894;54.99626919;0.0
5574;18.00560019;54.99626289;0.0
5575;19.00591145;54.99625618;0.0
5576;20.00622274;54.99624906;0.0
5577;21.00653405;54.99624151;0.0
5578;22.00684540;54.99623352;0.0
5579;23.00715677;54.99622509;0.0
5580;24.00746817;54.99621620;0.0
5581;25.00777960;54.99620685;0.0
5582;26.00809107;54.99619703;0.0
5583;27.00840258;54.99618671;0.0
5584;28.00871412;54.99617589;0.0
5585;29.00902570;54.99616456;0.0
5586;30.00933733;54.99615271;0.0
5587;31.00964899;54.99614031;0.0
5588;32.00996071;54.99612736;0.0
5589;33.01027247;54.99611384;0.0
5590;34.01058428;54.99609974;0.0
5591;35.01089615;54.99608504;0.0
5592;36.01120806;54.99606971;0.0
5593;37.01152004;54.99605376;0.0
5594;38.01183208;54.99603715;0.0
5595;39.01214417;54.99601987;0.0
5596;40.01245634;54.99600190;0.0
5597;41.01276856;54.99598322;0.0
5598;42.01308086;54.99596382;0.0
5599;43.01339324;54.99594366;0.0
5600;44.01370568;54.99592273;0.0
5601;45.01401821;54.99590101;0.0
5602;46.01433081;54.99587847;0.0
5603;47.01464350;54.99585509;0.0
5604;48.01495628;54.99583084;0.0
5605;49.01526915;54.99580570;0.0
5606;50.01558211;54.99577965;0.0
5607;51.01589516;54.99575265;0.0
5608;52.01620832;54.99572468;0.0
5609;53.01652158;54.99569572;0.0
5610;54.01683494;54.99566572;0.0
5611;55.01714842;54.99563467;0.0
5612;56.01746201;54.99560252;0.0
5613;57.01777571;54.99556926;0.0
5614;58.01808953;54.99553484;0.0
5615;59.01840347;54.99549923;0.0
5616;60.01871754;54.99546240;0.0
5617;61.01903174;54.99542431;0.0
5618;62.01934607;54.99538492;0.0
5619;63.01966054;54.99534420;0.0
5620;64.01997515;54.99530211;0.0
5621;65.02028989;54.99525861;0.0
5622;66.02060479;54.99521365;0.0
5623;67.02091983;54.99516719;0.0
5624;68.02123502;54.99511919;0.0
5625;69.02155036;54.99506961;0.0
5626;70.02186586;54.99501840;0.0
5627;71.02218151;54.99496550;0.0
5628;72.02249733;54.99491088;0.0
5629;73.02281331;54.99485448;0.0
5630;74.02312945;54.99479625;0.0
5631;75.02344576;54.99473614;0.0
5632;76.02376223;54.99467408;0.0
5633;77.02407887;54.99461004;0.0
5634;78.02439568;54.99454394;0.0
5635;79.02471265;54.99447573;0.0
5636;80.02502979;54.99440535;0.0
5637;81.02534710;54.99433273;0.0
5638;82.02566457;54.99425782;0.0
5639;83.02598221;54.99418055;0.0
5640;84.02630001;54.99410084;0.0
5641;85.02661796;54.99401864;0.0
5642;86.02693607;54.99393386;0.0
5643;87.02725433;54.99384644;0.0
5644;88.02757274;54.99375631;0.0
5645;89.02789129;54.99366339;0.0
5646;90.02820997;54.99356761;0.0
5647;91.02852878;54.99346887;0.0
5648;92.02884771;54.99336712;0.0
5649;93.02916675;54.99326225;0.0
5650;94.02948590;54.99315420;0.0
5651;95.02980514;54.99304288;0.0
5652;96.03012447;54.99292821;0.0
5653;97.03044387;54.99281009;0.0
5654;98.03076333;54.99268844;0.0
5655;99.03108283;54.99256317;0.0
5656;100.03140238;54.99243421;0.0
5657;0.00000000;55.99623616;0.0
5658;1.00031230;55.99623598;0.0
5659;2.00062461;55.99623547;0.0
5660;3.00093691;55.99623461;0.0
5661;4.00124922;55.99623340;0.0
5662;5.00156154;55.99623185;0.0
5663;6.00187386;55.99622995;0.0
5664;7.00218618;55.99622770;0.0
5665;8.00249852;55.99622510;0.0
5666;9.00281087;55.99622214;0.0
5667;10.00312323;55.99621882;0.0
5668;11.00343560;55.99621513;0.0
5669;12.00374798;55.99621108;0.0
5670;13.00406038;55.99620665;0.0
5671;14.00437280;55.99620184;0.0
5672;15.00468523;55.99619664;0.0
5673;16.00499769;55.99619105;0.0
5674;17.00531017;55.99618506;0.0
5675;18.00562266;55.99617867;0.0
5676;19.00593519;55.99617186;0.0
5677;20.00624774;55.99616463;0.0
5678;21.00656031;55.99615696;0.0
5679;22.00687292;55.99614885;0.0
5680;23.00718556;55.99614030;0.0
5681;24.00749822;55.99613128;0.0
5682;25.00781093;55.99612179;0.0
5683;26.00812367;55.99611181;0.0
5684;27.00843644;55.99610134;0.0
5685;28.00874926;55.99609036;0.0
5686;29.00906212;55.99607887;0.0
5687;30.00937502;55.99606683;0.0
5688;31.00968797;55.99605426;0.0
5689;32.01000097;55.99604111;0.0
5690;33.01031402;55.99602740;0.0
5691;34.01062712;55.99601309;0.0
5692;35.01094027;55.99599817;0.0
5693;36.01125348;55.99598262;0.0
5694;37.01156675;55.99596643;0.0
5695;38.01188009;55.99594959;0.0
5696;39.01219348;55.99593206;0.0
5697;40.01250695;55.99591383;0.0
5698;41.01282048;55.99589489;0.0
5699;42.01313409;55.99587521;0.0
5700;43.01344777;55.99585477;0.0
5701;44.01376153;55.99583355;0.0
5702;45.01407537;55.99581152;0.0
5703;46.01438929;55.99578867;0.0
5704;47.01470330;55.99576496;0.0
5705;48.01501740;55.99574038;0.0
5706;49.01533159;55.99571490;0.0
5707;50.01564588;55.99568850;0.0
5708;51.01596026;55.99566114;0.0
5709;52.01627475;55.99563280;0.0
5710;53.01658935;55.99560345;0.0
5711;54.01690405;55.99557306;0.0
5712;55.01721886;55.99554161;0.0
5713;56.01753379;55.99550905;0.0
5714;57.01784883;55.99547536;0.0
5715;58.01816400;55.99544051;0.0
5716;59.01847929;55.99540446;0.0
5717;60.01879471;55.99536718;0.0
5718;61.01911026;55.99532862;0.0
5719;62.01942594;55.99528877;0.0
5720;63.01974176;55.99524756;0.0
5721;64.02005772;55.99520498;0.0
5722;65.02037383;55.99516098;0.0
5723;66.02069008;55.99511551;0.0
5724;67.02100648;55.99506854;0.0
5725;68.02132303;55.99502002;0.0
5726;69.02163973;55.99496990;0.0
5727;70.02195659;55.99491815;0.0
5728;71.02227361;55.99486471;0.0
5729;72.02259079;55.99480954;0.0
5730;73.02290813;55.99475259;0.0
5731;74.02322563;55.99469380;0.0
5732;75.02354330;55.99463312;0.0
5733;76.02386114;55.99457051;0.0
5734;77.02417914;55.99450589;0.0
5735;78.02449731;55.99443923;0.0
5736;79.02481565;55.99437046;0.0
5737;80.02513415;55.99429951;0.0
5738;81.02545281;55.99422634;0.0
5739;82.02577164;55.99415088;0.0
5740;83.02609063;55.99407305;0.0
5741;84.02640978;55.99399281;0.0
5742;85.02672908;55.99391007;0.0
5743;86.02704854;55.99382478;0.0
5744;87.02736815;55.99373686;0.0
5745;88.02768790;55.99364624;0.0
5746;89.02800778;55.99355285;0.0
5747;90.02832780;55.99345660;0.0
5748;91.02864794;55.99335744;0.0
5749;92.02896820;55.99325527;0.0
5750;93.02928856;55.99315003;0.0
5751;94.02960903;55.99304162;0.0
5752;95.02992959;55.99292997;0.0
5753;96.03025022;55.99281500;0.0
5754;97.03057092;55.99269662;0.0
5755;98.03089168;55.99257474;0.0
5756;99.03121249;55.99244929;0.0
5757;100.03153332;55.99232017;0.0
5758;0.00000000;56.99615209;0.0
5759;1.00031355;56.99615192;0.0
5760;2.00062710;56.99615140;0.0
5761;3.00094065;56.99615052;0.0
5762;4.00125421;56.99614930;0.0
5763;5.00156777;56.99614773;0.0
5764;6.00188134;56.99614580;0.0
5765;7.00219492;56.99614352;0.0
5766;8.00250850;56.99614088;0.0
5767;9.00282210;56.99613787;0.0
5768;10.00313571;56.99613450;0.0
5769;11.00344933;56.99613076;0.0
5770;12.00376297;56.99612665;0.0
5771;13.00407662;56.99612215;0.0
5772;14.00439029;56.99611727;0.0
5773;15.00470398;56.99611200;0.0
5774;16.00501770;56.99610633;0.0
5775;17.00533143;56.99610025;0.0
5776;18.00564519;56.99609376;0.0
5777;19.00595897;56.99608685;0.0
5778;20.00627279;56.99607951;0.0
5779;21.00658663;56.99607174;0.0
5780;22.00690050;56.99606351;0.0
5781;23.00721440;56.99605483;0.0
5782;24.00752834;56.99604568;0.0
5783;25.00784231;56.99603605;0.0
5784;26.00815632;56.99602593;0.0
5785;27.00847038;56.99601531;0.0
5786;28.00878447;56.99600417;0.0
5787;29.00909861;56.99599251;0.0
5788;30.00941279;56.99598031;0.0
5789;31.00972702;56.99596755;0.0
5790;32.01004131;56.99595422;0.0
5791;33.01035564;56.99594031;0.0
5792;34.01067003;56.99592580;0.0
5793;35.01098448;56.99591067;0.0
5794;36.01129898;56.99589490;0.0
5795;37.01161355;56.99587849;0.0
5796;38.01192818;56.99586141;0.0
5797;39.01224288;56.99584364;0.0
5798;40.01255765;56.99582516;0.0
5799;41.01287249;56.99580596;0.0
5800;42.01318740;56.99578601;0.0
5801;43.01350239;56.99576529;0.0
5802;44.01381747;56.99574378;0.0
5803;45.01413262;56.99572146;0.0
5804;46.01444786;56.99569830;0.0
5805;47.01476319;56.99567428;0.0
5806;48.01507862;56.99564938;0.0
5807;49.01539413;56.99562356;0.0
5808;50.01570975;56.99559681;0.0
5809;51.01602547;56.99556910;0.0
5810;52.01634129;56.99554040;0.0
5811;53.01665721;56.99551068;0.0
5812;54.01697325;56.99547991;0.0
5813;55.01728940;56.99544806;0.0
5814;56.01760567;56.99541510;0.0
5815;57.01792206;56.99538100;0.0
5816;58.01823857;56.99534573;0.0
5817;59.01855521;56.99530924;0.0
5818;60.01887198;56.99527152;0.0
5819;61.01918888;56.99523252;0.0
5820;62.01950591;56.99519220;0.0
5821;63.01982309;56.99515053;0.0
5822;64.02014040;56.99510747;0.0
5823;65.02045786;56.99506298;0.0
5824;66.02077547;56.99501702;0.0
5825;67.02109323;56.99496955;0.0
5826;68.02141114;56.99492052;0.0
5827;69.02172920;56.99486989;0.0
5828;70.02204742;56.99481761;0.0
5829;71.02236581;56.99476365;0.0
5830;72.02268435;56.99470795;0.0
5831;73.02300305;56.99465046;0.0
5832;74.02332192;56.99459113;0.0
5833;75.02364095;56.99452991;0.0
5834;76.02396015;56.99446675;0.0
5835;77.02427951;56.99440159;0.0
5836;78.02459904;56.99433439;0.0
5837;79.02491873;56.99426507;0.0
5838;80.02523859;56.99419359;0.0
5839;81.02555862;56.99411988;0.0
5840;82.02587880;56.99404389;0.0
5841;83.02619914;56.99396554;0.0
5842;84.02651965;56.99388478;0.0
5843;85.02684030;56.99380155;0.0
5844;86.02716111;56.99371576;0.0
5845;87.02748206;56.99362736;0.0
5846;88.02780315;56.99353628;0.0
5847;89.02812437;56.99344245;0.0
5848;90.02844572;56.99334578;0.0
5849;91.02876720;56.99324622;0.0
5850;92.02908878;56.99314367;0.0
5851;93.02941047;56.99303807;0.0
5852;94.02973226;56.99292934;0.0
5853;95.03005413;56.99281740;0.0
5854;96.03037608;56.99270216;0.0
5855;97.03069809;56.99258355;0.0
5856;98.03102015;56.99246148;0.0
5857;99.03134225;56.99233587;0.0
5858;100.03166438;56.99220664;0.0
5859;0.00000000;57.99606733;0.0
5860;1.00031480;57.99606715;0.0
5861;2.00062960;57.99606662;0.0
5862;3.00094440;57.99606574;0.0
5863;4.00125921;57.99606450;0.0
5864;5.00157402;57.99606291;0.0
5865;6.00188884;57.99606095;0.0
5866;7.00220366;57.99605864;0.0
5867;8.00251850;57.99605596;0.0
5868;9.00283335;57.99605291;0.0
5869;10.00314821;57.99604949;0.0
5870;11.00346309;57.99604570;0.0
5871;12.00377798;57.99604152;0.0
5872;13.00409289;57.99603697;0.0
5873;14.00440782;57.99603202;0.0
5874;15.00472276;57.99602667;0.0
5875;16.00503773;57.99602092;0.0
5876;17.00535273;57.99601475;0.0
5877;18.00566775;57.99600817;0.0
5878;19.00598279;57.99600116;0.0
5879;20.00629787;57.99599372;0.0
5880;21.00661298;57.99598583;0.0
5881;22.00692811;57.99597749;0.0
5882;23.00724329;57.99596869;0.0
5883;24.00755850;57.99595941;0.0
5884;25.00787374;57.99594965;0.0
5885;26.00818903;57.99593939;0.0
5886;27.00850436;57.99592862;0.0
5887;28.00881973;57.99591733;0.0
5888;29.00913515;57.99590551;0.0
5889;30.00945061;57.99589313;0.0
5890;31.00976613;57.99588020;0.0
5891;32.01008170;57.99586669;0.0
5892;33.01039732;57.99585259;0.0
5893;34.01071300;57.99583787;0.0
5894;35.01102874;57.99582254;0.0
5895;36.01134454;57.99580656;0.0
5896;37.01166041;57.99578993;0.0
5897;38.01197634;57.99577262;0.0
5898;39.01229234;57.99575461;0.0
5899;40.01260841;57.99573589;0.0
5900;41.01292456;57.99571643;0.0
5901;42.01324078;57.99569621;0.0
5902;43.01355709;57.99567522;0.0
5903;44.01387348;57.99565343;0.0
5904;45.01418995;57.99563082;0.0
5905;46.01450651;57.99560737;0.0
5906;47.01482316;57.99558304;0.0
5907;48.01513991;57.99555782;0.0
5908;49.01545675;57.99553168;0.0
5909;50.01577369;57.99550460;0.0
5910;51.01609074;57.99547654;0.0
5911;52.01640789;57.99544748;0.0
5912;53.01672515;57.99541740;0.0
5913;54.01704253;57.99538626;0.0
5914;55.01736002;57.99535402;0.0
5915;56.01767763;57.99532067;0.0
5916;57.01799536;57.99528617;0.0
5917;58.01831322;57.99525049;0.0
5918;59.01863120;57.99521358;0.0
5919;60.01894932;57.99517543;0.0
5920;61.01926757;57.99513599;0.0
5921;62.01958596;57.99509523;0.0
5922;63.01990448;57.99505310;0.0
5923;64.02022315;57.99500958;0.0
5924;65.02054197;57.99496462;0.0
5925;66.02086093;57.99491818;0.0
5926;67.02118005;57.99487022;0.0
5927;68.02149932;57.99482070;0.0
5928;69.02181874;57.99476957;0.0
5929;70.02213833;57.99471679;0.0
5930;71.02245807;57.99466232;0.0
5931;72.02277797;57.99460610;0.0
5932;73.02309803;57.99454809;0.0
5933;74.02341826;57.99448824;0.0
5934;75.02373866;57.99442650;0.0
5935;76.02405922;57.99436282;0.0
5936;77.02437994;57.99429714;0.0
5937;78.02470083;57.99422941;0.0
5938;79.02502188;57.99415957;0.0
5939;80.02534310;57.99408757;0.0
5940;81.02566448;57.99401335;0.0
5941;82.02598602;57.99393685;0.0
5942;83.02630772;57.99385801;0.0
5943;84.02662957;57.99377676;0.0
5944;85.02695158;57.99369305;0.0
5945;86.02727373;57.99360680;0.0
5946;87.02759602;57.99351795;0.0
5947;88.02791846;57.99342644;0.0
5948;89.02824102;57.99333219;0.0
5949;90.02856371;57.99323513;0.0
5950;91.02888652;57.99313519;0.0
5951;92.02920943;57.99303230;0.0
5952;93.02953245;57.99292638;0.0
5953;94.02985556;57.99281736;0.0
5954;95.03017875;57.99270515;0.0
5955;96.03050201;57.99258969;0.0
5956;97.03082533;57.99247088;0.0
5957;98.03114869;57.99234865;0.0
5958;99.03147209;57.99222292;0.0
5959;100.03179551;57.99209360;0.0
5960;0.00000000;58.99598187;0.0
5961;1.00031605;58.99598169;0.0
5962;2.00063210;58.99598115;0.0
5963;3.00094815;58.99598025;0.0
5964;4.00126421;58.99597900;0.0
5965;5.00158027;58.99597738;0.0
5966;6.00189634;58.99597540;0.0
5967;7.00221242;58.99597305;0.0
5968;8.00252851;58.99597034;0.0
5969;9.00284461;58.99596725;0.0
5970;10.00316073;58.99596378;0.0
5971;11.00347686;58.99595994;0.0
5972;12.00379300;58.99595571;0.0
5973;13.00410917;58.99595109;0.0
5974;14.00442535;58.99594607;0.0
5975;15.00474156;58.99594065;0.0
5976;16.00505779;58.99593482;0.0
5977;17.00537405;58.99592857;0.0
5978;18.00569033;58.99592190;0.0
5979;19.00600664;58.99591480;0.0
5980;20.00632298;58.99590725;0.0
5981;21.00663935;58.99589926;0.0
5982;22.00695576;58.99589080;0.0
5983;23.00727220;58.99588188;0.0
5984;24.00758868;58.99587248;0.0
5985;25.00790520;58.99586258;0.0
5986;26.00822176;58.99585218;0.0
5987;27.00853837;58.99584127;0.0
5988;28.00885502;58.99582983;0.0
5989;29.00917172;58.99581785;0.0
5990;30.00948847;58.99580531;0.0
5991;31.00980527;58.99579220;0.0
5992;32.01012213;58.99577851;0.0
5993;33.01043904;58.99576423;0.0
5994;34.01075601;58.99574932;0.0
5995;35.01107305;58.99573379;0.0
5996;36.01139014;58.99571760;0.0
5997;37.01170731;58.99570075;0.0
5998;38.01202454;58.99568321;0.0
5999;39.01234184;58.99566497;0.0
6000;40.01265922;58.99564601;0.0
6001;41.01297668;58.99562631;0.0
6002;42.01329421;58.99560584;0.0
6003;43.01361183;58.99558458;0.0
6004;44.01392953;58.99556252;0.0
6005;45.01424732;58.99553962;0.0
6006;46.01456520;58.99551587;0.0
6007;47.01488317;58.99549125;0.0
6008;48.01520124;58.99546572;0.0
6009;49.01551941;58.99543926;0.0
6010;50.01583768;58.99541185;0.0
6011;51.01615606;58.99538346;0.0
6012;52.01647454;58.99535406;0.0
6013;53.01679314;58.99532362;0.0
6014;54.01711185;58.99529211;0.0
6015;55.01743068;58.99525951;0.0
6016;56.01774963;58.99522577;0.0
6017;57.01806871;58.99519088;0.0
6018;58.01838791;58.99515480;0.0
6019;59.01870724;58.99511749;0.0
6020;60.01902670;58.99507892;0.0
6021;61.01934630;58.99503905;0.0
6022;62.01966604;58.99499785;0.0
6023;63.01998592;58.99495529;0.0
6024;64.02030594;58.99491131;0.0
6025;65.02062612;58.99486589;0.0
6026;66.02094644;58.99481899;0.0
6027;67.02126691;58.99477056;0.0
6028;68.02158754;58.99472056;0.0
6029;69.02190832;58.99466895;0.0
6030;70.02222926;58.99461568;0.0
6031;71.02255036;58.99456071;0.0
6032;72.02287162;58.99450400;0.0
6033;73.02319305;58.99444549;0.0
6034;74.02351464;58.99438514;0.0
6035;75.02383639;58.99432289;0.0
6036;76.02415831;58.99425871;0.0
6037;77.02448040;58.99419252;0.0
6038;78.02480264;58.99412429;0.0
6039;79.02512506;58.99405396;0.0
6040;80.02544763;58.99398146;0.0
6041;81.02577037;58.99390675;0.0
6042;82.02609326;58.99382977;0.0
6043;83.02641632;58.99375045;0.0
6044;84.02673952;58.99366874;0.0
6045;85.02706288;58.99358458;0.0
6046;86.02738638;58.99349789;0.0
6047;87.02771002;58.99340862;0.0
6048;88.02803379;58.99331670;0.0
6049;89.02835770;58.99322206;0.0
6050;90.02868172;58.99312464;0.0
6051;91.02900586;58.99302436;0.0
6052;92.02933011;58.99292115;0.0
6053;93.02965446;58.99281494;0.0
6054;94.02997889;58.99270565;0.0
6055;95.03030340;58.99259322;0.0
6056;96.03062797;58.99247755;0.0
6057;97.03095260;58.99235858;0.0
6058;98.03127727;58.99223623;0.0
6059;99.03160197;58.99211041;0.0
6060;100.03192669;58.99198104;0.0
6061;0.00000000;59.99589570;0.0
6062;1.00031730;59.99589552;0.0
6063;2.00063460;59.99589498;0.0
6064;3.00095190;59.99589407;0.0
6065;4.00126921;59.99589280;0.0
6066;5.00158652;59.99589116;0.0
6067;6.00190385;59.99588915;0.0
6068;7.00222118;59.99588677;0.0
6069;8.00253852;59.99588402;0.0
6070;9.00285588;59.99588089;0.0
6071;10.00317325;59.99587738;0.0
6072;11.00349063;59.99587349;0.0
6073;12.00380803;59.99586920;0.0
6074;13.00412546;59.99586452;0.0
6075;14.00444290;59.99585943;0.0
6076;15.00476037;59.99585394;0.0
6077;16.00507786;59.99584803;0.0
6078;17.00539537;59.99584170;0.0
6079;18.00571292;59.99583494;0.0
6080;19.00603049;59.99582775;0.0
6081;20.00634810;59.99582010;0.0
6082;21.00666574;59.99581201;0.0
6083;22.00698342;59.99580344;0.0
6084;23.00730113;59.99579440;0.0
6085;24.00761888;59.99578488;0.0
6086;25.00793668;59.99577485;0.0
6087;26.00825451;59.99576432;0.0
6088;27.00857240;59.99575326;0.0
6089;28.00889033;59.99574168;0.0
6090;29.00920831;59.99572954;0.0
6091;30.00952634;59.99571684;0.0
6092;31.00984443;59.99570357;0.0
6093;32.01016257;59.99568970;0.0
6094;33.01048078;59.99567523;0.0
6095;34.01079904;59.99566014;0.0
6096;35.01111737;59.99564441;0.0
6097;36.01143576;59.99562802;0.0
6098;37.01175422;59.99561096;0.0
6099;38.01207276;59.99559320;0.0
6100;39.01239136;59.99557474;0.0
6101;40.01271005;59.99555554;0.0
6102;41.01302881;59.99553559;0.0
6103;42.01334765;59.99551487;0.0
6104;43.01366658;59.99549336;0.0
6105;44.01398560;59.99547103;0.0
6106;45.01430470;59.99544786;0.0
6107;46.01462390;59.99542383;0.0
6108;47.01494320;59.99539891;0.0
6109;48.01526259;59.99537308;0.0
6110;49.01558209;59.99534631;0.0
6111;50.01590168;59.99531858;0.0
6112;51.01622139;59.99528986;0.0
6113;52.01654121;59.99526012;0.0
6114;53.01686114;59.99522934;0.0
6115;54.01718119;59.99519748;0.0
6116;55.01750136;59.99516451;0.0
6117;56.01782165;59.99513041;0.0
6118;57.01814206;59.99509513;0.0
6119;58.01846261;59.99505866;0.0
6120;59.01878328;59.99502095;0.0
6121;60.01910410;59.99498198;0.0
6122;61.01942504;59.99494170;0.0
6123;62.01974613;59.99490008;0.0
6124;63.02006736;59.99485708;0.0
6125;64.02038874;59.99481267;0.0
6126;65.02071027;59.99476681;0.0
6127;66.02103194;59.99471945;0.0
6128;67.02135377;59.99467057;0.0
6129;68.02167576;59.99462010;0.0
6130;69.02199790;59.99456803;0.0
6131;70.02232020;59.99451429;0.0
6132;71.02264266;59.99445884;0.0
6133;72.02296528;59.99440165;0.0
6134;73.02328806;59.99434266;0.0
6135;74.02361101;59.99428182;0.0
6136;75.02393413;59.99421909;0.0
6137;76.02425740;59.99415442;0.0
6138;77.02458085;59.99408775;0.0
6139;78.02490445;59.99401904;0.0
6140;79.02522822;59.99394822;0.0
6141;80.02555216;59.99387526;0.0
6142;81.02587625;59.99380008;0.0
6143;82.02620050;59.99372264;0.0
6144;83.02652490;59.99364287;0.0
6145;84.02684946;59.99356072;0.0
6146;85.02717416;59.99347613;0.0
6147;86.02749901;59.99338903;0.0
6148;87.02782400;59.99329936;0.0
6149;88.02814912;59.99320706;0.0
6150;89.02847436;59.99311206;0.0
6151;90.02879973;59.99301430;0.0
6152;91.02912521;59.99291370;0.0
6153;92.02945078;59.99281021;0.0
6154;93.02977646;59.99270373;0.0
6155;94.03010221;59.99259422;0.0
6156;95.03042804;59.99248158;0.0
6157;96.03075394;59.99236575;0.0
6158;97.03107988;59.99224665;0.0
6159;98.03140586;59.99212420;0.0
6160;99.03173186;59.99199833;0.0
6161;100.03205788;59.99186895;0.0
6162;0.00000000;60.99580884;0.0
6163;1.00031855;60.99580866;0.0
6164;2.00063710;60.99580811;0.0
6165;3.00095565;60.99580719;0.0
6166;4.00127421;60.99580590;0.0
6167;5.00159278;60.99580424;0.0
6168;6.00191135;60.99580221;0.0
6169;7.00222994;60.99579980;0.0
6170;8.00254853;60.99579701;0.0
6171;9.00286714;60.99579384;0.0
6172;10.00318577;60.99579029;0.0
6173;11.00350441;60.99578634;0.0
6174;12.00382307;60.99578200;0.0
6175;13.00414174;60.99577726;0.0
6176;14.00446045;60.99577211;0.0
6177;15.00477917;60.99576655;0.0
6178;16.00509792;60.99576056;0.0
6179;17.00541670;60.99575415;0.0
6180;18.00573551;60.99574731;0.0
6181;19.00605435;60.99574002;0.0
6182;20.00637322;60.99573228;0.0
6183;21.00669213;60.99572408;0.0
6184;22.00701107;60.99571541;0.0
6185;23.00733006;60.99570626;0.0
6186;24.00764908;60.99569661;0.0
6187;25.00796815;60.99568646;0.0
6188;26.00828726;60.99567580;0.0
6189;27.00860642;60.99566460;0.0
6190;28.00892563;60.99565287;0.0
6191;29.00924490;60.99564058;0.0
6192;30.00956421;60.99562773;0.0
6193;31.00988359;60.99561429;0.0
6194;32.01020302;60.99560026;0.0
6195;33.01052251;60.99558561;0.0
6196;34.01084206;60.99557033;0.0
6197;35.01116169;60.99555441;0.0
6198;36.01148138;60.99553782;0.0
6199;37.01180114;60.99552056;0.0
6200;38.01212097;60.99550259;0.0
6201;39.01244088;60.99548390;0.0
6202;40.01276087;60.99546448;0.0
6203;41.01308094;60.99544429;0.0
6204;42.01340109;60.99542333;0.0
6205;43.01372133;60.99540156;0.0
6206;44.01404166;60.99537897;0.0
6207;45.01436208;60.99535553;0.0
6208;46.01468260;60.99533122;0.0
6209;47.01500322;60.99530602;0.0
6210;48.01532393;60.99527990;0.0
6211;49.01564475;60.99525283;0.0
6212;50.01596568;60.99522479;0.0
6213;51.01628672;60.99519575;0.0
6214;52.01660786;60.99516568;0.0
6215;53.01692913;60.99513456;0.0
6216;54.01725051;60.99510236;0.0
6217;55.01757202;60.99506904;0.0
6218;56.01789365;60.99503457;0.0
6219;57.01821540;60.99499893;0.0
6220;58.01853729;60.99496208;0.0
6221;59.01885931;60.99492399;0.0
6222;60.01918147;60.99488462;0.0
6223;61.01950377;60.99484394;0.0
6224;62.01982620;60.99480191;0.0
6225;63.02014879;60.99475850;0.0
6226;64.02047151;60.99471366;0.0
6227;65.02079439;60.99466737;0.0
6228;66.02111742;60.99461958;0.0
6229;67.02144061;60.99457025;0.0
6230;68.02176395;60.99451934;0.0
6231;69.02208744;60.99446681;0.0
6232;70.02241110;60.99441261;0.0
6233;71.02273492;60.99435671;0.0
6234;72.02305890;60.99429905;0.0
6235;73.02338304;60.99423959;0.0
6236;74.02370735;60.99417829;0.0
6237;75.02403182;60.99411509;0.0
6238;76.02435646;60.99404995;0.0
6239;77.02468126;60.99398282;0.0
6240;78.02500622;60.99391365;0.0
6241;79.02533135;60.99384238;0.0
6242;80.02565664;60.99376896;0.0
6243;81.02598209;60.99369334;0.0
6244;82.02630769;60.99361545;0.0
6245;83.02663345;60.99353526;0.0
6246;84.02695936;60.99345269;0.0
6247;85.02728541;60.99336769;0.0
6248;86.02761161;60.99328021;0.0
6249;87.02793794;60.99319017;0.0
6250;88.02826440;60.99309751;0.0
6251;89.02859099;60.99300218;0.0
6252;90.02891769;60.99290410;0.0
6253;91.02924451;60.99280322;0.0
6254;92.02957142;60.99269946;0.0
6255;93.02989842;60.99259276;0.0
6256;94.03022550;60.99248304;0.0
6257;95.03055266;60.99237023;0.0
6258;96.03087987;60.99225426;0.0
6259;97.03120712;60.99213506;0.0
6260;98.03153441;60.99201255;0.0
6261;99.03186173;60.99188666;0.0
6262;100.03218904;60.99175729;0.0
6263;0.00000000;61.99572128;0.0
6264;1.00031980;61.99572110;0.0
6265;2.00063960;61.99572054;0.0
6266;3.00095940;61.99571961;0.0
6267;4.00127921;61.99571831;0.0
6268;5.00159903;61.99571663;0.0
6269;6.00191886;61.99571457;0.0
6270;7.00223869;61.99571213;0.0
6271;8.00255854;61.99570931;0.0
6272;9.00287840;61.99570610;0.0
6273;10.00319828;61.99570250;0.0
6274;11.00351817;61.99569851;0.0
6275;12.00383809;61.99569411;0.0
6276;13.00415802;61.99568931;0.0
6277;14.00447798;61.99568410;0.0
6278;15.00479797;61.99567847;0.0
6279;16.00511798;61.99567241;0.0
6280;17.00543802;61.99566593;0.0
6281;18.00575809;61.99565900;0.0
6282;19.00607819;61.99565162;0.0
6283;20.00639833;61.99564379;0.0
6284;21.00671850;61.99563549;0.0
6285;22.00703871;61.99562671;0.0
6286;23.00735897;61.99561745;0.0
6287;24.00767926;61.99560768;0.0
6288;25.00799960;61.99559741;0.0
6289;26.00831999;61.99558662;0.0
6290;27.00864043;61.99557529;0.0
6291;28.00896092;61.99556342;0.0
6292;29.00928146;61.99555099;0.0
6293;30.00960206;61.99553798;0.0
6294;31.00992272;61.99552438;0.0
6295;32.01024344;61.99551018;0.0
6296;33.01056422;61.99549536;0.0
6297;34.01088507;61.99547990;0.0
6298;35.01120598;61.99546379;0.0
6299;36.01152697;61.99544701;0.0
6300;37.01184802;61.99542955;0.0
6301;38.01216916;61.99541137;0.0
6302;39.01249037;61.99539247;0.0
6303;40.01281166;61.99537282;0.0
6304;41.01313304;61.99535240;0.0
6305;42.01345450;61.99533120;0.0
6306;43.01377605;61.99530919;0.0
6307;44.01409769;61.99528635;0.0
6308;45.01441943;61.99526265;0.0
6309;46.01474127;61.99523807;0.0
6310;47.01506320;61.99521259;0.0
6311;48.01538524;61.99518618;0.0
6312;49.01570738;61.99515882;0.0
6313;50.01602964;61.99513048;0.0
6314;51.01635200;61.99510113;0.0
6315;52.01667448;61.99507075;0.0
6316;53.01699708;61.99503930;0.0
6317;54.01731980;61.99500676;0.0
6318;55.01764264;61.99497310;0.0
6319;56.01796560;61.99493828;0.0
6320;57.01828870;61.99490228;0.0
6321;58.01861193;61.99486506;0.0
6322;59.01893529;61.99482660;0.0
6323;60.01925880;61.99478684;0.0
6324;61.01958244;61.99474577;0.0
6325;62.01990622;61.99470335;0.0
6326;63.02023015;61.99465953;0.0
6327;64.02055423;61.99461429;0.0
6328;65.02087846;61.99456758;0.0
6329;66.02120285;61.99451936;0.0
6330;67.02152738;61.99446961;0.0
6331;68.02185208;61.99441826;0.0
6332;69.02217693;61.99436530;0.0
6333;70.02250194;61.99431066;0.0
6334;71.02282712;61.99425431;0.0
6335;72.02315245;61.99419621;0.0
6336;73.02347795;61.99413630;0.0
6337;74.02380362;61.99407455;0.0
6338;75.02412945;61.99401090;0.0
6339;76.02445544;61.99394532;0.0
6340;77.02478160;61.99387774;0.0
6341;78.02510792;61.99380812;0.0
6342;79.02543440;61.99373641;0.0
6343;80.02576105;61.99366256;0.0
6344;81.02608785;61.99358651;0.0
6345;82.02641481;61.99350821;0.0
6346;83.02674192;61.99342761;0.0
6347;84.02706918;61.99334465;0.0
6348;85.02739658;61.99325927;0.0
6349;86.02772412;61.99317142;0.0
6350;87.02805180;61.99308103;0.0
6351;88.02837961;61.99298804;0.0
6352;89.02870754;61.99289240;0.0
6353;90.02903558;61.99279404;0.0
6354;91.02936373;61.99269290;0.0
6355;92.02969198;61.99258890;0.0
6356;93.03002031;61.99248199;0.0
6357;94.03034872;61.99237210;0.0
6358;95.03067720;61.99225915;0.0
6359;96.03100573;61.99214308;0.0
6360;97.03133431;61.99202381;0.0
6361;98.03166291;61.99190127;0.0
6362;99.03199153;61.99177538;0.0
6363;100.03232015;61.99164607;0.0
6364;0.00000000;62.99563303;0.0
6365;1.00032105;62.99563284;0.0
6366;2.00064210;62.99563228;0.0
6367;3.00096315;62.99563134;0.0
6368;4.00128421;62.99563002;0.0
6369;5.00160528;62.99562832;0.0
6370;6.00192635;62.99562624;0.0
6371;7.00224744;62.99562377;0.0
6372;8.00256853;62.99562092;0.0
6373;9.00288965;62.99561767;0.0
6374;10.00321078;62.99561403;0.0
6375;11.00353192;62.99560999;0.0
6376;12.00385309;62.99560554;0.0
6377;13.00417428;62.99560068;0.0
6378;14.00449550;62.99559541;0.0
6379;15.00481674;62.99558971;0.0
6380;16.00513801;62.99558359;0.0
6381;17.00545931;62.99557702;0.0
6382;18.00578064;62.99557001;0.0
6383;19.00610200;62.99556255;0.0
6384;20.00642340;62.99555462;0.0
6385;21.00674484;62.99554623;0.0
6386;22.00706632;62.99553735;0.0
6387;23.00738785;62.99552797;0.0
6388;24.00770941;62.99551810;0.0
6389;25.00803103;62.99550771;0.0
6390;26.00835269;62.99549679;0.0
6391;27.00867440;62.99548533;0.0
6392;28.00899617;62.99547332;0.0
6393;29.00931799;62.99546074;0.0
6394;30.00963987;62.99544759;0.0
6395;31.00996181;62.99543384;0.0
6396;32.01028382;62.99541947;0.0
6397;33.01060588;62.99540448;0.0
6398;34.01092802;62.99538885;0.0
6399;35.01125023;62.99537256;0.0
6400;36.01157251;62.99535559;0.0
6401;37.01189486;62.99533793;0.0
6402;38.01221729;62.99531955;0.0
6403;39.01253981;62.99530044;0.0
6404;40.01286240;62.99528058;0.0
6405;41.01318508;62.99525994;0.0
6406;42.01350785;62.99523850;0.0
6407;43.01383071;62.99521625;0.0
6408;44.01415367;62.99519316;0.0
6409;45.01447672;62.99516921;0.0
6410;46.01479987;62.99514437;0.0
6411;47.01512313;62.99511862;0.0
6412;48.01544648;62.99509194;0.0
6413;49.01576995;62.99506429;0.0
6414;50.01609353;62.99503565;0.0
6415;51.01641722;62.99500600;0.0
6416;52.01674103;62.99497531;0.0
6417;53.01706496;62.99494355;0.0
6418;54.01738901;62.99491068;0.0
6419;55.01771318;62.99487669;0.0
6420;56.01803749;62.99484153;0.0
6421;57.01836192;62.99480518;0.0
6422;58.01868649;62.99476761;0.0
6423;59.01901120;62.99472878;0.0
6424;60.01933604;62.99468865;0.0
6425;61.01966103;62.99464721;0.0
6426;62.01998616;62.99460440;0.0
6427;63.02031144;62.99456019;0.0
6428;64.02063687;62.99451455;0.0
6429;65.02096245;62.99446744;0.0
6430;66.02128818;62.99441881;0.0
6431;67.02161407;62.99436864;0.0
6432;68.02194012;62.99431688;0.0
6433;69.02226632;62.99426349;0.0
6434;70.02259269;62.99420843;0.0
6435;71.02291922;62.99415165;0.0
6436;72.02324591;62.99409312;0.0
6437;73.02357277;62.99403278;0.0
6438;74.02389979;62.99397059;0.0
6439;75.02422697;62.99390652;0.0
6440;76.02455432;62.99384050;0.0
6441;77.02488183;62.99377249;0.0
6442;78.02520951;62.99370245;0.0
6443;79.02553735;62.99363032;0.0
6444;80.02586535;62.99355606;0.0
6445;81.02619350;62.99347961;0.0
6446;82.02652181;62.99340091;0.0
6447;83.02685028;62.99331993;0.0
6448;84.02717889;62.99323659;0.0
6449;85.02750764;62.99315085;0.0
6450;86.02783653;62.99306266;0.0
6451;87.02816556;62.99297194;0.0
6452;88.02849471;62.99287865;0.0
6453;89.02882398;62.99278273;0.0
6454;90.02915337;62.99268410;0.0
6455;91.02948285;62.99258272;0.0
6456;92.02981244;62.99247852;0.0
6457;93.03014210;62.99237143;0.0
6458;94.03047184;62.99226139;0.0
6459;95.03080165;62.99214833;0.0
6460;96.03113150;62.99203218;0.0
6461;97.03146140;62.99191287;0.0
6462;98.03179131;62.99179033;0.0
6463;99.03212124;62.99166448;0.0
6464;100.03245117;62.99153525;0.0
6465;0.00000000;63.99554409;0.0
6466;1.00032229;63.99554390;0.0
6467;2.00064459;63.99554333;0.0
6468;3.00096689;63.99554238;0.0
6469;4.00128920;63.99554104;0.0
6470;5.00161151;63.99553932;0.0
6471;6.00193383;63.99553722;0.0
6472;7.00225617;63.99553472;0.0
6473;8.00257851;63.99553184;0.0
6474;9.00290088;63.99552855;0.0
6475;10.00322326;63.99552487;0.0
6476;11.00354565;63.99552078;0.0
6477;12.00386807;63.99551629;0.0
6478;13.00419052;63.99551137;0.0
6479;14.00451299;63.99550604;0.0
6480;15.00483548;63.99550028;0.0
6481;16.00515801;63.99549408;0.0
6482;17.00548056;63.99548744;0.0
6483;18.00580315;63.99548035;0.0
6484;19.00612578;63.99547281;0.0
6485;20.00644844;63.99546479;0.0
6486;21.00677115;63.99545630;0.0
6487;22.00709389;63.99544732;0.0
6488;23.00741668;63.99543784;0.0
6489;24.00773951;63.99542786;0.0
6490;25.00806240;63.99541735;0.0
6491;26.00838533;63.99540631;0.0
6492;27.00870832;63.99539472;0.0
6493;28.00903136;63.99538258;0.0
6494;29.00935446;63.99536987;0.0
6495;30.00967762;63.99535656;0.0
6496;31.01000085;63.99534266;0.0
6497;32.01032413;63.99532814;0.0
6498;33.01064749;63.99531299;0.0
6499;34.01097091;63.99529719;0.0
6500;35.01129441;63.99528072;0.0
6501;36.01161798;63.99526357;0.0
6502;37.01194163;63.99524571;0.0
6503;38.01226536;63.99522714;0.0
6504;39.01258917;63.99520783;0.0
6505;40.01291307;63.99518775;0.0
6506;41.01323705;63.99516689;0.0
6507;42.01356113;63.99514524;0.0
6508;43.01388530;63.99512275;0.0
6509;44.01420956;63.99509942;0.0
6510;45.01453393;63.99507522;0.0
6511;46.01485839;63.99505013;0.0
6512;47.01518296;63.99502412;0.0
6513;48.01550764;63.99499716;0.0
6514;49.01583243;63.99496924;0.0
6515;50.01615733;63.99494032;0.0
6516;51.01648235;63.99491038;0.0
6517;52.01680748;63.99487938;0.0
6518;53.01713274;63.99484731;0.0
6519;54.01745812;63.99481413;0.0
6520;55.01778363;63.99477981;0.0
6521;56.01810927;63.99474433;0.0
6522;57.01843504;63.99470764;0.0
6523;58.01876095;63.99466972;0.0
6524;59.01908699;63.99463054;0.0
6525;60.01941318;63.99459006;0.0
6526;61.01973951;63.99454824;0.0
6527;62.02006599;63.99450506;0.0
6528;63.02039261;63.99446047;0.0
6529;64.02071939;63.99441445;0.0
6530;65.02104631;63.99436695;0.0
6531;66.02137340;63.99431793;0.0
6532;67.02170064;63.99426736;0.0
6533;68.02202803;63.99421519;0.0
6534;69.02235559;63.99416140;0.0
6535;70.02268331;63.99410592;0.0
6536;71.02301119;63.99404873;0.0
6537;72.02333924;63.99398978;0.0
6538;73.02366745;63.99392903;0.0
6539;74.02399582;63.99386643;0.0
6540;75.02432436;63.99380194;0.0
6541;76.02465307;63.99373551;0.0
6542;77.02498194;63.99366709;0.0
6543;78.02531097;63.99359664;0.0
6544;79.02564016;63.99352412;0.0
6545;80.02596951;63.99344946;0.0
6546;81.02629902;63.99337262;0.0
6547;82.02662868;63.99329355;0.0
6548;83.02695849;63.99321220;0.0
6549;84.02728846;63.99312851;0.0
6550;85.02761856;63.99304244;0.0
6551;86.02794880;63.99295392;0.0
6552;87.02827917;63.99286290;0.0
6553;88.02860967;63.99276933;0.0
6554;89.02894028;63.99267314;0.0
6555;90.02927101;63.99257428;0.0
6556;91.02960184;63.99247269;0.0
6557;92.02993275;63.99236830;0.0
6558;93.03026376;63.99226106;0.0
6559;94.03059483;63.99215090;0.0
6560;95.03092596;63.99203776;0.0
6561;96.03125714;63.99192156;0.0
6562;97.03158836;63.99180224;0.0
6563;98.03191959;63.99167972;0.0
6564;99.03225084;63.99155394;0.0
6565;100.03258207;63.99142483;0.0
6566;0.00000000;64.99545446;0.0
6567;1.00032354;64.99545426;0.0
6568;2.00064708;64.99545369;0.0
6569;3.00097062;64.99545273;0.0
6570;4.00129417;64.99545138;0.0
6571;5.00161773;64.99544964;0.0
6572;6.00194130;64.99544751;0.0
6573;7.00226488;64.99544499;0.0
6574;8.00258847;64.99544207;0.0
6575;9.00291208;64.99543875;0.0
6576;10.00323571;64.99543503;0.0
6577;11.00355935;64.99543090;0.0
6578;12.00388302;64.99542635;0.0
6579;13.00420672;64.99542138;0.0
6580;14.00453044;64.99541599;0.0
6581;15.00485419;64.99541017;0.0
6582;16.00517797;64.99540390;0.0
6583;17.00550178;64.99539719;0.0
6584;18.00582562;64.99539003;0.0
6585;19.00614951;64.99538240;0.0
6586;20.00647343;64.99537430;0.0
6587;21.00679739;64.99536571;0.0
6588;22.00712140;64.99535663;0.0
6589;23.00744545;64.99534705;0.0
6590;24.00776955;64.99533696;0.0
6591;25.00809370;64.99532634;0.0
6592;26.00841791;64.99531518;0.0
6593;27.00874217;64.99530347;0.0
6594;28.00906648;64.99529120;0.0
6595;29.00939086;64.99527835;0.0
6596;30.00971530;64.99526491;0.0
6597;31.01003980;64.99525086;0.0
6598;32.01036437;64.99523619;0.0
6599;33.01068901;64.99522087;0.0
6600;34.01101372;64.99520491;0.0
6601;35.01133850;64.99518827;0.0
6602;36.01166337;64.99517094;0.0
6603;37.01198831;64.99515290;0.0
6604;38.01231333;64.99513414;0.0
6605;39.01263844;64.99511462;0.0
6606;40.01296364;64.99509434;0.0
6607;41.01328892;64.99507328;0.0
6608;42.01361430;64.99505140;0.0
6609;43.01393978;64.99502869;0.0
6610;44.01426535;64.99500513;0.0
6611;45.01459103;64.99498069;0.0
6612;46.01491680;64.99495535;0.0
6613;47.01524269;64.99492908;0.0
6614;48.01556868;64.99490187;0.0
6615;49.01589479;64.99487367;0.0
6616;50.01622101;64.99484448;0.0
6617;51.01654735;64.99481425;0.0
6618;52.01687381;64.99478297;0.0
6619;53.01720040;64.99475060;0.0
6620;54.01752711;64.99471711;0.0
6621;55.01785395;64.99468248;0.0
6622;56.01818092;64.99464668;0.0
6623;57.01850803;64.99460966;0.0
6624;58.01883527;64.99457141;0.0
6625;59.01916265;64.99453188;0.0
6626;60.01949018;64.99449105;0.0
6627;61.01981785;64.99444889;0.0
6628;62.02014567;64.99440534;0.0
6629;63.02047364;64.99436039;0.0
6630;64.02080176;64.99431399;0.0
6631;65.02113003;64.99426612;0.0
6632;66.02145846;64.99421672;0.0
6633;67.02178705;64.99416576;0.0
6634;68.02211580;64.99411320;0.0
6635;69.02244471;64.99405901;0.0
6636;70.02277378;64.99400314;0.0
6637;71.02310301;64.99394556;0.0
6638;72.02343241;64.99388621;0.0
6639;73.02376197;64.99382505;0.0
6640;74.02409170;64.99376205;0.0
6641;75.02442159;64.99369716;0.0
6642;76.02475165;64.99363034;0.0
6643;77.02508187;64.99356153;0.0
6644;78.02541225;64.99349069;0.0
6645;79.02574280;64.99341778;0.0
6646;80.02607350;64.99334275;0.0
6647;81.02640436;64.99326555;0.0
6648;82.02673538;64.99318612;0.0
6649;83.02706654;64.99310442;0.0
6650;84.02739785;64.99302040;0.0
6651;85.02772930;64.99293401;0.0
6652;86.02806089;64.99284519;0.0
6653;87.02839261;64.99275389;0.0
6654;88.02872445;64.99266006;0.0
6655;89.02905641;64.99256363;0.0
6656;90.02938848;64.99246456;0.0
6657;91.02972065;64.99236278;0.0
6658;92.03005291;64.99225824;0.0
6659;93.03038524;64.99215087;0.0
6660;94.03071765;64.99204061;0.0
6661;95.03105011;64.99192741;0.0
6662;96.03138262;64.99181119;0.0
6663;97.03171516;64.99169188;0.0
6664;98.03204771;64.99156943;0.0
6665;99.03238027;64.99144375;0.0
6666;100.03271282;64.99131478;0.0
6667;0.00000000;65.99536414;0.0
6668;1.00032478;65.99536395;0.0
6669;2.00064956;65.99536337;0.0
6670;3.00097434;65.99536239;0.0
6671;4.00129913;65.99536103;0.0
6672;5.00162393;65.99535928;0.0
6673;6.00194874;65.99535712;0.0
6674;7.00227356;65.99535458;0.0
6675;8.00259840;65.99535163;0.0
6676;9.00292325;65.99534827;0.0
6677;10.00324812;65.99534451;0.0
6678;11.00357302;65.99534033;0.0
6679;12.00389793;65.99533574;0.0
6680;13.00422287;65.99533072;0.0
6681;14.00454784;65.99532527;0.0
6682;15.00487284;65.99531939;0.0
6683;16.00519787;65.99531306;0.0
6684;17.00552293;65.99530628;0.0
6685;18.00584803;65.99529904;0.0
6686;19.00617317;65.99529133;0.0
6687;20.00649835;65.99528314;0.0
6688;21.00682357;65.99527447;0.0
6689;22.00714884;65.99526530;0.0
6690;23.00747415;65.99525562;0.0
6691;24.00779951;65.99524542;0.0
6692;25.00812493;65.99523469;0.0
6693;26.00845040;65.99522342;0.0
6694;27.00877593;65.99521159;0.0
6695;28.00910152;65.99519919;0.0
6696;29.00942716;65.99518621;0.0
6697;30.00975288;65.99517263;0.0
6698;31.01007866;65.99515843;0.0
6699;32.01040450;65.99514361;0.0
6700;33.01073042;65.99512815;0.0
6701;34.01105642;65.99511202;0.0
6702;35.01138249;65.99509521;0.0
6703;36.01170864;65.99507771;0.0
6704;37.01203487;65.99505950;0.0
6705;38.01236119;65.99504054;0.0
6706;39.01268759;65.99502084;0.0
6707;40.01301408;65.99500036;0.0
6708;41.01334067;65.99497909;0.0
6709;42.01366735;65.99495700;0.0
6710;43.01399413;65.99493407;0.0
6711;44.01432101;65.99491029;0.0
6712;45.01464799;65.99488561;0.0
6713;46.01497508;65.99486003;0.0
6714;47.01530228;65.99483352;0.0
6715;48.01562958;65.99480605;0.0
6716;49.01595701;65.99477760;0.0
6717;50.01628455;65.99474814;0.0
6718;51.01661221;65.99471763;0.0
6719;52.01693999;65.99468607;0.0
6720;53.01726790;65.99465341;0.0
6721;54.01759594;65.99461963;0.0
6722;55.01792411;65.99458469;0.0
6723;56.01825241;65.99454858;0.0
6724;57.01858085;65.99451125;0.0
6725;58.01890943;65.99447267;0.0
6726;59.01923815;65.99443281;0.0
6727;60.01956701;65.99439165;0.0
6728;61.01989602;65.99434914;0.0
6729;62.02022518;65.99430525;0.0
6730;63.02055449;65.99425994;0.0
6731;64.02088395;65.99421319;0.0
6732;65.02121357;65.99416494;0.0
6733;66.02154335;65.99411518;0.0
6734;67.02187328;65.99406385;0.0
6735;68.02220338;65.99401092;0.0
6736;69.02253363;65.99395634;0.0
6737;70.02286405;65.99390009;0.0
6738;71.02319464;65.99384212;0.0
6739;72.02352539;65.99378239;0.0
6740;73.02385630;65.99372085;0.0
6741;74.02418738;65.99365747;0.0
6742;75.02451862;65.99359220;0.0
6743;76.02485003;65.99352499;0.0
6744;77.02518160;65.99345581;0.0
6745;78.02551334;65.99338460;0.0
6746;79.02584524;65.99331133;0.0
6747;80.02617729;65.99323594;0.0
6748;81.02650950;65.99315838;0.0
6749;82.02684187;65.99307862;0.0
6750;83.02717438;65.99299660;0.0
6751;84.02750704;65.99291227;0.0
6752;85.02783985;65.99282558;0.0
6753;86.02817278;65.99273648;0.0
6754;87.02850585;65.99264491;0.0
6755;88.02883904;65.99255084;0.0
6756;89.02917234;65.99245420;0.0
6757;90.02950575;65.99235493;0.0
6758;91.02983926;65.99225299;0.0
6759;92.03017286;65.99214831;0.0
6760;93.03050653;65.99204084;0.0
6761;94.03084027;65.99193052;0.0
6762;95.03117407;65.99181728;0.0
6763;96.03150790;65.99170106;0.0
6764;97.03184177;65.99158180;0.0
6765;98.03217565;65.99145943;0.0
6766;99.03250953;65.99133388;0.0
6767;100.03284339;65.99120508;0.0
6768;0.00000000;66.99527314;0.0
6769;1.00032601;66.99527295;0.0
6770;2.00065203;66.99527236;0.0
6771;3.00097805;66.99527138;0.0
6772;4.00130408;66.99527000;0.0
6773;5.00163012;66.99526823;0.0
6774;6.00195616;66.99526606;0.0
6775;7.00228222;66.99526348;0.0
6776;8.00260830;66.99526051;0.0
6777;9.00293439;66.99525712;0.0
6778;10.00326050;66.99525332;0.0
6779;11.00358663;66.99524910;0.0
6780;12.00391279;66.99524446;0.0
6781;13.00423898;66.99523939;0.0
6782;14.00456519;66.99523389;0.0
6783;15.00489143;66.99522794;0.0
6784;16.00521771;66.99522155;0.0
6785;17.00554402;66.99521470;0.0
6786;18.00587037;66.99520738;0.0
6787;19.00619676;66.99519960;0.0
6788;20.00652319;66.99519133;0.0
6789;21.00684966;66.99518257;0.0
6790;22.00717619;66.99517331;0.0
6791;23.00750276;66.99516353;0.0
6792;24.00782938;66.99515323;0.0
6793;25.00815606;66.99514239;0.0
6794;26.00848279;66.99513101;0.0
6795;27.00880958;66.99511906;0.0
6796;28.00913644;66.99510654;0.0
6797;29.00946336;66.99509343;0.0
6798;30.00979034;66.99507972;0.0
6799;31.01011739;66.99506539;0.0
6800;32.01044452;66.99505043;0.0
6801;33.01077171;66.99503481;0.0
6802;34.01109899;66.99501853;0.0
6803;35.01142634;66.99500156;0.0
6804;36.01175378;66.99498389;0.0
6805;37.01208129;66.99496550;0.0
6806;38.01240890;66.99494637;0.0
6807;39.01273659;66.99492648;0.0
6808;40.01306438;66.99490581;0.0
6809;41.01339226;66.99488434;0.0
6810;42.01372024;66.99486204;0.0
6811;43.01404832;66.99483890;0.0
6812;44.01437650;66.99481490;0.0
6813;45.01470479;66.99479000;0.0
6814;46.01503319;66.99476419;0.0
6815;47.01536170;66.99473744;0.0
6816;48.01569032;66.99470972;0.0
6817;49.01601906;66.99468102;0.0
6818;50.01634791;66.99465129;0.0
6819;51.01667689;66.99462053;0.0
6820;52.01700600;66.99458869;0.0
6821;53.01733523;66.99455575;0.0
6822;54.01766459;66.99452168;0.0
6823;55.01799409;66.99448645;0.0
6824;56.01832372;66.99445004;0.0
6825;57.01865349;66.99441240;0.0
6826;58.01898340;66.99437351;0.0
6827;59.01931345;66.99433334;0.0
6828;60.01964365;66.99429185;0.0
6829;61.01997400;66.99424900;0.0
6830;62.02030449;66.99420478;0.0
6831;63.02063514;66.99415913;0.0
6832;64.02096595;66.99411203;0.0
6833;65.02129691;66.99406343;0.0
6834;66.02162803;66.99401331;0.0
6835;67.02195930;66.99396162;0.0
6836;68.02229074;66.99390833;0.0
6837;69.02262235;66.99385339;0.0
6838;70.02295411;66.99379677;0.0
6839;71.02328605;66.99373844;0.0
6840;72.02361814;66.99367833;0.0
6841;73.02395041;66.99361643;0.0
6842;74.02428283;66.99355268;0.0
6843;75.02461543;66.99348704;0.0
6844;76.02494819;66.99341947;0.0
6845;77.02528111;66.99334993;0.0
6846;78.02561420;66.99327837;0.0
6847;79.02594744;66.99320474;0.0
6848;80.02628085;66.99312901;0.0
6849;81.02661441;66.99305113;0.0
6850;82.02694813;66.99297104;0.0
6851;83.02728199;66.99288871;0.0
6852;84.02761600;66.99280409;0.0
6853;85.02795015;66.99271712;0.0
6854;86.02828444;66.99262776;0.0
6855;87.02861885;66.99253596;0.0
6856;88.02895339;66.99244166;0.0
6857;89.02928803;66.99234482;0.0
6858;90.02962279;66.99224539;0.0
6859;91.02995764;66.99214330;0.0
6860;92.03029258;66.99203851;0.0
6861;93.03062759;66.99193096;0.0
6862;94.03096267;66.99182059;0.0
6863;95.03129780;66.99170734;0.0
6864;96.03163296;66.99159115;0.0
6865;97.03196816;66.99147196;0.0
6866;98.03230336;66.99134971;0.0
6867;99.03263856;66.99122432;0.0
6868;100.03297374;66.99109573;0.0
6869;0.00000000;67.99518147;0.0
6870;1.00032725;67.99518127;0.0
6871;2.00065449;67.99518068;0.0
6872;3.00098175;67.99517969;0.0
6873;4.00130901;67.99517830;0.0
6874;5.00163627;67.99517651;0.0
6875;6.00196355;67.99517432;0.0
6876;7.00229085;67.99517172;0.0
6877;8.00261816;67.99516871;0.0
6878;9.00294548;67.99516529;0.0
6879;10.00327283;67.99516145;0.0
6880;11.00360020;67.99515719;0.0
6881;12.00392759;67.99515251;0.0
6882;13.00425502;67.99514739;0.0
6883;14.00458247;67.99514183;0.0
6884;15.00490995;67.99513583;0.0
6885;16.00523747;67.99512938;0.0
6886;17.00556503;67.99512246;0.0
6887;18.00589262;67.99511508;0.0
6888;19.00622026;67.99510721;0.0
6889;20.00654793;67.99509887;0.0
6890;21.00687566;67.99509002;0.0
6891;22.00720343;67.99508067;0.0
6892;23.00753126;67.99507080;0.0
6893;24.00785914;67.99506040;0.0
6894;25.00818707;67.99504946;0.0
6895;26.00851507;67.99503797;0.0
6896;27.00884312;67.99502591;0.0
6897;28.00917124;67.99501327;0.0
6898;29.00949942;67.99500004;0.0
6899;30.00982767;67.99498620;0.0
6900;31.01015599;67.99497173;0.0
6901;32.01048439;67.99495663;0.0
6902;33.01081286;67.99494087;0.0
6903;34.01114141;67.99492444;0.0
6904;35.01147004;67.99490731;0.0
6905;36.01179876;67.99488948;0.0
6906;37.01212756;67.99487092;0.0
6907;38.01245645;67.99485162;0.0
6908;39.01278543;67.99483155;0.0
6909;40.01311451;67.99481069;0.0
6910;41.01344369;67.99478902;0.0
6911;42.01377296;67.99476653;0.0
6912;43.01410234;67.99474319;0.0
6913;44.01443182;67.99471897;0.0
6914;45.01476141;67.99469385;0.0
6915;46.01509111;67.99466782;0.0
6916;47.01542093;67.99464084;0.0
6917;48.01575086;67.99461288;0.0
6918;49.01608091;67.99458393;0.0
6919;50.01641108;67.99455396;0.0
6920;51.01674137;67.99452293;0.0
6921;52.01707179;67.99449083;0.0
6922;53.01740235;67.99445762;0.0
6923;54.01773303;67.99442328;0.0
6924;55.01806385;67.99438777;0.0
6925;56.01839481;67.99435106;0.0
6926;57.01872590;67.99431313;0.0
6927;58.01905714;67.99427393;0.0
6928;59.01938853;67.99423345;0.0
6929;60.01972006;67.99419165;0.0
6930;61.02005174;67.99414849;0.0
6931;62.02038357;67.99410394;0.0
6932;63.02071556;67.99405796;0.0
6933;64.02104770;67.99401052;0.0
6934;65.02138000;67.99396159;0.0
6935;66.02171246;67.99391112;0.0
6936;67.02204508;67.99385909;0.0
6937;68.02237787;67.99380545;0.0
6938;69.02271082;67.99375016;0.0
6939;70.02304393;67.99369319;0.0
6940;71.02337720;67.99363449;0.0
6941;72.02371065;67.99357404;0.0
6942;73.02404426;67.99351178;0.0
6943;74.02437803;67.99344767;0.0
6944;75.02471198;67.99338168;0.0
6945;76.02504608;67.99331377;0.0
6946;77.02538036;67.99324388;0.0
6947;78.02571479;67.99317198;0.0
6948;79.02604939;67.99309803;0.0
6949;80.02638415;67.99302197;0.0
6950;81.02671906;67.99294378;0.0
6951;82.02705412;67.99286339;0.0
6952;83.02738934;67.99278077;0.0
6953;84.02772469;67.99269587;0.0
6954;85.02806019;67.99260864;0.0
6955;86.02839583;67.99251904;0.0
6956;87.02873159;67.99242701;0.0
6957;88.02906747;67.99233252;0.0
6958;89.02940346;67.99223550;0.0
6959;90.02973956;67.99213592;0.0
6960;91.03007576;67.99203371;0.0
6961;92.03041203;67.99192883;0.0
6962;93.03074839;67.99182122;0.0
6963;94.03108480;67.99171083;0.0
6964;95.03142127;67.99159759;0.0
6965;96.03175777;67.99148146;0.0
6966;97.03209430;67.99136237;0.0
6967;98.03243083;67.99124025;0.0
6968;99.03276735;67.99111505;0.0
6969;100.03310385;67.99098669;0.0
6970;0.00000000;68.99508913;0.0
6971;1.00032847;68.99508893;0.0
6972;2.00065695;68.99508833;0.0
6973;3.00098542;68.99508733;0.0
6974;4.00131391;68.99508593;0.0
6975;5.00164241;68.99508412;0.0
6976;6.00197091;68.99508191;0.0
6977;7.00229943;68.99507929;0.0
6978;8.00262797;68.99507625;0.0
6979;9.00295653;68.99507280;0.0
6980;10.00328510;68.99506892;0.0
6981;11.00361370;68.99506463;0.0
6982;12.00394233;68.99505990;0.0
6983;13.00427099;68.99505473;0.0
6984;14.00459967;68.99504912;0.0
6985;15.00492839;68.99504306;0.0
6986;16.00525715;68.99503655;0.0
6987;17.00558594;68.99502957;0.0
6988;18.00591478;68.99502212;0.0
6989;19.00624365;68.99501418;0.0
6990;20.00657257;68.99500576;0.0
6991;21.00690154;68.99499683;0.0
6992;22.00723057;68.99498739;0.0
6993;23.00755964;68.99497743;0.0
6994;24.00788877;68.99496694;0.0
6995;25.00821795;68.99495590;0.0
6996;26.00854720;68.99494430;0.0
6997;27.00887651;68.99493213;0.0
6998;28.00920589;68.99491938;0.0
6999;29.00953533;68.99490603;0.0
7000;30.00986485;68.99489206;0.0
7001;31.01019443;68.99487747;0.0
7002;32.01052410;68.99486223;0.0
7003;33.01085384;68.99484633;0.0
7004;34.01118366;68.99482975;0.0
7005;35.01151357;68.99481247;0.0
7006;36.01184356;68.99479448;0.0
7007;37.01217364;68.99477576;0.0
7008;38.01250382;68.99475629;0.0
7009;39.01283408;68.99473604;0.0
7010;40.01316445;68.99471500;0.0
7011;41.01349491;68.99469315;0.0
7012;42.01382548;68.99467047;0.0
7013;43.01415615;68.99464693;0.0
7014;44.01448693;68.99462250;0.0
7015;45.01481782;68.99459718;0.0
7016;46.01514882;68.99457092;0.0
7017;47.01547994;68.99454372;0.0
7018;48.01581117;68.99451554;0.0
7019;49.01614253;68.99448635;0.0
7020;50.01647401;68.99445613;0.0
7021;51.01680562;68.99442486;0.0
7022;52.01713736;68.99439250;0.0
7023;53.01746923;68.99435903;0.0
7024;54.01780123;68.99432442;0.0
7025;55.01813337;68.99428863;0.0
7026;56.01846565;68.99425165;0.0
7027;57.01879807;68.99421343;0.0
7028;58.01913064;68.99417395;0.0
7029;59.01946335;68.99413317;0.0
7030;60.01979621;68.99409106;0.0
7031;61.02012923;68.99404759;0.0
7032;62.02046239;68.99400273;0.0
7033;63.02079572;68.99395643;0.0
7034;64.02112919;68.99390867;0.0
7035;65.02146283;68.99385941;0.0
7036;66.02179663;68.99380862;0.0
7037;67.02213059;68.99375625;0.0
7038;68.02246472;68.99370227;0.0
7039;69.02279901;68.99364665;0.0
7040;70.02313346;68.99358934;0.0
7041;71.02346808;68.99353030;0.0
7042;72.02380287;68.99346951;0.0
7043;73.02413783;68.99340691;0.0
7044;74.02447295;68.99334246;0.0
7045;75.02480824;68.99327614;0.0
7046;76.02514370;68.99320789;0.0
7047;77.02547932;68.99313767;0.0
7048;78.02581510;68.99306545;0.0
7049;79.02615104;68.99299118;0.0
7050;80.02648715;68.99291482;0.0
7051;81.02682341;68.99283633;0.0
7052;82.02715982;68.99275565;0.0
7053;83.02749639;68.99267276;0.0
7054;84.02783309;68.99258760;0.0
7055;85.02816994;68.99250013;0.0
7056;86.02850692;68.99241030;0.0
7057;87.02884403;68.99231807;0.0
7058;88.02918126;68.99222340;0.0
7059;89.02951860;68.99212622;0.0
7060;90.02985604;68.99202651;0.0
7061;91.03019358;68.99192420;0.0
7062;92.03053120;68.99181925;0.0
7063;93.03086890;68.99171160;0.0
7064;94.03120665;68.99160121;0.0
7065;95.03154446;68.99148801;0.0
7066;96.03188229;68.99137195;0.0
7067;97.03222015;68.99125298;0.0
7068;98.03255802;68.99113103;0.0
7069;99.03289587;68.99100604;0.0
7070;100.03323369;68.99087794;0.0
7071;0.00000000;69.99499612;0.0
7072;1.00032969;69.99499592;0.0
7073;2.00065939;69.99499531;0.0
7074;3.00098908;69.99499431;0.0
7075;4.00131879;69.99499289;0.0
7076;5.00164851;69.99499107;0.0
7077;6.00197823;69.99498884;0.0
7078;7.00230798;69.99498619;0.0
7079;8.00263773;69.99498313;0.0
7080;9.00296751;69.99497964;0.0
7081;10.00329732;69.99497574;0.0
7082;11.00362714;69.99497140;0.0
7083;12.00395699;69.99496663;0.0
7084;13.00428688;69.99496141;0.0
7085;14.00461679;69.99495576;0.0
7086;15.00494674;69.99494964;0.0
7087;16.00527673;69.99494307;0.0
7088;17.00560675;69.99493603;0.0
7089;18.00593682;69.99492851;0.0
7090;19.00626693;69.99492051;0.0
7091;20.00659709;69.99491201;0.0
7092;21.00692730;69.99490300;0.0
7093;22.00725756;69.99489348;0.0
7094;23.00758788;69.99488343;0.0
7095;24.00791825;69.99487285;0.0
7096;25.00824869;69.99486171;0.0
7097;26.00857919;69.99485001;0.0
7098;27.00890975;69.99483774;0.0
7099;28.00924038;69.99482487;0.0
7100;29.00957108;69.99481140;0.0
7101;30.00990185;69.99479732;0.0
7102;31.01023270;69.99478260;0.0
7103;32.01056362;69.99476723;0.0
7104;33.01089463;69.99475119;0.0
7105;34.01122572;69.99473447;0.0
7106;35.01155690;69.99471705;0.0
7107;36.01188816;69.99469890;0.0
7108;37.01221952;69.99468003;0.0
7109;38.01255097;69.99466039;0.0
7110;39.01288252;69.99463998;0.0
7111;40.01321416;69.99461876;0.0
7112;41.01354591;69.99459673;0.0
7113;42.01387777;69.99457386;0.0
7114;43.01420973;69.99455013;0.0
7115;44.01454180;69.99452551;0.0
7116;45.01487399;69.99449998;0.0
7117;46.01520629;69.99447351;0.0
7118;47.01553870;69.99444609;0.0
7119;48.01587124;69.99441769;0.0
7120;49.01620391;69.99438827;0.0
7121;50.01653669;69.99435782;0.0
7122;51.01686961;69.99432631;0.0
7123;52.01720266;69.99429371;0.0
7124;53.01753584;69.99425998;0.0
7125;54.01786916;69.99422511;0.0
7126;55.01820262;69.99418906;0.0
7127;56.01853622;69.99415181;0.0
7128;57.01886997;69.99411331;0.0
7129;58.01920386;69.99407355;0.0
7130;59.01953790;69.99403248;0.0
7131;60.01987209;69.99399008;0.0
7132;61.02020643;69.99394632;0.0
7133;62.02054092;69.99390115;0.0
7134;63.02087558;69.99385455;0.0
7135;64.02121039;69.99380648;0.0
7136;65.02154537;69.99375691;0.0
7137;66.02188050;69.99370580;0.0
7138;67.02221580;69.99365311;0.0
7139;68.02255127;69.99359881;0.0
7140;69.02288689;69.99354286;0.0
7141;70.02322269;69.99348522;0.0
7142;71.02355866;69.99342586;0.0
7143;72.02389479;69.99336474;0.0
7144;73.02423109;69.99330181;0.0
7145;74.02456755;69.99323704;0.0
7146;75.02490419;69.99317040;0.0
7147;76.02524099;69.99310183;0.0
7148;77.02557796;69.99303130;0.0
7149;78.02591509;69.99295877;0.0
7150;79.02625238;69.99288420;0.0
7151;80.02658983;69.99280755;0.0
7152;81.02692744;69.99272877;0.0
7153;82.02726520;69.99264783;0.0
7154;83.02760311;69.99256468;0.0
7155;84.02794117;69.99247928;0.0
7156;85.02827936;69.99239158;0.0
7157;86.02861769;69.99230155;0.0
7158;87.02895614;69.99220913;0.0
7159;88.02929472;69.99211429;0.0
7160;89.02963341;69.99201698;0.0
7161;90.02997220;69.99191715;0.0
7162;91.03031108;69.99181476;0.0
7163;92.03065005;69.99170975;0.0
7164;93.03098909;69.99160209;0.0
7165;94.03132819;69.99149172;0.0
7166;95.03166733;69.99137858;0.0
7167;96.03200651;69.99126262;0.0
7168;97.03234570;69.99114380;0.0
7169;98.03268490;69.99102204;0.0
7170;99.03302408;69.99089729;0.0
7171;100.03336323;69.99076948;0.0
7172;0.00000000;70.99490245;0.0
7173;1.00033090;70.99490225;0.0
7174;2.00066181;70.99490164;0.0
7175;3.00099272;70.99490062;0.0
7176;4.00132364;70.99489919;0.0
7177;5.00165457;70.99489736;0.0
7178;6.00198551;70.99489510;0.0
7179;7.00231647;70.99489244;0.0
7180;8.00264744;70.99488935;0.0
7181;9.00297844;70.99488583;0.0
7182;10.00330946;70.99488189;0.0
7183;11.00364050;70.99487752;0.0
7184;12.00397157;70.99487271;0.0
7185;13.00430268;70.99486745;0.0
7186;14.00463381;70.99486174;0.0
7187;15.00496498;70.99485558;0.0
7188;16.00529620;70.99484895;0.0
7189;17.00562745;70.99484185;0.0
7190;18.00595874;70.99483426;0.0
7191;19.00629008;70.99482619;0.0
7192;20.00662148;70.99481762;0.0
7193;21.00695292;70.99480854;0.0
7194;22.00728441;70.99479893;0.0
7195;23.00761597;70.99478880;0.0
7196;24.00794758;70.99477813;0.0
7197;25.00827926;70.99476690;0.0
7198;26.00861100;70.99475510;0.0
7199;27.00894280;70.99474272;0.0
7200;28.00927468;70.99472975;0.0
7201;29.00960663;70.99471617;0.0
7202;30.00993866;70.99470197;0.0
7203;31.01027076;70.99468713;0.0
7204;32.01060294;70.99467163;0.0
7205;33.01093521;70.99465546;0.0
7206;34.01126756;70.99463860;0.0
7207;35.01160001;70.99462104;0.0
7208;36.01193254;70.99460275;0.0
7209;37.01226517;70.99458372;0.0
7210;38.01259789;70.99456393;0.0
7211;39.01293071;70.99454335;0.0
7212;40.01326364;70.99452197;0.0
7213;41.01359667;70.99449977;0.0
7214;42.01392981;70.99447671;0.0
7215;43.01426305;70.99445280;0.0
7216;44.01459641;70.99442798;0.0
7217;45.01492989;70.99440226;0.0
7218;46.01526348;70.99437559;0.0
7219;47.01559720;70.99434796;0.0
7220;48.01593104;70.99431934;0.0
7221;49.01626500;70.99428971;0.0
7222;50.01659909;70.99425903;0.0
7223;51.01693332;70.99422729;0.0
7224;52.01726767;70.99419445;0.0
7225;53.01760217;70.99416048;0.0
7226;54.01793680;70.99412536;0.0
7227;55.01827157;70.99408906;0.0
7228;56.01860649;70.99405154;0.0
7229;57.01894155;70.99401278;0.0
7230;58.01927677;70.99397275;0.0
7231;59.01961213;70.99393140;0.0
7232;60.01994764;70.99388872;0.0
7233;61.02028331;70.99384467;0.0
7234;62.02061914;70.99379922;0.0
7235;63.02095512;70.99375232;0.0
7236;64.02129127;70.99370395;0.0
7237;65.02162757;70.99365408;0.0
7238;66.02196404;70.99360266;0.0
7239;67.02230068;70.99354966;0.0
7240;68.02263748;70.99349505;0.0
7241;69.02297445;70.99343879;0.0
7242;70.02331158;70.99338084;0.0
7243;71.02364889;70.99332117;0.0
7244;72.02398636;70.99325973;0.0
7245;73.02432400;70.99319649;0.0
7246;74.02466181;70.99313142;0.0
7247;75.02499979;70.99306446;0.0
7248;76.02533794;70.99299559;0.0
7249;77.02567625;70.99292476;0.0
7250;78.02601472;70.99285194;0.0
7251;79.02635336;70.99277709;0.0
7252;80.02669216;70.99270016;0.0
7253;81.02703111;70.99262111;0.0
7254;82.02737022;70.99253992;0.0
7255;83.02770948;70.99245652;0.0
7256;84.02804888;70.99237089;0.0
7257;85.02838843;70.99228299;0.0
7258;86.02872810;70.99219276;0.0
7259;87.02906791;70.99210017;0.0
7260;88.02940783;70.99200519;0.0
7261;89.02974787;70.99190775;0.0
7262;90.03008800;70.99180783;0.0
7263;91.03042823;70.99170537;0.0
7264;92.03076855;70.99160034;0.0
7265;93.03110893;70.99149267;0.0
7266;94.03144937;70.99138234;0.0
7267;95.03178986;70.99126928;0.0
7268;96.03213038;70.99115345;0.0
7269;97.03247091;70.99103479;0.0
7270;98.03281144;70.99091325;0.0
7271;99.03315195;70.99078876;0.0
7272;100.03349243;70.99066127;0.0
7273;0.00000000;71.99480812;0.0
7274;1.00033211;71.99480792;0.0
7275;2.00066422;71.99480731;0.0
7276;3.00099634;71.99480628;0.0
7277;4.00132846;71.99480485;0.0
7278;5.00166060;71.99480299;0.0
7279;6.00199274;71.99480072;0.0
7280;7.00232491;71.99479803;0.0
7281;8.00265709;71.99479492;0.0
7282;9.00298929;71.99479137;0.0
7283;10.00332152;71.99478740;0.0
7284;11.00365378;71.99478299;0.0
7285;12.00398606;71.99477814;0.0
7286;13.00431838;71.99477284;0.0
7287;14.00465073;71.99476708;0.0
7288;15.00498311;71.99476087;0.0
7289;16.00531554;71.99475419;0.0
7290;17.00564801;71.99474703;0.0
7291;18.00598053;71.99473938;0.0
7292;19.00631309;71.99473124;0.0
7293;20.00664571;71.99472260;0.0
7294;21.00697838;71.99471344;0.0
7295;22.00731110;71.99470377;0.0
7296;23.00764389;71.99469355;0.0
7297;24.00797673;71.99468279;0.0
7298;25.00830964;71.99467147;0.0
7299;26.00864262;71.99465958;0.0
7300;27.00897566;71.99464710;0.0
7301;28.00930878;71.99463403;0.0
7302;29.00964198;71.99462034;0.0
7303;30.00997525;71.99460602;0.0
7304;31.01030860;71.99459106;0.0
7305;32.01064204;71.99457544;0.0
7306;33.01097556;71.99455915;0.0
7307;34.01130917;71.99454216;0.0
7308;35.01164287;71.99452446;0.0
7309;36.01197667;71.99450603;0.0
7310;37.01231056;71.99448685;0.0
7311;38.01264455;71.99446690;0.0
7312;39.01297864;71.99444617;0.0
7313;40.01331284;71.99442463;0.0
7314;41.01364715;71.99440226;0.0
7315;42.01398156;71.99437903;0.0
7316;43.01431609;71.99435493;0.0
7317;44.01465074;71.99432994;0.0
7318;45.01498550;71.99430402;0.0
7319;46.01532038;71.99427716;0.0
7320;47.01565539;71.99424933;0.0
7321;48.01599052;71.99422051;0.0
7322;49.01632579;71.99419066;0.0
7323;50.01666118;71.99415977;0.0
7324;51.01699670;71.99412780;0.0
7325;52.01733237;71.99409473;0.0
7326;53.01766817;71.99406053;0.0
7327;54.01800411;71.99402517;0.0
7328;55.01834020;71.99398862;0.0
7329;56.01867643;71.99395085;0.0
7330;57.01901281;71.99391184;0.0
7331;58.01934934;71.99387154;0.0
7332;59.01968602;71.99382993;0.0
7333;60.02002286;71.99378698;0.0
7334;61.02035985;71.99374266;0.0
7335;62.02069700;71.99369692;0.0
7336;63.02103431;71.99364974;0.0
7337;64.02137179;71.99360109;0.0
7338;65.02170942;71.99355092;0.0
7339;66.02204723;71.99349921;0.0
7340;67.02238520;71.99344592;0.0
7341;68.02272333;71.99339101;0.0
7342;69.02306164;71.99333445;0.0
7343;70.02340011;71.99327620;0.0
7344;71.02373875;71.99321623;0.0
7345;72.02407756;71.99315449;0.0
7346;73.02441655;71.99309095;0.0
7347;74.02475570;71.99302558;0.0
7348;75.02509502;71.99295833;0.0
7349;76.02543451;71.99288917;0.0
7350;77.02577416;71.99281806;0.0
7351;78.02611398;71.99274496;0.0
7352;79.02645396;71.99266983;0.0
7353;80.02679411;71.99259264;0.0
7354;81.02713441;71.99251335;0.0
7355;82.02747487;71.99243191;0.0
7356;83.02781547;71.99234828;0.0
7357;84.02815622;71.99226244;0.0
7358;85.02849711;71.99217434;0.0
7359;86.02883814;71.99208394;0.0
7360;87.02917929;71.99199120;0.0
7361;88.02952056;71.99189608;0.0
7362;89.02986194;71.99179854;0.0
7363;90.03020343;71.99169853;0.0
7364;91.03054501;71.99159603;0.0
7365;92.03088667;71.99149098;0.0
7366;93.03122840;71.99138334;0.0
7367;94.03157018;71.99127306;0.0
7368;95.03191202;71.99116011;0.0
7369;96.03225388;71.99104442;0.0
7370;97.03259575;71.99092595;0.0
7371;98.03293762;71.99080464;0.0
7372;99.03327947;71.99068045;0.0
7373;100.03362128;71.99055330;0.0
7374;0.00000000;72.99471315;0.0
7375;1.00033330;72.99471295;0.0
7376;2.00066661;72.99471233;0.0
7377;3.00099993;72.99471130;0.0
7378;4.00133325;72.99470985;0.0
7379;5.00166658;72.99470798;0.0
7380;6.00199992;72.99470569;0.0
7381;7.00233329;72.99470298;0.0
7382;8.00266667;72.99469984;0.0
7383;9.00300007;72.99469627;0.0
7384;10.00333350;72.99469227;0.0
7385;11.00366696;72.99468782;0.0
7386;12.00400045;72.99468293;0.0
7387;13.00433397;72.99467759;0.0
7388;14.00466752;72.99467179;0.0
7389;15.00500112;72.99466553;0.0
7390;16.00533475;72.99465879;0.0
7391;17.00566844;72.99465158;0.0
7392;18.00600216;72.99464387;0.0
7393;19.00633594;72.99463567;0.0
7394;20.00666978;72.99462696;0.0
7395;21.00700366;72.99461773;0.0
7396;22.00733761;72.99460798;0.0
7397;23.00767161;72.99459768;0.0
7398;24.00800569;72.99458684;0.0
7399;25.00833982;72.99457543;0.0
7400;26.00867403;72.99456345;0.0
7401;27.00900831;72.99455088;0.0
7402;28.00934266;72.99453770;0.0
7403;29.00967709;72.99452391;0.0
7404;30.01001161;72.99450948;0.0
7405;31.01034620;72.99449441;0.0
7406;32.01068088;72.99447867;0.0
7407;33.01101565;72.99446225;0.0
7408;34.01135051;72.99444514;0.0
7409;35.01168547;72.99442731;0.0
7410;36.01202052;72.99440874;0.0
7411;37.01235567;72.99438942;0.0
7412;38.01269093;72.99436933;0.0
7413;39.01302628;72.99434844;0.0
7414;40.01336175;72.99432674;0.0
7415;41.01369733;72.99430421;0.0
7416;42.01403302;72.99428082;0.0
7417;43.01436882;72.99425655;0.0
7418;44.01470475;72.99423138;0.0
7419;45.01504079;72.99420528;0.0
7420;46.01537696;72.99417823;0.0
7421;47.01571326;72.99415021;0.0
7422;48.01604968;72.99412118;0.0
7423;49.01638624;72.99409113;0.0
7424;50.01672292;72.99406003;0.0
7425;51.01705975;72.99402785;0.0
7426;52.01739671;72.99399456;0.0
7427;53.01773382;72.99396013;0.0
7428;54.01807107;72.99392454;0.0
7429;55.01840846;72.99388776;0.0
7430;56.01874600;72.99384975;0.0
7431;57.01908370;72.99381049;0.0
7432;58.01942154;72.99376994;0.0
7433;59.01975954;72.99372808;0.0
7434;60.02009770;72.99368487;0.0
7435;61.02043601;72.99364028;0.0
7436;62.02077449;72.99359427;0.0
7437;63.02111312;72.99354682;0.0
7438;64.02145192;72.99349789;0.0
7439;65.02179089;72.99344745;0.0
7440;66.02213002;72.99339546;0.0
7441;67.02246932;72.99334188;0.0
7442;68.02280879;72.99328669;0.0
7443;69.02314843;72.99322984;0.0
7444;70.02348824;72.99317130;0.0
7445;71.02382822;72.99311104;0.0
7446;72.02416837;72.99304902;0.0
7447;73.02450869;72.99298519;0.0
7448;74.02484918;72.99291954;0.0
7449;75.02518984;72.99285201;0.0
7450;76.02553067;72.99278257;0.0
7451;77.02587167;72.99271119;0.0
7452;78.02621283;72.99263782;0.0
7453;79.02655416;72.99256244;0.0
7454;80.02689565;72.99248500;0.0
7455;81.02723730;72.99240546;0.0
7456;82.02757910;72.99232380;0.0
7457;83.02792105;72.99223996;0.0
7458;84.02826315;72.99215392;0.0
7459;85.02860538;72.99206564;0.0
7460;86.02894776;72.99197507;0.0
7461;87.02929026;72.99188219;0.0
7462;88.02963288;72.99178695;0.0
7463;89.02997561;72.99168932;0.0
7464;90.03031844;72.99158926;0.0
7465;91.03066137;72.99148672;0.0
7466;92.03100438;72.99138167;0.0
7467;93.03134746;72.99127407;0.0
7468;94.03169059;72.99116387;0.0
7469;95.03203377;72.99105103;0.0
7470;96.03237698;72.99093550;0.0
7471;97.03272020;72.99081725;0.0
7472;98.03306341;72.99069620;0.0
7473;99.03340660;72.99057232;0.0
7474;100.03374975;72.99044554;0.0
7475;0.00000000;73.99461754;0.0
7476;1.00033449;73.99461734;0.0
7477;2.00066899;73.99461671;0.0
7478;3.00100349;73.99461567;0.0
7479;4.00133799;73.99461421;0.0
7480;5.00167251;73.99461233;0.0
7481;6.00200705;73.99461003;0.0
7482;7.00234160;73.99460729;0.0
7483;8.00267617;73.99460413;0.0
7484;9.00301077;73.99460054;0.0
7485;10.00334539;73.99459650;0.0
7486;11.00368004;73.99459202;0.0
7487;12.00401472;73.99458709;0.0
7488;13.00434943;73.99458171;0.0
7489;14.00468419;73.99457587;0.0
7490;15.00501898;73.99456956;0.0
7491;16.00535382;73.99456277;0.0
7492;17.00568870;73.99455550;0.0
7493;18.00602364;73.99454774;0.0
7494;19.00635862;73.99453947;0.0
7495;20.00669366;73.99453070;0.0
7496;21.00702876;73.99452140;0.0
7497;22.00736392;73.99451158;0.0
7498;23.00769914;73.99450121;0.0
7499;24.00803443;73.99449028;0.0
7500;25.00836978;73.99447879;0.0
7501;26.00870521;73.99446672;0.0
7502;27.00904072;73.99445405;0.0
7503;28.00937630;73.99444078;0.0
7504;29.00971196;73.99442689;0.0
7505;30.01004770;73.99441236;0.0
7506;31.01038353;73.99439718;0.0
7507;32.01071945;73.99438132;0.0
7508;33.01105546;73.99436479;0.0
7509;34.01139157;73.99434755;0.0
7510;35.01172777;73.99432959;0.0
7511;36.01206408;73.99431089;0.0
7512;37.01240048;73.99429144;0.0
7513;38.01273699;73.99427120;0.0
7514;39.01307361;73.99425017;0.0
7515;40.01341034;73.99422832;0.0
7516;41.01374718;73.99420563;0.0
7517;42.01408414;73.99418208;0.0
7518;43.01442122;73.99415765;0.0
7519;44.01475842;73.99413230;0.0
7520;45.01509574;73.99410603;0.0
7521;46.01543319;73.99407880;0.0
7522;47.01577077;73.99405059;0.0
7523;48.01610848;73.99402137;0.0
7524;49.01644632;73.99399113;0.0
7525;50.01678430;73.99395982;0.0
7526;51.01712242;73.99392743;0.0
7527;52.01746068;73.99389393;0.0
7528;53.01779909;73.99385929;0.0
7529;54.01813764;73.99382348;0.0
7530;55.01847634;73.99378647;0.0
7531;56.01881519;73.99374823;0.0
7532;57.01915419;73.99370873;0.0
7533;58.01949335;73.99366794;0.0
7534;59.01983266;73.99362584;0.0
7535;60.02017213;73.99358238;0.0
7536;61.02051177;73.99353753;0.0
7537;62.02085156;73.99349127;0.0
7538;63.02119152;73.99344356;0.0
7539;64.02153165;73.99339437;0.0
7540;65.02187194;73.99334366;0.0
7541;66.02221240;73.99329139;0.0
7542;67.02255303;73.99323755;0.0
7543;68.02289383;73.99318208;0.0
7544;69.02323480;73.99312496;0.0
7545;70.02357595;73.99306614;0.0
7546;71.02391726;73.99300561;0.0
7547;72.02425875;73.99294331;0.0
7548;73.02460041;73.99287921;0.0
7549;74.02494224;73.99281328;0.0
7550;75.02528424;73.99274549;0.0
7551;76.02562641;73.99267579;0.0
7552;77.02596875;73.99260415;0.0
7553;78.02631125;73.99253053;0.0
7554;79.02665392;73.99245490;0.0
7555;80.02699675;73.99237722;0.0
7556;81.02733975;73.99229746;0.0
7557;82.02768289;73.99221558;0.0
7558;83.02802619;73.99213155;0.0
7559;84.02836963;73.99204532;0.0
7560;85.02871322;73.99195687;0.0
7561;86.02905694;73.99186616;0.0
7562;87.02940079;73.99177315;0.0
7563;88.02974476;73.99167781;0.0
7564;89.03008884;73.99158010;0.0
7565;90.03043302;73.99147998;0.0
7566;91.03077730;73.99137743;0.0
7567;92.03112166;73.99127239;0.0
7568;93.03146609;73.99116484;0.0
7569;94.03181058;73.99105474;0.0
7570;95.03215510;73.99094203;0.0
7571;96.03249966;73.99082669;0.0
7572;97.03284422;73.99070866;0.0
7573;98.03318878;73.99058790;0.0
7574;99.03353331;73.99046436;0.0
7575;100.03387780;73.99033797;0.0
7576;0.00000000;74.99452130;0.0
7577;1.00033567;74.99452109;0.0
7578;2.00067134;74.99452046;0.0
7579;3.00100702;74.99451942;0.0
7580;4.00134270;74.99451795;0.0
7581;5.00167840;74.99451605;0.0
7582;6.00201411;74.99451373;0.0
7583;7.00234984;74.99451098;0.0
7584;8.00268559;74.99450779;0.0
7585;9.00302137;74.99450417;0.0
7586;10.00335717;74.99450011;0.0
7587;11.00369300;74.99449559;0.0
7588;12.00402887;74.99449063;0.0
7589;13.00436477;74.99448521;0.0
7590;14.00470071;74.99447933;0.0
7591;15.00503670;74.99447297;0.0
7592;16.00537273;74.99446613;0.0
7593;17.00570880;74.99445881;0.0
7594;18.00604493;74.99445099;0.0
7595;19.00638111;74.99444267;0.0
7596;20.00671735;74.99443383;0.0
7597;21.00705365;74.99442447;0.0
7598;22.00739001;74.99441457;0.0
7599;23.00772644;74.99440413;0.0
7600;24.00806293;74.99439312;0.0
7601;25.00839950;74.99438155;0.0
7602;26.00873615;74.99436939;0.0
7603;27.00907287;74.99435664;0.0
7604;28.00940967;74.99434328;0.0
7605;29.00974655;74.99432928;0.0
7606;30.01008352;74.99431465;0.0
7607;31.01042058;74.99429937;0.0
7608;32.01075773;74.99428341;0.0
7609;33.01109497;74.99426676;0.0
7610;34.01143232;74.99424940;0.0
7611;35.01176976;74.99423132;0.0
7612;36.01210731;74.99421249;0.0
7613;37.01244496;74.99419291;0.0
7614;38.01278272;74.99417254;0.0
7615;39.01312059;74.99415136;0.0
7616;40.01345858;74.99412937;0.0
7617;41.01379668;74.99410653;0.0
7618;42.01413490;74.99408282;0.0
7619;43.01447324;74.99405823;0.0
7620;44.01481171;74.99403272;0.0
7621;45.01515031;74.99400628;0.0
7622;46.01548903;74.99397888;0.0
7623;47.01582789;74.99395049;0.0
7624;48.01616688;74.99392109;0.0
7625;49.01650601;74.99389065;0.0
7626;50.01684528;74.99385916;0.0
7627;51.01718469;74.99382657;0.0
7628;52.01752424;74.99379286;0.0
7629;53.01786394;74.99375801;0.0
7630;54.01820379;74.99372199;0.0
7631;55.01854379;74.99368476;0.0
7632;56.01888395;74.99364630;0.0
7633;57.01922426;74.99360657;0.0
7634;58.01956472;74.99356556;0.0
7635;59.01990535;74.99352321;0.0
7636;60.02024614;74.99347952;0.0
7637;61.02058709;74.99343443;0.0
7638;62.02092820;74.99338792;0.0
7639;63.02126948;74.99333996;0.0
7640;64.02161093;74.99329051;0.0
7641;65.02195255;74.99323955;0.0
7642;66.02229433;74.99318703;0.0
7643;67.02263629;74.99313292;0.0
7644;68.02297842;74.99307719;0.0
7645;69.02332072;74.99301980;0.0
7646;70.02366320;74.99296073;0.0
7647;71.02400585;74.99289993;0.0
7648;72.02434867;74.99283737;0.0
7649;73.02469166;74.99277301;0.0
7650;74.02503483;74.99270682;0.0
7651;75.02537817;74.99263877;0.0
7652;76.02572168;74.99256882;0.0
7653;77.02606536;74.99249693;0.0
7654;78.02640921;74.99242307;0.0
7655;79.02675322;74.99234721;0.0
7656;80.02709740;74.99226931;0.0
7657;81.02744173;74.99218934;0.0
7658;82.02778622;74.99210726;0.0
7659;83.02813087;74.99202303;0.0
7660;84.02847566;74.99193664;0.0
7661;85.02882059;74.99184803;0.0
7662;86.02916566;74.99175718;0.0
7663;87.02951086;74.99166406;0.0
7664;88.02985618;74.99156862;0.0
7665;89.03020161;74.99147085;0.0
7666;90.03054714;74.99137070;0.0
7667;91.03089277;74.99126814;0.0
7668;92.03123848;74.99116314;0.0
7669;93.03158427;74.99105565;0.0
7670;94.03193010;74.99094565;0.0
7671;95.03227598;74.99083310;0.0
7672;96.03262189;74.99071796;0.0
7673;97.03296780;74.99060018;0.0
7674;98.03331371;74.99047972;0.0
7675;99.03365959;74.99035653;0.0
7676;100.03400542;74.99023057;0.0
7677;0.00000000;75.99442443;0.0
7678;1.00033683;75.99442422;0.0
7679;2.00067367;75.99442359;0.0
7680;3.00101051;75.99442254;0.0
7681;4.00134736;75.99442106;0.0
7682;5.00168423;75.99441915;0.0
7683;6.00202111;75.99441681;0.0
7684;7.00235801;75.99441404;0.0
7685;8.00269493;75.99441083;0.0
7686;9.00303187;75.99440718;0.0
7687;10.00336885;75.99440309;0.0
7688;11.00370585;75.99439855;0.0
7689;12.00404289;75.99439355;0.0
7690;13.00437997;75.99438809;0.0
7691;14.00471709;75.99438217;0.0
7692;15.00505425;75.99437577;0.0
7693;16.00539146;75.99436888;0.0
7694;17.00572872;75.99436151;0.0
7695;18.00606603;75.99435364;0.0
7696;19.00640340;75.99434526;0.0
7697;20.00674083;75.99433636;0.0
7698;21.00707832;75.99432693;0.0
7699;22.00741587;75.99431697;0.0
7700;23.00775350;75.99430645;0.0
7701;24.00809119;75.99429537;0.0
7702;25.00842896;75.99428372;0.0
7703;26.00876681;75.99427148;0.0
7704;27.00910474;75.99425864;0.0
7705;28.00944275;75.99424519;0.0
7706;29.00978085;75.99423110;0.0
7707;30.01011903;75.99421638;0.0
7708;31.01045731;75.99420099;0.0
7709;32.01079568;75.99418492;0.0
7710;33.01113416;75.99416816;0.0
7711;34.01147273;75.99415069;0.0
7712;35.01181141;75.99413249;0.0
7713;36.01215019;75.99411355;0.0
7714;37.01248908;75.99409383;0.0
7715;38.01282808;75.99407333;0.0
7716;39.01316720;75.99405203;0.0
7717;40.01350644;75.99402989;0.0
7718;41.01384579;75.99400691;0.0
7719;42.01418527;75.99398305;0.0
7720;43.01452487;75.99395830;0.0
7721;44.01486461;75.99393264;0.0
7722;45.01520447;75.99390603;0.0
7723;46.01554446;75.99387846;0.0
7724;47.01588459;75.99384990;0.0
7725;48.01622486;75.99382033;0.0
7726;49.01656527;75.99378971;0.0
7727;50.01690582;75.99375803;0.0
7728;51.01724652;75.99372525;0.0
7729;52.01758736;75.99369135;0.0
7730;53.01792836;75.99365630;0.0
7731;54.01826950;75.99362007;0.0
7732;55.01861080;75.99358264;0.0
7733;56.01895226;75.99354396;0.0
7734;57.01929387;75.99350402;0.0
7735;58.01963564;75.99346278;0.0
7736;59.01997758;75.99342022;0.0
7737;60.02031968;75.99337629;0.0
7738;61.02066194;75.99333097;0.0
7739;62.02100437;75.99328422;0.0
7740;63.02134697;75.99323602;0.0
7741;64.02168974;75.99318633;0.0
7742;65.02203268;75.99313512;0.0
7743;66.02237579;75.99308236;0.0
7744;67.02271907;75.99302800;0.0
7745;68.02306253;75.99297202;0.0
7746;69.02340616;75.99291438;0.0
7747;70.02374997;75.99285506;0.0
7748;71.02409395;75.99279400;0.0
7749;72.02443810;75.99273119;0.0
7750;73.02478243;75.99266659;0.0
7751;74.02512694;75.99260015;0.0
7752;75.02547161;75.99253186;0.0
7753;76.02581646;75.99246167;0.0
7754;77.02616148;75.99238954;0.0
7755;78.02650667;75.99231546;0.0
7756;79.02685203;75.99223938;0.0
7757;80.02719755;75.99216127;0.0
7758;81.02754322;75.99208109;0.0
7759;82.02788906;75.99199882;0.0
7760;83.02823505;75.99191442;0.0
7761;84.02858119;75.99182786;0.0
7762;85.02892747;75.99173911;0.0
7763;86.02927389;75.99164814;0.0
7764;87.02962044;75.99155491;0.0
7765;88.02996711;75.99145940;0.0
7766;89.03031389;75.99136157;0.0
7767;90.03066078;75.99126139;0.0
7768;91.03100776;75.99115884;0.0
7769;92.03135482;75.99105388;0.0
7770;93.03170196;75.99094648;0.0
7771;94.03204915;75.99083660;0.0
7772;95.03239638;75.99072422;0.0
7773;96.03274364;75.99060929;0.0
7774;97.03309091;75.99049178;0.0
7775;98.03343817;75.99037164;0.0
7776;99.03378539;75.99024883;0.0
7777;100.03413257;75.99012330;0.0
7778;0.00000000;76.99432694;0.0
7779;1.00033799;76.99432674;0.0
7780;2.00067598;76.99432610;0.0
7781;3.00101397;76.99432504;0.0
7782;4.00135198;76.99432355;0.0
7783;5.00169000;76.99432163;0.0
7784;6.00202803;76.99431928;0.0
7785;7.00236609;76.99431649;0.0
7786;8.00270416;76.99431326;0.0
7787;9.00304227;76.99430959;0.0
7788;10.00338040;76.99430547;0.0
7789;11.00371857;76.99430090;0.0
7790;12.00405677;76.99429587;0.0
7791;13.00439501;76.99429037;0.0
7792;14.00473329;76.99428440;0.0
7793;15.00507162;76.99427796;0.0
7794;16.00541000;76.99427103;0.0
7795;17.00574843;76.99426361;0.0
7796;18.00608692;76.99425569;0.0
7797;19.00642546;76.99424725;0.0
7798;20.00676407;76.99423829;0.0
7799;21.00710274;76.99422880;0.0
7800;22.00744148;76.99421877;0.0
7801;23.00778029;76.99420819;0.0
7802;24.00811918;76.99419704;0.0
7803;25.00845814;76.99418531;0.0
7804;26.00879718;76.99417299;0.0
7805;27.00913631;76.99416007;0.0
7806;28.00947552;76.99414653;0.0
7807;29.00981482;76.99413236;0.0
7808;30.01015422;76.99411753;0.0
7809;31.01049371;76.99410205;0.0
7810;32.01083329;76.99408588;0.0
7811;33.01117298;76.99406901;0.0
7812;34.01151278;76.99405143;0.0
7813;35.01185268;76.99403312;0.0
7814;36.01219269;76.99401406;0.0
7815;37.01253281;76.99399422;0.0
7816;38.01287305;76.99397360;0.0
7817;39.01321341;76.99395216;0.0
7818;40.01355389;76.99392989;0.0
7819;41.01389449;76.99390677;0.0
7820;42.01423522;76.99388277;0.0
7821;43.01457608;76.99385788;0.0
7822;44.01491707;76.99383206;0.0
7823;45.01525819;76.99380530;0.0
7824;46.01559945;76.99377757;0.0
7825;47.01594085;76.99374885;0.0
7826;48.01628239;76.99371910;0.0
7827;49.01662408;76.99368831;0.0
7828;50.01696591;76.99365645;0.0
7829;51.01730788;76.99362349;0.0
7830;52.01765001;76.99358941;0.0
7831;53.01799230;76.99355416;0.0
7832;54.01833473;76.99351774;0.0
7833;55.01867733;76.99348010;0.0
7834;56.01902008;76.99344123;0.0
7835;57.01936300;76.99340108;0.0
7836;58.01970607;76.99335963;0.0
7837;59.02004931;76.99331684;0.0
7838;60.02039272;76.99327270;0.0
7839;61.02073630;76.99322715;0.0
7840;62.02108004;76.99318018;0.0
7841;63.02142396;76.99313175;0.0
7842;64.02176804;76.99308183;0.0
7843;65.02211230;76.99303039;0.0
7844;66.02245674;76.99297738;0.0
7845;67.02280134;76.99292279;0.0
7846;68.02314613;76.99286657;0.0
7847;69.02349109;76.99280869;0.0
7848;70.02383622;76.99274913;0.0
7849;71.02418154;76.99268783;0.0
7850;72.02452702;76.99262478;0.0
7851;73.02487269;76.99255994;0.0
7852;74.02521853;76.99249327;0.0
7853;75.02556454;76.99242474;0.0
7854;76.02591073;76.99235433;0.0
7855;77.02625709;76.99228198;0.0
7856;78.02660362;76.99220768;0.0
7857;79.02695032;76.99213139;0.0
7858;80.02729718;76.99205308;0.0
7859;81.02764420;76.99197271;0.0
7860;82.02799138;76.99189026;0.0
7861;83.02833872;76.99180570;0.0
7862;84.02868620;76.99171899;0.0
7863;85.02903383;76.99163010;0.0
7864;86.02938160;76.99153902;0.0
7865;87.02972950;76.99144570;0.0
7866;88.03007752;76.99135012;0.0
7867;89.03042566;76.99125225;0.0
7868;90.03077390;76.99115206;0.0
7869;91.03112223;76.99104952;0.0
7870;92.03147065;76.99094462;0.0
7871;93.03181914;76.99083731;0.0
7872;94.03216769;76.99072756;0.0
7873;95.03251628;76.99061536;0.0
7874;96.03286490;76.99050066;0.0
7875;97.03321352;76.99038343;0.0
7876;98.03356213;76.99026363;0.0
7877;99.03391071;76.99014122;0.0
7878;100.03425924;76.99001615;0.0
7879;0.00000000;77.99422885;0.0
7880;1.00033913;77.99422864;0.0
7881;2.00067826;77.99422801;0.0
7882;3.00101739;77.99422694;0.0
7883;4.00135654;77.99422544;0.0
7884;5.00169570;77.99422351;0.0
7885;6.00203488;77.99422114;0.0
7886;7.00237408;77.99421833;0.0
7887;8.00271330;77.99421508;0.0
7888;9.00305255;77.99421139;0.0
7889;10.00339183;77.99420724;0.0
7890;11.00373114;77.99420264;0.0
7891;12.00407049;77.99419758;0.0
7892;13.00440989;77.99419205;0.0
7893;14.00474932;77.99418605;0.0
7894;15.00508881;77.99417956;0.0
7895;16.00542834;77.99417259;0.0
7896;17.00576793;77.99416512;0.0
7897;18.00610758;77.99415714;0.0
7898;19.00644729;77.99414865;0.0
7899;20.00678707;77.99413964;0.0
7900;21.00712691;77.99413009;0.0
7901;22.00746682;77.99412000;0.0
7902;23.00780680;77.99410935;0.0
7903;24.00814687;77.99409813;0.0
7904;25.00848701;77.99408633;0.0
7905;26.00882724;77.99407393;0.0
7906;27.00916755;77.99406093;0.0
7907;28.00950796;77.99404731;0.0
7908;29.00984845;77.99403305;0.0
7909;30.01018905;77.99401813;0.0
7910;31.01052974;77.99400255;0.0
7911;32.01087053;77.99398629;0.0
7912;33.01121143;77.99396932;0.0
7913;34.01155244;77.99395164;0.0
7914;35.01189356;77.99393321;0.0
7915;36.01223479;77.99391404;0.0
7916;37.01257614;77.99389408;0.0
7917;38.01291760;77.99387334;0.0
7918;39.01325919;77.99385178;0.0
7919;40.01360091;77.99382938;0.0
7920;41.01394275;77.99380613;0.0
7921;42.01428472;77.99378199;0.0
7922;43.01462683;77.99375696;0.0
7923;44.01496907;77.99373099;0.0
7924;45.01531145;77.99370408;0.0
7925;46.01565397;77.99367620;0.0
7926;47.01599663;77.99364732;0.0
7927;48.01633944;77.99361741;0.0
7928;49.01668239;77.99358646;0.0
7929;50.01702550;77.99355442;0.0
7930;51.01736875;77.99352129;0.0
7931;52.01771216;77.99348702;0.0
7932;53.01805573;77.99345160;0.0
7933;54.01839945;77.99341499;0.0
7934;55.01874334;77.99337716;0.0
7935;56.01908739;77.99333809;0.0
7936;57.01943160;77.99329774;0.0
7937;58.01977598;77.99325609;0.0
7938;59.02012052;77.99321310;0.0
7939;60.02046524;77.99316874;0.0
7940;61.02081012;77.99312299;0.0
7941;62.02115518;77.99307580;0.0
7942;63.02150041;77.99302715;0.0
7943;64.02184581;77.99297701;0.0
7944;65.02219139;77.99292534;0.0
7945;66.02253715;77.99287211;0.0
7946;67.02288308;77.99281729;0.0
7947;68.02322919;77.99276084;0.0
7948;69.02357547;77.99270274;0.0
7949;70.02392194;77.99264294;0.0
7950;71.02426858;77.99258142;0.0
7951;72.02461540;77.99251814;0.0
7952;73.02496240;77.99245307;0.0
7953;74.02530958;77.99238618;0.0
7954;75.02565693;77.99231743;0.0
7955;76.02600445;77.99224680;0.0
7956;77.02635215;77.99217424;0.0
7957;78.02670002;77.99209973;0.0
7958;79.02704806;77.99202325;0.0
7959;80.02739627;77.99194474;0.0
7960;81.02774464;77.99186420;0.0
7961;82.02809316;77.99178158;0.0
7962;83.02844185;77.99169686;0.0
7963;84.02879068;77.99161001;0.0
7964;85.02913966;77.99152100;0.0
7965;86.02948877;77.99142981;0.0
7966;87.02983802;77.99133641;0.0
7967;88.03018740;77.99124077;0.0
7968;89.03053689;77.99114287;0.0
7969;90.03088648;77.99104267;0.0
7970;91.03123617;77.99094017;0.0
7971;92.03158595;77.99083533;0.0
7972;93.03193580;77.99072812;0.0
7973;94.03228571;77.99061852;0.0
7974;95.03263565;77.99050651;0.0
7975;96.03298563;77.99039205;0.0
7976;97.03333561;77.99027511;0.0
7977;98.03368558;77.99015567;0.0
7978;99.03403552;77.99003367;0.0
7979;100.03438540;77.98990909;0.0
7980;0.00000000;78.99413017;0.0
7981;1.00034025;78.99412996;0.0
7982;2.00068051;78.99412932;0.0
7983;3.00102077;78.99412824;0.0
7984;4.00136105;78.99412673;0.0
7985;5.00170134;78.99412479;0.0
7986;6.00204164;78.99412241;0.0
7987;7.00238197;78.99411958;0.0
7988;8.00272232;78.99411632;0.0
7989;9.00306270;78.99411260;0.0
7990;10.00340312;78.99410843;0.0
7991;11.00374357;78.99410380;0.0
7992;12.00408405;78.99409870;0.0
7993;13.00442458;78.99409314;0.0
7994;14.00476516;78.99408710;0.0
7995;15.00510579;78.99408057;0.0
7996;16.00544647;78.99407356;0.0
7997;17.00578721;78.99406604;0.0
7998;18.00612800;78.99405802;0.0
7999;19.00646887;78.99404948;0.0
8000;20.00680979;78.99404041;0.0
8001;21.00715079;78.99403080;0.0
8002;22.00749186;78.99402065;0.0
8003;23.00783301;78.99400994;0.0
8004;24.00817424;78.99399865;0.0
8005;25.00851556;78.99398678;0.0
8006;26.00885696;78.99397431;0.0
8007;27.00919845;78.99396123;0.0
8008;28.00954003;78.99394753;0.0
8009;29.00988172;78.99393318;0.0
8010;30.01022350;78.99391818;0.0
8011;31.01056538;78.99390251;0.0
8012;32.01090737;78.99388615;0.0
8013;33.01124947;78.99386909;0.0
8014;34.01159168;78.99385130;0.0
8015;35.01193401;78.99383277;0.0
8016;36.01227645;78.99381349;0.0
8017;37.01261901;78.99379342;0.0
8018;38.01296170;78.99377256;0.0
8019;39.01330452;78.99375088;0.0
8020;40.01364746;78.99372836;0.0
8021;41.01399053;78.99370498;0.0
8022;42.01433374;78.99368071;0.0
8023;43.01467709;78.99365554;0.0
8024;44.01502057;78.99362944;0.0
8025;45.01536420;78.99360239;0.0
8026;46.01570797;78.99357436;0.0
8027;47.01605189;78.99354532;0.0
8028;48.01639596;78.99351526;0.0
8029;49.01674018;78.99348415;0.0
8030;50.01708456;78.99345195;0.0
8031;51.01742909;78.99341865;0.0
8032;52.01777377;78.99338421;0.0
8033;53.01811862;78.99334862;0.0
8034;54.01846363;78.99331183;0.0
8035;55.01880881;78.99327382;0.0
8036;56.01915414;78.99323456;0.0
8037;57.01949965;78.99319402;0.0
8038;58.01984533;78.99315217;0.0
8039;59.02019117;78.99310899;0.0
8040;60.02053719;78.99306443;0.0
8041;61.02088338;78.99301847;0.0
8042;62.02122975;78.99297108;0.0
8043;63.02157629;78.99292222;0.0
8044;64.02192301;78.99287187;0.0
8045;65.02226991;78.99281999;0.0
8046;66.02261699;78.99276654;0.0
8047;67.02296424;78.99271151;0.0
8048;68.02331167;78.99265484;0.0
8049;69.02365929;78.99259652;0.0
8050;70.02400708;78.99253650;0.0
8051;71.02435506;78.99247476;0.0
8052;72.02470321;78.99241127;0.0
8053;73.02505154;78.99234598;0.0
8054;74.02540005;78.99227888;0.0
8055;75.02574874;78.99220992;0.0
8056;76.02609761;78.99213908;0.0
8057;77.02644665;78.99206632;0.0
8058;78.02679586;78.99199162;0.0
8059;79.02714524;78.99191494;0.0
8060;80.02749479;78.99183626;0.0
8061;81.02784450;78.99175555;0.0
8062;82.02819437;78.99167277;0.0
8063;83.02854441;78.99158791;0.0
8064;84.02889459;78.99150093;0.0
8065;85.02924491;78.99141180;0.0
8066;86.02959538;78.99132052;0.0
8067;87.02994598;78.99122704;0.0
8068;88.03029671;78.99113135;0.0
8069;89.03064756;78.99103342;0.0
8070;90.03099851;78.99093323;0.0
8071;91.03134956;78.99083076;0.0
8072;92.03170070;78.99072599;0.0
8073;93.03205190;78.99061890;0.0
8074;94.03240317;78.99050945;0.0
8075;95.03275448;78.99039764;0.0
8076;96.03310582;78.99028343;0.0
8077;97.03345716;78.99016681;0.0
8078;98.03380850;78.99004773;0.0
8079;99.03415979;78.98992617;0.0
8080;100.03451104;78.98980209;0.0
8081;0.00000000;79.99403089;0.0
8082;1.00034136;79.99403068;0.0
8083;2.00068273;79.99403004;0.0
8084;3.00102411;79.99402896;0.0
8085;4.00136549;79.99402744;0.0
8086;5.00170690;79.99402549;0.0
8087;6.00204832;79.99402309;0.0
8088;7.00238976;79.99402025;0.0
8089;8.00273123;79.99401696;0.0
8090;9.00307273;79.99401322;0.0
8091;10.00341426;79.99400903;0.0
8092;11.00375583;79.99400437;0.0
8093;12.00409744;79.99399925;0.0
8094;13.00443909;79.99399365;0.0
8095;14.00478080;79.99398758;0.0
8096;15.00512255;79.99398101;0.0
8097;16.00546436;79.99397396;0.0
8098;17.00580623;79.99396640;0.0
8099;18.00614817;79.99395833;0.0
8100;19.00649017;79.99394973;0.0
8101;20.00683223;79.99394061;0.0
8102;21.00717438;79.99393095;0.0
8103;22.00751660;79.99392074;0.0
8104;23.00785890;79.99390996;0.0
8105;24.00820128;79.99389861;0.0
8106;25.00854376;79.99388667;0.0
8107;26.00888632;79.99387413;0.0
8108;27.00922898;79.99386098;0.0
8109;28.00957173;79.99384720;0.0
8110;29.00991458;79.99383277;0.0
8111;30.01025754;79.99381769;0.0
8112;31.01060061;79.99380193;0.0
8113;32.01094378;79.99378548;0.0
8114;33.01128707;79.99376832;0.0
8115;34.01163048;79.99375044;0.0
8116;35.01197400;79.99373181;0.0
8117;36.01231764;79.99371242;0.0
8118;37.01266142;79.99369225;0.0
8119;38.01300532;79.99367128;0.0
8120;39.01334934;79.99364948;0.0
8121;40.01369351;79.99362684;0.0
8122;41.01403781;79.99360334;0.0
8123;42.01438225;79.99357894;0.0
8124;43.01472683;79.99355364;0.0
8125;44.01507155;79.99352741;0.0
8126;45.01541642;79.99350022;0.0
8127;46.01576144;79.99347205;0.0
8128;47.01610661;79.99344287;0.0
8129;48.01645194;79.99341266;0.0
8130;49.01679742;79.99338139;0.0
8131;50.01714306;79.99334904;0.0
8132;51.01748885;79.99331558;0.0
8133;52.01783481;79.99328098;0.0
8134;53.01818094;79.99324521;0.0
8135;54.01852723;79.99320825;0.0
8136;55.01887369;79.99317007;0.0
8137;56.01922032;79.99313063;0.0
8138;57.01956712;79.99308991;0.0
8139;58.01991409;79.99304788;0.0
8140;59.02026123;79.99300451;0.0
8141;60.02060855;79.99295976;0.0
8142;61.02095605;79.99291361;0.0
8143;62.02130373;79.99286602;0.0
8144;63.02165158;79.99281697;0.0
8145;64.02199962;79.99276641;0.0
8146;65.02234783;79.99271433;0.0
8147;66.02269623;79.99266068;0.0
8148;67.02304480;79.99260543;0.0
8149;68.02339356;79.99254856;0.0
8150;69.02374250;79.99249003;0.0
8151;70.02409163;79.99242981;0.0
8152;71.02444093;79.99236786;0.0
8153;72.02479042;79.99230416;0.0
8154;73.02514009;79.99223867;0.0
8155;74.02548993;79.99217136;0.0
8156;75.02583996;79.99210220;0.0
8157;76.02619016;79.99203117;0.0
8158;77.02654054;79.99195822;0.0
8159;78.02689110;79.99188333;0.0
8160;79.02724182;79.99180648;0.0
8161;80.02759272;79.99172763;0.0
8162;81.02794378;79.99164675;0.0
8163;82.02829500;79.99156382;0.0
8164;83.02864638;79.99147882;0.0
8165;84.02899791;79.99139172;0.0
8166;85.02934959;79.99130249;0.0
8167;86.02970141;79.99121112;0.0
8168;87.03005336;79.99111757;0.0
8169;88.03040545;79.99102184;0.0
8170;89.03075765;79.99092389;0.0
8171;90.03110996;79.99082372;0.0
8172;91.03146237;79.99072129;0.0
8173;92.03181486;79.99061660;0.0
8174;93.03216743;79.99050962;0.0
8175;94.03252007;79.99040034;0.0
8176;95.03287274;79.99028874;0.0
8177;96.03322544;79.99017480;0.0
8178;97.03357815;79.99005849;0.0
8179;98.03393085;79.98993979;0.0
8180;99.03428352;79.98981868;0.0
8181;100.03463612;79.98969512;0.0
8182;0.00000000;80.99393105;0.0
8183;1.00034246;80.99393084;0.0
8184;2.00068492;80.99393019;0.0
8185;3.00102739;80.99392910;0.0
8186;4.00136988;80.99392758;0.0
8187;5.00171238;80.99392561;0.0
8188;6.00205489;80.99392320;0.0
8189;7.00239744;80.99392035;0.0
8190;8.00274000;80.99391704;0.0
8191;9.00308260;80.99391328;0.0
8192;10.00342524;80.99390906;0.0
8193;11.00376791;80.99390438;0.0
8194;12.00411063;80.99389922;0.0
8195;13.00445339;80.99389360;0.0
8196;14.00479621;80.99388749;0.0
8197;15.00513908;80.99388089;0.0
8198;16.00548200;80.99387379;0.0
8199;17.00582499;80.99386619;0.0
8200;18.00616805;80.99385807;0.0
8201;19.00651117;80.99384943;0.0
8202;20.00685437;80.99384026;0.0
8203;21.00719764;80.99383054;0.0
8204;22.00754100;80.99382027;0.0
8205;23.00788444;80.99380944;0.0
8206;24.00822796;80.99379802;0.0
8207;25.00857158;80.99378602;0.0
8208;26.00891529;80.99377341;0.0
8209;27.00925910;80.99376019;0.0
8210;28.00960301;80.99374633;0.0
8211;29.00994703;80.99373183;0.0
8212;30.01029115;80.99371666;0.0
8213;31.01063539;80.99370082;0.0
8214;32.01097974;80.99368428;0.0
8215;33.01132420;80.99366703;0.0
8216;34.01166879;80.99364906;0.0
8217;35.01201350;80.99363033;0.0
8218;36.01235834;80.99361084;0.0
8219;37.01270331;80.99359057;0.0
8220;38.01304841;80.99356948;0.0
8221;39.01339365;80.99354758;0.0
8222;40.01373902;80.99352483;0.0
8223;41.01408454;80.99350120;0.0
8224;42.01443020;80.99347669;0.0
8225;43.01477601;80.99345127;0.0
8226;44.01512196;80.99342490;0.0
8227;45.01546807;80.99339758;0.0
8228;46.01581433;80.99336928;0.0
8229;47.01616075;80.99333996;0.0
8230;48.01650732;80.99330961;0.0
8231;49.01685406;80.99327820;0.0
8232;50.01720096;80.99324570;0.0
8233;51.01754802;80.99321208;0.0
8234;52.01789525;80.99317732;0.0
8235;53.01824265;80.99314140;0.0
8236;54.01859021;80.99310428;0.0
8237;55.01893795;80.99306593;0.0
8238;56.01928587;80.99302632;0.0
8239;57.01963396;80.99298543;0.0
8240;58.01998222;80.99294322;0.0
8241;59.02033066;80.99289967;0.0
8242;60.02067929;80.99285474;0.0
8243;61.02102809;80.99280840;0.0
8244;62.02137707;80.99276063;0.0
8245;63.02172624;80.99271138;0.0
8246;64.02207559;80.99266064;0.0
8247;65.02242512;80.99260836;0.0
8248;66.02277483;80.99255451;0.0
8249;67.02312473;80.99249907;0.0
8250;68.02347482;80.99244200;0.0
8251;69.02382509;80.99238328;0.0
8252;70.02417554;80.99232286;0.0
8253;71.02452618;80.99226071;0.0
8254;72.02487700;80.99219681;0.0
8255;73.02522800;80.99213113;0.0
8256;74.02557919;80.99206363;0.0
8257;75.02593055;80.99199428;0.0
8258;76.02628210;80.99192306;0.0
8259;77.02663382;80.99184993;0.0
8260;78.02698572;80.99177487;0.0
8261;79.02733779;80.99169784;0.0
8262;80.02769003;80.99161883;0.0
8263;81.02804243;80.99153781;0.0
8264;82.02839500;80.99145474;0.0
8265;83.02874773;80.99136961;0.0
8266;84.02910062;80.99128239;0.0
8267;85.02945365;80.99119307;0.0
8268;86.02980682;80.99110161;0.0
8269;87.03016014;80.99100801;0.0
8270;88.03051358;80.99091224;0.0
8271;89.03086714;80.99081428;0.0
8272;90.03122081;80.99071412;0.0
8273;91.03157458;80.99061174;0.0
8274;92.03192844;80.99050714;0.0
8275;93.03228237;80.99040029;0.0
8276;94.03263637;80.99029117;0.0
8277;95.03299041;80.99017979;0.0
8278;96.03334449;80.99006611;0.0
8279;97.03369857;80.98995013;0.0
8280;98.03405263;80.98983182;0.0
8281;99.03440667;80.98971117;0.0
8282;100.03476064;80.98958814;0.0
8283;0.00000000;81.99383064;0.0
8284;1.00034354;81.99383043;0.0
8285;2.00068708;81.99382978;0.0
8286;3.00103063;81.99382869;0.0
8287;4.00137419;81.99382715;0.0
8288;5.00171777;81.99382518;0.0
8289;6.00206137;81.99382275;0.0
8290;7.00240499;81.99381988;0.0
8291;8.00274865;81.99381656;0.0
8292;9.00309233;81.99381278;0.0
8293;10.00343605;81.99380853;0.0
8294;11.00377981;81.99380382;0.0
8295;12.00412362;81.99379864;0.0
8296;13.00446748;81.99379298;0.0
8297;14.00481139;81.99378684;0.0
8298;15.00515535;81.99378020;0.0
8299;16.00549938;81.99377307;0.0
8300;17.00584347;81.99376543;0.0
8301;18.00618763;81.99375727;0.0
8302;19.00653187;81.99374858;0.0
8303;20.00687618;81.99373936;0.0
8304;21.00722057;81.99372959;0.0
8305;22.00756504;81.99371926;0.0
8306;23.00790960;81.99370837;0.0
8307;24.00825426;81.99369690;0.0
8308;25.00859900;81.99368483;0.0
8309;26.00894385;81.99367215;0.0
8310;27.00928880;81.99365886;0.0
8311;28.00963386;81.99364493;0.0
8312;29.00997902;81.99363035;0.0
8313;30.01032430;81.99361511;0.0
8314;31.01066969;81.99359918;0.0
8315;32.01101520;81.99358256;0.0
8316;33.01136084;81.99356523;0.0
8317;34.01170660;81.99354716;0.0
8318;35.01205249;81.99352834;0.0
8319;36.01239851;81.99350876;0.0
8320;37.01274466;81.99348838;0.0
8321;38.01309096;81.99346720;0.0
8322;39.01343739;81.99344519;0.0
8323;40.01378397;81.99342232;0.0
8324;41.01413070;81.99339859;0.0
8325;42.01447757;81.99337396;0.0
8326;43.01482460;81.99334842;0.0
8327;44.01517177;81.99332193;0.0
8328;45.01551911;81.99329448;0.0
8329;46.01586661;81.99326605;0.0
8330;47.01621426;81.99323660;0.0
8331;48.01656208;81.99320611;0.0
8332;49.01691007;81.99317456;0.0
8333;50.01725822;81.99314192;0.0
8334;51.01760654;81.99310816;0.0
8335;52.01795504;81.99307325;0.0
8336;53.01830370;81.99303717;0.0
8337;54.01865254;81.99299990;0.0
8338;55.01900156;81.99296139;0.0
8339;56.01935076;81.99292162;0.0
8340;57.01970014;81.99288056;0.0
8341;58.02004969;81.99283819;0.0
8342;59.02039943;81.99279446;0.0
8343;60.02074935;81.99274936;0.0
8344;61.02109946;81.99270285;0.0
8345;62.02144975;81.99265490;0.0
8346;63.02180023;81.99260547;0.0
8347;64.02215089;81.99255454;0.0
8348;65.02250174;81.99250208;0.0
8349;66.02285278;81.99244805;0.0
8350;67.02320400;81.99239243;0.0
8351;68.02355541;81.99233517;0.0
8352;69.02390701;81.99227625;0.0
8353;70.02425879;81.99221565;0.0
8354;71.02461076;81.99215332;0.0
8355;72.02496292;81.99208923;0.0
8356;73.02531526;81.99202336;0.0
8357;74.02566779;81.99195568;0.0
8358;75.02602049;81.99188615;0.0
8359;76.02637338;81.99181475;0.0
8360;77.02672645;81.99174145;0.0
8361;78.02707969;81.99166622;0.0
8362;79.02743311;81.99158904;0.0
8363;80.02778670;81.99150988;0.0
8364;81.02814046;81.99142871;0.0
8365;82.02849438;81.99134551;0.0
8366;83.02884846;81.99126026;0.0
8367;84.02920270;81.99117293;0.0
8368;85.02955709;81.99108352;0.0
8369;86.02991162;81.99099199;0.0
8370;87.03026629;81.99089833;0.0
8371;88.03062109;81.99080252;0.0
8372;89.03097601;81.99070456;0.0
8373;90.03133104;81.99060442;0.0
8374;91.03168618;81.99050210;0.0
8375;92.03204140;81.99039758;0.0
8376;93.03239670;81.99029086;0.0
8377;94.03275207;81.99018192;0.0
8378;95.03310749;81.99007075;0.0
8379;96.03346293;81.98995735;0.0
8380;97.03381838;81.98984171;0.0
8381;98.03417382;81.98972380;0.0
8382;99.03452923;81.98960362;0.0
8383;100.03488457;81.98948114;0.0
8384;0.00000000;82.99372968;0.0
8385;1.00034460;82.99372947;0.0
8386;2.00068920;82.99372881;0.0
8387;3.00103381;82.99372772;0.0
8388;4.00137843;82.99372618;0.0
8389;5.00172307;82.99372419;0.0
8390;6.00206774;82.99372176;0.0
8391;7.00241242;82.99371887;0.0
8392;8.00275714;82.99371553;0.0
8393;9.00310189;82.99371173;0.0
8394;10.00344668;82.99370746;0.0
8395;11.00379152;82.99370273;0.0
8396;12.00413640;82.99369752;0.0
8397;13.00448133;82.99369183;0.0
8398;14.00482632;82.99368565;0.0
8399;15.00517136;82.99367898;0.0
8400;16.00551647;82.99367181;0.0
8401;17.00586165;82.99366412;0.0
8402;18.00620690;82.99365592;0.0
8403;19.00655223;82.99364719;0.0
8404;20.00689763;82.99363792;0.0
8405;21.00724312;82.99362810;0.0
8406;22.00758870;82.99361772;0.0
8407;23.00793437;82.99360677;0.0
8408;24.00828014;82.99359524;0.0
8409;25.00862600;82.99358311;0.0
8410;26.00897197;82.99357037;0.0
8411;27.00931805;82.99355701;0.0
8412;28.00966423;82.99354301;0.0
8413;29.01001053;82.99352836;0.0
8414;30.01035695;82.99351304;0.0
8415;31.01070349;82.99349704;0.0
8416;32.01105015;82.99348034;0.0
8417;33.01139694;82.99346292;0.0
8418;34.01174386;82.99344476;0.0
8419;35.01209092;82.99342586;0.0
8420;36.01243811;82.99340618;0.0
8421;37.01278544;82.99338571;0.0
8422;38.01313292;82.99336442;0.0
8423;39.01348054;82.99334231;0.0
8424;40.01382831;82.99331934;0.0
8425;41.01417624;82.99329550;0.0
8426;42.01452432;82.99327076;0.0
8427;43.01487255;82.99324510;0.0
8428;44.01522095;82.99321850;0.0
8429;45.01556950;82.99319093;0.0
8430;46.01591823;82.99316237;0.0
8431;47.01626712;82.99313279;0.0
8432;48.01661618;82.99310218;0.0
8433;49.01696540;82.99307049;0.0
8434;50.01731481;82.99303771;0.0
8435;51.01766438;82.99300382;0.0
8436;52.01801414;82.99296877;0.0
8437;53.01836407;82.99293254;0.0
8438;54.01871419;82.99289512;0.0
8439;55.01906448;82.99285646;0.0
8440;56.01941496;82.99281653;0.0
8441;57.01976562;82.99277532;0.0
8442;58.02011647;82.99273279;0.0
8443;59.02046750;82.99268890;0.0
8444;60.02081872;82.99264364;0.0
8445;61.02117013;82.99259696;0.0
8446;62.02152173;82.99254883;0.0
8447;63.02187352;82.99249924;0.0
8448;64.02222549;82.99244814;0.0
8449;65.02257766;82.99239550;0.0
8450;66.02293002;82.99234130;0.0
8451;67.02328257;82.99228549;0.0
8452;68.02363531;82.99222806;0.0
8453;69.02398824;82.99216897;0.0
8454;70.02434135;82.99210818;0.0
8455;71.02469466;82.99204567;0.0
8456;72.02504816;82.99198141;0.0
8457;73.02540184;82.99191536;0.0
8458;74.02575570;82.99184751;0.0
8459;75.02610976;82.99177781;0.0
8460;76.02646399;82.99170625;0.0
8461;77.02681841;82.99163278;0.0
8462;78.02717300;82.99155740;0.0
8463;79.02752777;82.99148006;0.0
8464;80.02788271;82.99140075;0.0
8465;81.02823782;82.99131945;0.0
8466;82.02859310;82.99123613;0.0
8467;83.02894853;82.99115076;0.0
8468;84.02930413;82.99106334;0.0
8469;85.02965987;82.99097383;0.0
8470;86.03001577;82.99088223;0.0
8471;87.03037180;82.99078853;0.0
8472;88.03072796;82.99069270;0.0
8473;89.03108424;82.99059473;0.0
8474;90.03144064;82.99049462;0.0
8475;91.03179714;82.99039235;0.0
8476;92.03215374;82.99028793;0.0
8477;93.03251041;82.99018133;0.0
8478;94.03286715;82.99007257;0.0
8479;95.03322394;82.98996162;0.0
8480;96.03358076;82.98984850;0.0
8481;97.03393759;82.98973319;0.0
8482;98.03429441;82.98961569;0.0
8483;99.03465119;82.98949598;0.0
8484;100.03500791;82.98937406;0.0
8485;0.00000000;83.99362818;0.0
8486;1.00034564;83.99362797;0.0
8487;2.00069128;83.99362732;0.0
8488;3.00103693;83.99362621;0.0
8489;4.00138260;83.99362467;0.0
8490;5.00172828;83.99362267;0.0
8491;6.00207399;83.99362022;0.0
8492;7.00241972;83.99361732;0.0
8493;8.00276548;83.99361396;0.0
8494;9.00311128;83.99361014;0.0
8495;10.00345712;83.99360586;0.0
8496;11.00380301;83.99360110;0.0
8497;12.00414894;83.99359586;0.0
8498;13.00449493;83.99359014;0.0
8499;14.00484098;83.99358393;0.0
8500;15.00518708;83.99357723;0.0
8501;16.00553326;83.99357002;0.0
8502;17.00587951;83.99356230;0.0
8503;18.00622583;83.99355405;0.0
8504;19.00657223;83.99354528;0.0
8505;20.00691872;83.99353596;0.0
8506;21.00726529;83.99352609;0.0
8507;22.00761196;83.99351566;0.0
8508;23.00795872;83.99350466;0.0
8509;24.00830558;83.99349307;0.0
8510;25.00865255;83.99348088;0.0
8511;26.00899962;83.99346808;0.0
8512;27.00934681;83.99345465;0.0
8513;28.00969411;83.99344058;0.0
8514;29.01004153;83.99342586;0.0
8515;30.01038907;83.99341047;0.0
8516;31.01073674;83.99339439;0.0
8517;32.01108454;83.99337761;0.0
8518;33.01143247;83.99336011;0.0
8519;34.01178054;83.99334187;0.0
8520;35.01212875;83.99332288;0.0
8521;36.01247711;83.99330311;0.0
8522;37.01282560;83.99328254;0.0
8523;38.01317425;83.99326117;0.0
8524;39.01352305;83.99323895;0.0
8525;40.01387201;83.99321589;0.0
8526;41.01422112;83.99319194;0.0
8527;42.01457040;83.99316709;0.0
8528;43.01491984;83.99314132;0.0
8529;44.01526944;83.99311461;0.0
8530;45.01561921;83.99308693;0.0
8531;46.01596916;83.99305825;0.0
8532;47.01631927;83.99302855;0.0
8533;48.01666956;83.99299781;0.0
8534;49.01702003;83.99296600;0.0
8535;50.01737068;83.99293309;0.0
8536;51.01772151;83.99289906;0.0
8537;52.01807252;83.99286387;0.0
8538;53.01842371;83.99282751;0.0
8539;54.01877509;83.99278994;0.0
8540;55.01912666;83.99275114;0.0
8541;56.01947842;83.99271107;0.0
8542;57.01983036;83.99266971;0.0
8543;58.02018250;83.99262702;0.0
8544;59.02053483;83.99258298;0.0
8545;60.02088735;83.99253756;0.0
8546;61.02124006;83.99249072;0.0
8547;62.02159297;83.99244244;0.0
8548;63.02194607;83.99239268;0.0
8549;64.02229936;83.99234142;0.0
8550;65.02265285;83.99228861;0.0
8551;66.02300653;83.99223424;0.0
8552;67.02336041;83.99217827;0.0
8553;68.02371448;83.99212067;0.0
8554;69.02406874;83.99206141;0.0
8555;70.02442319;83.99200045;0.0
8556;71.02477784;83.99193777;0.0
8557;72.02513268;83.99187335;0.0
8558;73.02548770;83.99180714;0.0
8559;74.02584292;83.99173912;0.0
8560;75.02619832;83.99166926;0.0
8561;76.02655390;83.99159753;0.0
8562;77.02690967;83.99152392;0.0
8563;78.02726561;83.99144838;0.0
8564;79.02762174;83.99137090;0.0
8565;80.02797804;83.99129146;0.0
8566;81.02833450;83.99121003;0.0
8567;82.02869114;83.99112658;0.0
8568;83.02904794;83.99104111;0.0
8569;84.02940489;83.99095359;0.0
8570;85.02976200;83.99086401;0.0
8571;86.03011926;83.99077235;0.0
8572;87.03047665;83.99067859;0.0
8573;88.03083418;83.99058274;0.0
8574;89.03119183;83.99048477;0.0
8575;90.03154960;83.99038469;0.0
8576;91.03190747;83.99028248;0.0
8577;92.03226544;83.99017815;0.0
8578;93.03262348;83.99007168;0.0
8579;94.03298160;83.98996309;0.0
8580;95.03333976;83.98985237;0.0
8581;96.03369796;83.98973953;0.0
8582;97.03405617;83.98962456;0.0
8583;98.03441437;83.98950746;0.0
8584;99.03477254;83.98938824;0.0
8585;100.03513065;83.98926688;0.0
8586;0.00000000;84.99352617;0.0
8587;1.00034666;84.99352595;0.0
8588;2.00069332;84.99352529;0.0
8589;3.00103999;84.99352419;0.0
8590;4.00138668;84.99352263;0.0
8591;5.00173338;84.99352063;0.0
8592;6.00208011;84.99351817;0.0
8593;7.00242687;84.99351525;0.0
8594;8.00277366;84.99351188;0.0
8595;9.00312049;84.99350804;0.0
8596;10.00346736;84.99350373;0.0
8597;11.00381427;84.99349895;0.0
8598;12.00416124;84.99349369;0.0
8599;13.00450827;84.99348794;0.0
8600;14.00485535;84.99348170;0.0
8601;15.00520250;84.99347496;0.0
8602;16.00554973;84.99346771;0.0
8603;17.00589702;84.99345995;0.0
8604;18.00624440;84.99345167;0.0
8605;19.00659186;84.99344285;0.0
8606;20.00693941;84.99343349;0.0
8607;21.00728705;84.99342357;0.0
8608;22.00763478;84.99341309;0.0
8609;23.00798262;84.99340203;0.0
8610;24.00833056;84.99339039;0.0
8611;25.00867861;84.99337814;0.0
8612;26.00902677;84.99336528;0.0
8613;27.00937505;84.99335179;0.0
8614;28.00972345;84.99333765;0.0
8615;29.01007198;84.99332287;0.0
8616;30.01042063;84.99330740;0.0
8617;31.01076942;84.99329125;0.0
8618;32.01111834;84.99327439;0.0
8619;33.01146741;84.99325682;0.0
8620;34.01181661;84.99323850;0.0
8621;35.01216596;84.99321942;0.0
8622;36.01251546;84.99319956;0.0
8623;37.01286511;84.99317891;0.0
8624;38.01321492;84.99315744;0.0
8625;39.01356489;84.99313513;0.0
8626;40.01391502;84.99311196;0.0
8627;41.01426531;84.99308792;0.0
8628;42.01461578;84.99306297;0.0
8629;43.01496641;84.99303710;0.0
8630;44.01531721;84.99301027;0.0
8631;45.01566819;84.99298248;0.0
8632;46.01601935;84.99295369;0.0
8633;47.01637068;84.99292387;0.0
8634;48.01672220;84.99289301;0.0
8635;49.01707390;84.99286108;0.0
8636;50.01742579;84.99282804;0.0
8637;51.01777787;84.99279389;0.0
8638;52.01813013;84.99275857;0.0
8639;53.01848258;84.99272208;0.0
8640;54.01883523;84.99268437;0.0
8641;55.01918807;84.99264543;0.0
8642;56.01954110;84.99260522;0.0
8643;57.01989433;84.99256372;0.0
8644;58.02024775;84.99252089;0.0
8645;59.02060137;84.99247670;0.0
8646;60.02095519;84.99243113;0.0
8647;61.02130921;84.99238414;0.0
8648;62.02166343;84.99233571;0.0
8649;63.02201784;84.99228580;0.0
8650;64.02237245;84.99223438;0.0
8651;65.02272726;84.99218142;0.0
8652;66.02308227;84.99212689;0.0
8653;67.02343748;84.99207076;0.0
8654;68.02379288;84.99201300;0.0
8655;69.02414848;84.99195357;0.0
8656;70.02450428;84.99189246;0.0
8657;71.02486027;84.99182962;0.0
8658;72.02521645;84.99176504;0.0
8659;73.02557283;84.99169867;0.0
8660;74.02592939;84.99163049;0.0
8661;75.02628615;84.99156048;0.0
8662;76.02664309;84.99148861;0.0
8663;77.02700021;84.99141485;0.0
8664;78.02735752;84.99133917;0.0
8665;79.02771500;84.99126156;0.0
8666;80.02807266;84.99118199;0.0
8667;81.02843049;84.99110043;0.0
8668;82.02878849;84.99101688;0.0
8669;83.02914665;84.99093130;0.0
8670;84.02950497;84.99084369;0.0
8671;85.02986345;84.99075403;0.0
8672;86.03022207;84.99066231;0.0
8673;87.03058083;84.99056851;0.0
8674;88.03093973;84.99047264;0.0
8675;89.03129876;84.99037467;0.0
8676;90.03165790;84.99027462;0.0
8677;91.03201714;84.99017247;0.0
8678;92.03237649;84.99006823;0.0
8679;93.03273591;84.98996189;0.0
8680;94.03309540;84.98985348;0.0
8681;95.03345495;84.98974298;0.0
8682;96.03381453;84.98963041;0.0
8683;97.03417413;84.98951578;0.0
8684;98.03453372;84.98939909;0.0
8685;99.03489327;84.98928035;0.0
8686;100.03525277;84.98915957;0.0
8687;0.00000000;85.99342364;0.0
8688;1.00034766;85.99342343;0.0
8689;2.00069532;85.99342277;0.0
8690;3.00104299;85.99342166;0.0
8691;4.00139067;85.99342009;0.0
8692;5.00173838;85.99341808;0.0
8693;6.00208611;85.99341561;0.0
8694;7.00243386;85.99341268;0.0
8695;8.00278166;85.99340929;0.0
8696;9.00312949;85.99340543;0.0
8697;10.00347737;85.99340110;0.0
8698;11.00382530;85.99339629;0.0
8699;12.00417328;85.99339101;0.0
8700;13.00452132;85.99338523;0.0
8701;14.00486943;85.99337896;0.0
8702;15.00521760;85.99337219;0.0
8703;16.00556585;85.99336491;0.0
8704;17.00591418;85.99335711;0.0
8705;18.00626258;85.99334878;0.0
8706;19.00661108;85.99333992;0.0
8707;20.00695967;85.99333052;0.0
8708;21.00730836;85.99332055;0.0
8709;22.00765714;85.99331002;0.0
8710;23.00800604;85.99329891;0.0
8711;24.00835504;85.99328721;0.0
8712;25.00870416;85.99327491;0.0
8713;26.00905339;85.99326199;0.0
8714;27.00940275;85.99324844;0.0
8715;28.00975224;85.99323424;0.0
8716;29.01010185;85.99321938;0.0
8717;30.01045160;85.99320385;0.0
8718;31.01080149;85.99318763;0.0
8719;32.01115152;85.99317070;0.0
8720;33.01150170;85.99315304;0.0
8721;34.01185202;85.99313464;0.0
8722;35.01220250;85.99311548;0.0
8723;36.01255314;85.99309554;0.0
8724;37.01290393;85.99307480;0.0
8725;38.01325489;85.99305325;0.0
8726;39.01360601;85.99303085;0.0
8727;40.01395730;85.99300759;0.0
8728;41.01430877;85.99298344;0.0
8729;42.01466041;85.99295840;0.0
8730;43.01501222;85.99293242;0.0
8731;44.01536422;85.99290549;0.0
8732;45.01571640;85.99287759;0.0
8733;46.01606876;85.99284869;0.0
8734;47.01642131;85.99281876;0.0
8735;48.01677405;85.99278779;0.0
8736;49.01712698;85.99275574;0.0
8737;50.01748010;85.99272259;0.0
8738;51.01783341;85.99268831;0.0
8739;52.01818693;85.99265287;0.0
8740;53.01854064;85.99261625;0.0
8741;54.01889454;85.99257842;0.0
8742;55.01924865;85.99253934;0.0
8743;56.01960296;85.99249900;0.0
8744;57.01995747;85.99245736;0.0
8745;58.02031218;85.99241439;0.0
8746;59.02066710;85.99237007;0.0
8747;60.02102222;85.99232436;0.0
8748;61.02137754;85.99227723;0.0
8749;62.02173307;85.99222865;0.0
8750;63.02208880;85.99217859;0.0
8751;64.02244473;85.99212702;0.0
8752;65.02280087;85.99207391;0.0
8753;66.02315721;85.99201923;0.0
8754;67.02351375;85.99196295;0.0
8755;68.02387049;85.99190504;0.0
8756;69.02422743;85.99184547;0.0
8757;70.02458458;85.99178420;0.0
8758;71.02494192;85.99172122;0.0
8759;72.02529945;85.99165648;0.0
8760;73.02565718;85.99158996;0.0
8761;74.02601511;85.99152164;0.0
8762;75.02637322;85.99145149;0.0
8763;76.02673152;85.99137947;0.0
8764;77.02709001;85.99130557;0.0
8765;78.02744868;85.99122976;0.0
8766;79.02780754;85.99115202;0.0
8767;80.02816656;85.99107233;0.0
8768;81.02852576;85.99099066;0.0
8769;82.02888513;85.99090700;0.0
8770;83.02924467;85.99082132;0.0
8771;84.02960436;85.99073363;0.0
8772;85.02996421;85.99064390;0.0
8773;86.03032420;85.99055212;0.0
8774;87.03068434;85.99045828;0.0
8775;88.03104461;85.99036239;0.0
8776;89.03140501;85.99026442;0.0
8777;90.03176553;85.99016440;0.0
8778;91.03212616;85.99006230;0.0
8779;92.03248688;85.98995815;0.0
8780;93.03284769;85.98985195;0.0
8781;94.03320856;85.98974370;0.0
8782;95.03356949;85.98963342;0.0
8783;96.03393046;85.98952113;0.0
8784;97.03429145;85.98940683;0.0
8785;98.03465243;85.98929054;0.0
8786;99.03501338;85.98917229;0.0
8787;100.03537427;85.98905207;0.0
8788;0.00000000;86.99332063;0.0
8789;1.00034863;86.99332041;0.0
8790;2.00069727;86.99331975;0.0
8791;3.00104591;86.99331863;0.0
8792;4.00139457;86.99331706;0.0
8793;5.00174325;86.99331504;0.0
8794;6.00209196;86.99331256;0.0
8795;7.00244070;86.99330961;0.0
8796;8.00278947;86.99330621;0.0
8797;9.00313829;86.99330233;0.0
8798;10.00348715;86.99329798;0.0
8799;11.00383607;86.99329315;0.0
8800;12.00418504;86.99328784;0.0
8801;13.00453408;86.99328204;0.0
8802;14.00488318;86.99327574;0.0
8803;15.00523235;86.99326893;0.0
8804;16.00558161;86.99326162;0.0
8805;17.00593094;86.99325378;0.0
8806;18.00628036;86.99324542;0.0
8807;19.00662988;86.99323651;0.0
8808;20.00697949;86.99322706;0.0
8809;21.00732920;86.99321705;0.0
8810;22.00767902;86.99320647;0.0
8811;23.00802895;86.99319531;0.0
8812;24.00837899;86.99318356;0.0
8813;25.00872916;86.99317120;0.0
8814;26.00907945;86.99315822;0.0
8815;27.00942987;86.99314461;0.0
8816;28.00978042;86.99313035;0.0
8817;29.01013110;86.99311543;0.0
8818;30.01048193;86.99309983;0.0
8819;31.01083291;86.99308354;0.0
8820;32.01118403;86.99306653;0.0
8821;33.01153530;86.99304880;0.0
8822;34.01188674;86.99303033;0.0
8823;35.01223833;86.99301109;0.0
8824;36.01259009;86.99299107;0.0
8825;37.01294201;86.99297024;0.0
8826;38.01329410;86.99294860;0.0
8827;39.01364637;86.99292611;0.0
8828;40.01399881;86.99290276;0.0
8829;41.01435144;86.99287852;0.0
8830;42.01470424;86.99285338;0.0
8831;43.01505723;86.99282730;0.0
8832;44.01541041;86.99280028;0.0
8833;45.01576378;86.99277227;0.0
8834;46.01611734;86.99274327;0.0
8835;47.01647110;86.99271323;0.0
8836;48.01682505;86.99268215;0.0
8837;49.01717920;86.99264999;0.0
8838;50.01753355;86.99261672;0.0
8839;51.01788811;86.99258232;0.0
8840;52.01824286;86.99254677;0.0
8841;53.01859782;86.99251003;0.0
8842;54.01895299;86.99247207;0.0
8843;55.01930837;86.99243287;0.0
8844;56.01966395;86.99239240;0.0
8845;57.02001974;86.99235063;0.0
8846;58.02037574;86.99230754;0.0
8847;59.02073195;86.99226308;0.0
8848;60.02108837;86.99221723;0.0
8849;61.02144501;86.99216996;0.0
8850;62.02180185;86.99212125;0.0
8851;63.02215890;86.99207105;0.0
8852;64.02251615;86.99201934;0.0
8853;65.02287362;86.99196609;0.0
8854;66.02323130;86.99191127;0.0
8855;67.02358918;86.99185485;0.0
8856;68.02394727;86.99179680;0.0
8857;69.02430556;86.99173708;0.0
8858;70.02466406;86.99167567;0.0
8859;71.02502275;86.99161254;0.0
8860;72.02538165;86.99154767;0.0
8861;73.02574074;86.99148101;0.0
8862;74.02610003;86.99141255;0.0
8863;75.02645952;86.99134226;0.0
8864;76.02681919;86.99127011;0.0
8865;77.02717905;86.99119608;0.0
8866;78.02753909;86.99112015;0.0
8867;79.02789932;86.99104228;0.0
8868;80.02825972;86.99096247;0.0
8869;81.02862030;86.99088070;0.0
8870;82.02898105;86.99079693;0.0
8871;83.02934196;86.99071117;0.0
8872;84.02970304;86.99062340;0.0
8873;85.03006426;86.99053359;0.0
8874;86.03042564;86.99044176;0.0
8875;87.03078716;86.99034789;0.0
8876;88.03114881;86.99025197;0.0
8877;89.03151060;86.99015401;0.0
8878;90.03187250;86.99005401;0.0
8879;91.03223451;86.98995197;0.0
8880;92.03259661;86.98984791;0.0
8881;93.03295881;86.98974183;0.0
8882;94.03332107;86.98963374;0.0
8883;95.03368339;86.98952368;0.0
8884;96.03404575;86.98941165;0.0
8885;97.03440813;86.98929768;0.0
8886;98.03477051;86.98918179;0.0
8887;99.03513286;86.98906401;0.0
8888;100.03549514;86.98894435;0.0
8889;0.00000000;87.99321713;0.0
8890;1.00034958;87.99321692;0.0
8891;2.00069916;87.99321625;0.0
8892;3.00104876;87.99321513;0.0
8893;4.00139837;87.99321356;0.0
8894;5.00174800;87.99321152;0.0
8895;6.00209766;87.99320903;0.0
8896;7.00244736;87.99320608;0.0
8897;8.00279709;87.99320265;0.0
8898;9.00314686;87.99319876;0.0
8899;10.00349669;87.99319439;0.0
8900;11.00384657;87.99318954;0.0
8901;12.00419651;87.99318420;0.0
8902;13.00454651;87.99317837;0.0
8903;14.00489659;87.99317204;0.0
8904;15.00524674;87.99316520;0.0
8905;16.00559698;87.99315785;0.0
8906;17.00594730;87.99314998;0.0
8907;18.00629771;87.99314158;0.0
8908;19.00664822;87.99313263;0.0
8909;20.00699883;87.99312314;0.0
8910;21.00734954;87.99311308;0.0
8911;22.00770037;87.99310245;0.0
8912;23.00805132;87.99309124;0.0
8913;24.00840239;87.99307944;0.0
8914;25.00875358;87.99306702;0.0
8915;26.00910490;87.99305399;0.0
8916;27.00945636;87.99304032;0.0
8917;28.00980796;87.99302599;0.0
8918;29.01015970;87.99301101;0.0
8919;30.01051159;87.99299534;0.0
8920;31.01086363;87.99297898;0.0
8921;32.01121583;87.99296191;0.0
8922;33.01156819;87.99294411;0.0
8923;34.01192071;87.99292556;0.0
8924;35.01227340;87.99290624;0.0
8925;36.01262627;87.99288614;0.0
8926;37.01297930;87.99286523;0.0
8927;38.01333252;87.99284350;0.0
8928;39.01368592;87.99282093;0.0
8929;40.01403950;87.99279749;0.0
8930;41.01439327;87.99277316;0.0
8931;42.01474723;87.99274793;0.0
8932;43.01510139;87.99272176;0.0
8933;44.01545574;87.99269463;0.0
8934;45.01581029;87.99266653;0.0
8935;46.01616504;87.99263742;0.0
8936;47.01652000;87.99260728;0.0
8937;48.01687516;87.99257609;0.0
8938;49.01723052;87.99254382;0.0
8939;50.01758610;87.99251045;0.0
8940;51.01794189;87.99247594;0.0
8941;52.01829789;87.99244027;0.0
8942;53.01865410;87.99240341;0.0
8943;54.01901052;87.99236534;0.0
8944;55.01936717;87.99232602;0.0
8945;56.01972402;87.99228543;0.0
8946;57.02008110;87.99224354;0.0
8947;58.02043839;87.99220031;0.0
8948;59.02079589;87.99215573;0.0
8949;60.02115362;87.99210976;0.0
8950;61.02151156;87.99206236;0.0
8951;62.02186972;87.99201351;0.0
8952;63.02222809;87.99196318;0.0
8953;64.02258668;87.99191134;0.0
8954;65.02294548;87.99185796;0.0
8955;66.02330450;87.99180301;0.0
8956;67.02366373;87.99174645;0.0
8957;68.02402317;87.99168826;0.0
8958;69.02438282;87.99162841;0.0
8959;70.02474268;87.99156687;0.0
8960;71.02510274;87.99150361;0.0
8961;72.02546301;87.99143859;0.0
8962;73.02582347;87.99137181;0.0
8963;74.02618414;87.99130322;0.0
8964;75.02654500;87.99123280;0.0
8965;76.02690605;87.99116052;0.0
8966;77.02726730;87.99108637;0.0
8967;78.02762873;87.99101031;0.0
8968;79.02799034;87.99093234;0.0
8969;80.02835213;87.99085242;0.0
8970;81.02871410;87.99077054;0.0
8971;82.02907623;87.99068668;0.0
8972;83.02943853;87.99060083;0.0
8973;84.02980100;87.99051298;0.0
8974;85.03016361;87.99042311;0.0
8975;86.03052638;87.99033123;0.0
8976;87.03088929;87.99023732;0.0
8977;88.03125233;87.99014138;0.0
8978;89.03161550;87.99004342;0.0
8979;90.03197879;87.98994344;0.0
8980;91.03234219;87.98984146;0.0
8981;92.03270569;87.98973747;0.0
8982;93.03306928;87.98963151;0.0
8983;94.03343293;87.98952358;0.0
8984;95.03379665;87.98941372;0.0
8985;96.03416041;87.98930195;0.0
8986;97.03452419;87.98918829;0.0
8987;98.03488796;87.98907279;0.0
8988;99.03525171;87.98895548;0.0
8989;100.03561541;87.98883638;0.0
8990;0.00000000;88.99311319;0.0
8991;1.00035050;88.99311297;0.0
8992;2.00070101;88.99311230;0.0
8993;3.00105153;88.99311118;0.0
8994;4.00140206;88.99310960;0.0
8995;5.00175262;88.99310755;0.0
8996;6.00210321;88.99310505;0.0
8997;7.00245383;88.99310208;0.0
8998;8.00280449;88.99309864;0.0
8999;9.00315520;88.99309473;0.0
9000;10.00350596;88.99309034;0.0
9001;11.00385678;88.99308546;0.0
9002;12.00420766;88.99308010;0.0
9003;13.00455861;88.99307424;0.0
9004;14.00490964;88.99306789;0.0
9005;15.00526074;88.99306102;0.0
9006;16.00561193;88.99305363;0.0
9007;17.00596322;88.99304572;0.0
9008;18.00631459;88.99303728;0.0
9009;19.00666607;88.99302830;0.0
9010;20.00701766;88.99301876;0.0
9011;21.00736936;88.99300866;0.0
9012;22.00772118;88.99299798;0.0
9013;23.00807312;88.99298672;0.0
9014;24.00842518;88.99297486;0.0
9015;25.00877738;88.99296240;0.0
9016;26.00912972;88.99294930;0.0
9017;27.00948220;88.99293557;0.0
9018;28.00983482;88.99292119;0.0
9019;29.01018760;88.99290614;0.0
9020;30.01054053;88.99289041;0.0
9021;31.01089362;88.99287399;0.0
9022;32.01124688;88.99285684;0.0
9023;33.01160031;88.99283897;0.0
9024;34.01195390;88.99282034;0.0
9025;35.01230768;88.99280095;0.0
9026;36.01266163;88.99278077;0.0
9027;37.01301577;88.99275979;0.0
9028;38.01337009;88.99273797;0.0
9029;39.01372461;88.99271532;0.0
9030;40.01407932;88.99269179;0.0
9031;41.01443422;88.99266737;0.0
9032;42.01478933;88.99264205;0.0
9033;43.01514464;88.99261578;0.0
9034;44.01550015;88.99258857;0.0
9035;45.01585588;88.99256036;0.0
9036;46.01621181;88.99253116;0.0
9037;47.01656796;88.99250092;0.0
9038;48.01692432;88.99246963;0.0
9039;49.01728090;88.99243725;0.0
9040;50.01763769;88.99240377;0.0
9041;51.01799471;88.99236915;0.0
9042;52.01835194;88.99233337;0.0
9043;53.01870940;88.99229640;0.0
9044;54.01906709;88.99225822;0.0
9045;55.01942499;88.99221879;0.0
9046;56.01978312;88.99217808;0.0
9047;57.02014148;88.99213607;0.0
9048;58.02050006;88.99209273;0.0
9049;59.02085887;88.99204802;0.0
9050;60.02121790;88.99200193;0.0
9051;61.02157715;88.99195441;0.0
9052;62.02193663;88.99190544;0.0
9053;63.02229634;88.99185498;0.0
9054;64.02265626;88.99180302;0.0
9055;65.02301641;88.99174951;0.0
9056;66.02337678;88.99169443;0.0
9057;67.02373736;88.99163774;0.0
9058;68.02409817;88.99157943;0.0
9059;69.02445918;88.99151945;0.0
9060;70.02482041;88.99145778;0.0
9061;71.02518185;88.99139439;0.0
9062;72.02554350;88.99132925;0.0
9063;73.02590535;88.99126234;0.0
9064;74.02626740;88.99119363;0.0
9065;75.02662965;88.99112309;0.0
9066;76.02699210;88.99105069;0.0
9067;77.02735474;88.99097643;0.0
9068;78.02771756;88.99090026;0.0
9069;79.02808057;88.99082217;0.0
9070;80.02844376;88.99074215;0.0
9071;81.02880713;88.99066017;0.0
9072;82.02917067;88.99057623;0.0
9073;83.02953437;88.99049029;0.0
9074;84.02989823;88.99040237;0.0
9075;85.03026225;88.99031244;0.0
9076;86.03062641;88.99022050;0.0
9077;87.03099072;88.99012656;0.0
9078;88.03135516;88.99003060;0.0
9079;89.03171973;88.98993264;0.0
9080;90.03208442;88.98983268;0.0
9081;91.03244922;88.98973074;0.0
9082;92.03281412;88.98962683;0.0
9083;93.03317910;88.98952098;0.0
9084;94.03354416;88.98941320;0.0
9085;95.03390928;88.98930353;0.0
9086;96.03427444;88.98919200;0.0
9087;97.03463962;88.98907865;0.0
9088;98.03500480;88.98896352;0.0
9089;99.03536996;88.98884666;0.0
9090;100.03573507;88.98872811;0.0
9091;0.00000000;89.99300880;0.0
9092;1.00035140;89.99300858;0.0
9093;2.00070280;89.99300791;0.0
9094;3.00105421;89.99300679;0.0
9095;4.00140565;89.99300520;0.0
9096;5.00175710;89.99300315;0.0
9097;6.00210859;89.99300063;0.0
9098;7.00246011;89.99299765;0.0
9099;8.00281168;89.99299419;0.0
9100;9.00316329;89.99299026;0.0
9101;10.00351496;89.99298585;0.0
9102;11.00386669;89.99298096;0.0
9103;12.00421849;89.99297557;0.0
9104;13.00457035;89.99296968;0.0
9105;14.00492230;89.99296330;0.0
9106;15.00527433;89.99295640;0.0
9107;16.00562646;89.99294898;0.0
9108;17.00597867;89.99294103;0.0
9109;18.00633099;89.99293255;0.0
9110;19.00668342;89.99292352;0.0
9111;20.00703596;89.99291394;0.0
9112;21.00738862;89.99290380;0.0
9113;22.00774140;89.99289308;0.0
9114;23.00809431;89.99288177;0.0
9115;24.00844735;89.99286986;0.0
9116;25.00880053;89.99285733;0.0
9117;26.00915386;89.99284418;0.0
9118;27.00950734;89.99283040;0.0
9119;28.00986097;89.99281595;0.0
9120;29.01021476;89.99280084;0.0
9121;30.01056872;89.99278505;0.0
9122;31.01092284;89.99276855;0.0
9123;32.01127713;89.99275134;0.0
9124;33.01163161;89.99273340;0.0
9125;34.01198626;89.99271470;0.0
9126;35.01234110;89.99269523;0.0
9127;36.01269613;89.99267498;0.0
9128;37.01305135;89.99265391;0.0
9129;38.01340677;89.99263202;0.0
9130;39.01376239;89.99260928;0.0
9131;40.01411821;89.99258567;0.0
9132;41.01447424;89.99256116;0.0
9133;42.01483048;89.99253575;0.0
9134;43.01518693;89.99250939;0.0
9135;44.01554360;89.99248208;0.0
9136;45.01590048;89.99245379;0.0
9137;46.01625759;89.99242449;0.0
9138;47.01661492;89.99239415;0.0
9139;48.01697248;89.99236276;0.0
9140;49.01733026;89.99233028;0.0
9141;50.01768827;89.99229670;0.0
9142;51.01804651;89.99226197;0.0
9143;52.01840498;89.99222609;0.0
9144;53.01876368;89.99218901;0.0
9145;54.01912262;89.99215072;0.0
9146;55.01948179;89.99211118;0.0
9147;56.01984120;89.99207036;0.0
9148;57.02020083;89.99202823;0.0
9149;58.02056071;89.99198478;0.0
9150;59.02092082;89.99193996;0.0
9151;60.02128116;89.99189374;0.0
9152;61.02164174;89.99184611;0.0
9153;62.02200255;89.99179702;0.0
9154;63.02236359;89.99174645;0.0
9155;64.02272486;89.99169436;0.0
9156;65.02308636;89.99164073;0.0
9157;66.02344808;89.99158553;0.0
9158;67.02381003;89.99152873;0.0
9159;68.02417221;89.99147029;0.0
9160;69.02453460;89.99141019;0.0
9161;70.02489721;89.99134840;0.0
9162;71.02526004;89.99128489;0.0
9163;72.02562308;89.99121964;0.0
9164;73.02598633;89.99115261;0.0
9165;74.02634979;89.99108378;0.0
9166;75.02671344;89.99101312;0.0
9167;76.02707730;89.99094062;0.0
9168;77.02744135;89.99086624;0.0
9169;78.02780558;89.99078997;0.0
9170;79.02817001;89.99071178;0.0
9171;80.02853461;89.99063166;0.0
9172;81.02889939;89.99054959;0.0
9173;82.02926434;89.99046556;0.0
9174;83.02962946;89.99037955;0.0
9175;84.02999474;89.99029155;0.0
9176;85.03036017;89.99020156;0.0
9177;86.03072575;89.99010958;0.0
9178;87.03109147;89.99001559;0.0
9179;88.03145732;89.98991962;0.0
9180;89.03182330;89.98982165;0.0
9181;90.03218940;89.98972171;0.0
9182;91.03255560;89.98961981;0.0
9183;92.03292191;89.98951597;0.0
9184;93.03328830;89.98941022;0.0
9185;94.03365476;89.98930258;0.0
9186;95.03402129;89.98919309;0.0
9187;96.03438785;89.98908179;0.0
9188;97.03475445;89.98896872;0.0
9189;98.03512104;89.98885395;0.0
9190;99.03548762;89.98873751;0.0
9191;100.03585414;89.98861949;0.0
9192;0.00000000;90.99290399;0.0
9193;1.00035226;90.99290378;0.0
9194;2.00070453;90.99290311;0.0
9195;3.00105681;90.99290198;0.0
9196;4.00140911;90.99290038;0.0
9197;5.00176143;90.99289832;0.0
9198;6.00211379;90.99289580;0.0
9199;7.00246619;90.99289280;0.0
9200;8.00281862;90.99288933;0.0
9201;9.00317112;90.99288538;0.0
9202;10.00352366;90.99288095;0.0
9203;11.00387628;90.99287603;0.0
9204;12.00422896;90.99287062;0.0
9205;13.00458172;90.99286471;0.0
9206;14.00493456;90.99285829;0.0
9207;15.00528749;90.99285135;0.0
9208;16.00564051;90.99284390;0.0
9209;17.00599364;90.99283592;0.0
9210;18.00634687;90.99282740;0.0
9211;19.00670022;90.99281833;0.0
9212;20.00705369;90.99280871;0.0
9213;21.00740728;90.99279852;0.0
9214;22.00776099;90.99278775;0.0
9215;23.00811485;90.99277639;0.0
9216;24.00846885;90.99276443;0.0
9217;25.00882299;90.99275185;0.0
9218;26.00917729;90.99273864;0.0
9219;27.00953174;90.99272480;0.0
9220;28.00988636;90.99271030;0.0
9221;29.01024114;90.99269512;0.0
9222;30.01059609;90.99267926;0.0
9223;31.01095123;90.99266270;0.0
9224;32.01130654;90.99264542;0.0
9225;33.01166204;90.99262741;0.0
9226;34.01201773;90.99260864;0.0
9227;35.01237362;90.99258909;0.0
9228;36.01272970;90.99256876;0.0
9229;37.01308599;90.99254762;0.0
9230;38.01344249;90.99252565;0.0
9231;39.01379920;90.99250282;0.0
9232;40.01415612;90.99247913;0.0
9233;41.01451326;90.99245454;0.0
9234;42.01487061;90.99242904;0.0
9235;43.01522820;90.99240260;0.0
9236;44.01558601;90.99237519;0.0
9237;45.01594405;90.99234681;0.0
9238;46.01630232;90.99231741;0.0
9239;47.01666082;90.99228698;0.0
9240;48.01701957;90.99225549;0.0
9241;49.01737855;90.99222291;0.0
9242;50.01773776;90.99218923;0.0
9243;51.01809722;90.99215440;0.0
9244;52.01845693;90.99211841;0.0
9245;53.01881687;90.99208123;0.0
9246;54.01917706;90.99204283;0.0
9247;55.01953750;90.99200318;0.0
9248;56.01989818;90.99196226;0.0
9249;57.02025910;90.99192003;0.0
9250;58.02062027;90.99187646;0.0
9251;59.02098169;90.99183153;0.0
9252;60.02134335;90.99178520;0.0
9253;61.02170525;90.99173746;0.0
9254;62.02206740;90.99168825;0.0
9255;63.02242978;90.99163757;0.0
9256;64.02279240;90.99158537;0.0
9257;65.02315526;90.99153162;0.0
9258;66.02351836;90.99147631;0.0
9259;67.02388169;90.99141939;0.0
9260;68.02424525;90.99136084;0.0
9261;69.02460904;90.99130063;0.0
9262;70.02497305;90.99123872;0.0
9263;71.02533728;90.99117510;0.0
9264;72.02570173;90.99110973;0.0
9265;73.02606639;90.99104259;0.0
9266;74.02643126;90.99097366;0.0
9267;75.02679634;90.99090289;0.0
9268;76.02716162;90.99083028;0.0
9269;77.02752710;90.99075580;0.0
9270;78.02789277;90.99067943;0.0
9271;79.02825862;90.99060115;0.0
9272;80.02862466;90.99052094;0.0
9273;81.02899087;90.99043878;0.0
9274;82.02935726;90.99035467;0.0
9275;83.02972381;90.99026858;0.0
9276;84.03009052;90.99018052;0.0
9277;85.03045738;90.99009047;0.0
9278;86.03082438;90.98999843;0.0
9279;87.03119153;90.98990442;0.0
9280;88.03155881;90.98980842;0.0
9281;89.03192621;90.98971045;0.0
9282;90.03229373;90.98961052;0.0
9283;91.03266135;90.98950865;0.0
9284;92.03302907;90.98940487;0.0
9285;93.03339688;90.98929920;0.0
9286;94.03376476;90.98919169;0.0
9287;95.03413270;90.98908236;0.0
9288;96.03450068;90.98897128;0.0
9289;97.03486869;90.98885848;0.0
9290;98.03523670;90.98874404;0.0
9291;99.03560470;90.98862801;0.0
9292;100.03597265;90.98851048;0.0
9293;0.00000000;91.99279879;0.0
9294;1.00035310;91.99279858;0.0
9295;2.00070620;91.99279790;0.0
9296;3.00105931;91.99279677;0.0
9297;4.00141245;91.99279517;0.0
9298;5.00176561;91.99279310;0.0
9299;6.00211880;91.99279057;0.0
9300;7.00247204;91.99278756;0.0
9301;8.00282532;91.99278407;0.0
9302;9.00317866;91.99278010;0.0
9303;10.00353205;91.99277565;0.0
9304;11.00388552;91.99277071;0.0
9305;12.00423906;91.99276527;0.0
9306;13.00459268;91.99275933;0.0
9307;14.00494638;91.99275288;0.0
9308;15.00530018;91.99274591;0.0
9309;16.00565408;91.99273843;0.0
9310;17.00600809;91.99273041;0.0
9311;18.00636221;91.99272185;0.0
9312;19.00671645;91.99271274;0.0
9313;20.00707081;91.99270307;0.0
9314;21.00742530;91.99269284;0.0
9315;22.00777994;91.99268202;0.0
9316;23.00813471;91.99267061;0.0
9317;24.00848963;91.99265859;0.0
9318;25.00884471;91.99264596;0.0
9319;26.00919995;91.99263270;0.0
9320;27.00955536;91.99261880;0.0
9321;28.00991093;91.99260423;0.0
9322;29.01026668;91.99258900;0.0
9323;30.01062262;91.99257307;0.0
9324;31.01097874;91.99255645;0.0
9325;32.01133505;91.99253910;0.0
9326;33.01169156;91.99252101;0.0
9327;34.01204827;91.99250217;0.0
9328;35.01240518;91.99248255;0.0
9329;36.01276230;91.99246214;0.0
9330;37.01311964;91.99244092;0.0
9331;38.01347720;91.99241887;0.0
9332;39.01383498;91.99239597;0.0
9333;40.01419298;91.99237219;0.0
9334;41.01455122;91.99234752;0.0
9335;42.01490968;91.99232193;0.0
9336;43.01526838;91.99229540;0.0
9337;44.01562732;91.99226790;0.0
9338;45.01598651;91.99223942;0.0
9339;46.01634593;91.99220993;0.0
9340;47.01670560;91.99217941;0.0
9341;48.01706552;91.99214782;0.0
9342;49.01742570;91.99211515;0.0
9343;50.01778612;91.99208137;0.0
9344;51.01814679;91.99204644;0.0
9345;52.01850773;91.99201035;0.0
9346;53.01886891;91.99197307;0.0
9347;54.01923035;91.99193457;0.0
9348;55.01959205;91.99189482;0.0
9349;56.01995401;91.99185378;0.0
9350;57.02031622;91.99181145;0.0
9351;58.02067869;91.99176777;0.0
9352;59.02104142;91.99172274;0.0
9353;60.02140440;91.99167630;0.0
9354;61.02176764;91.99162845;0.0
9355;62.02213112;91.99157913;0.0
9356;63.02249486;91.99152834;0.0
9357;64.02285885;91.99147603;0.0
9358;65.02322309;91.99142218;0.0
9359;66.02358756;91.99136675;0.0
9360;67.02395229;91.99130972;0.0
9361;68.02431724;91.99125106;0.0
9362;69.02468244;91.99119074;0.0
9363;70.02504786;91.99112873;0.0
9364;71.02541352;91.99106500;0.0
9365;72.02577940;91.99099953;0.0
9366;73.02614549;91.99093229;0.0
9367;74.02651180;91.99086325;0.0
9368;75.02687833;91.99079238;0.0
9369;76.02724505;91.99071967;0.0
9370;77.02761198;91.99064510;0.0
9371;78.02797910;91.99056863;0.0
9372;79.02834641;91.99049026;0.0
9373;80.02871390;91.99040996;0.0
9374;81.02908157;91.99032772;0.0
9375;82.02944941;91.99024353;0.0
9376;83.02981741;91.99015738;0.0
9377;84.03018557;91.99006925;0.0
9378;85.03055388;91.98997914;0.0
9379;86.03092233;91.98988706;0.0
9380;87.03129092;91.98979301;0.0
9381;88.03165964;91.98969698;0.0
9382;89.03202848;91.98959900;0.0
9383;90.03239744;91.98949908;0.0
9384;91.03276649;91.98939724;0.0
9385;92.03313564;91.98929351;0.0
9386;93.03350488;91.98918792;0.0
9387;94.03387418;91.98908052;0.0
9388;95.03424355;91.98897134;0.0
9389;96.03461295;91.98886045;0.0
9390;97.03498238;91.98874789;0.0
9391;98.03535182;91.98863376;0.0
9392;99.03572124;91.98851811;0.0
9393;100.03609062;91.98840103;0.0
9394;0.00000000;92.99269322;0.0
9395;1.00035390;92.99269300;0.0
9396;2.00070780;92.99269233;0.0
9397;3.00106172;92.99269119;0.0
9398;4.00141565;92.99268958;0.0
9399;5.00176962;92.99268751;0.0
9400;6.00212362;92.99268496;0.0
9401;7.00247766;92.99268194;0.0
9402;8.00283175;92.99267843;0.0
9403;9.00318590;92.99267445;0.0
9404;10.00354012;92.99266997;0.0
9405;11.00389440;92.99266501;0.0
9406;12.00424876;92.99265954;0.0
9407;13.00460321;92.99265357;0.0
9408;14.00495775;92.99264709;0.0
9409;15.00531239;92.99264010;0.0
9410;16.00566713;92.99263257;0.0
9411;17.00602199;92.99262452;0.0
9412;18.00637696;92.99261592;0.0
9413;19.00673206;92.99260677;0.0
9414;20.00708730;92.99259706;0.0
9415;21.00744267;92.99258677;0.0
9416;22.00779818;92.99257590;0.0
9417;23.00815385;92.99256444;0.0
9418;24.00850967;92.99255238;0.0
9419;25.00886566;92.99253969;0.0
9420;26.00922181;92.99252637;0.0
9421;27.00957814;92.99251241;0.0
9422;28.00993465;92.99249778;0.0
9423;29.01029135;92.99248249;0.0
9424;30.01064823;92.99246650;0.0
9425;31.01100532;92.99244980;0.0
9426;32.01136260;92.99243238;0.0
9427;33.01172010;92.99241423;0.0
9428;34.01207780;92.99239531;0.0
9429;35.01243573;92.99237562;0.0
9430;36.01279387;92.99235514;0.0
9431;37.01315224;92.99233384;0.0
9432;38.01351084;92.99231170;0.0
9433;39.01386967;92.99228872;0.0
9434;40.01422874;92.99226486;0.0
9435;41.01458806;92.99224010;0.0
9436;42.01494761;92.99221442;0.0
9437;43.01530742;92.99218780;0.0
9438;44.01566748;92.99216022;0.0
9439;45.01602779;92.99213165;0.0
9440;46.01638836;92.99210207;0.0
9441;47.01674919;92.99207145;0.0
9442;48.01711028;92.99203977;0.0
9443;49.01747164;92.99200700;0.0
9444;50.01783326;92.99197312;0.0
9445;51.01819515;92.99193810;0.0
9446;52.01855730;92.99190191;0.0
9447;53.01891973;92.99186453;0.0
9448;54.01928242;92.99182592;0.0
9449;55.01964539;92.99178607;0.0
9450;56.02000862;92.99174493;0.0
9451;57.02037212;92.99170249;0.0
9452;58.02073590;92.99165871;0.0
9453;59.02109994;92.99161357;0.0
9454;60.02146425;92.99156703;0.0
9455;61.02182883;92.99151907;0.0
9456;62.02219367;92.99146966;0.0
9457;63.02255877;92.99141876;0.0
9458;64.02292414;92.99136634;0.0
9459;65.02328976;92.99131238;0.0
9460;66.02365564;92.99125685;0.0
9461;67.02402176;92.99119972;0.0
9462;68.02438814;92.99114096;0.0
9463;69.02475476;92.99108053;0.0
9464;70.02512162;92.99101842;0.0
9465;71.02548872;92.99095459;0.0
9466;72.02585604;92.99088902;0.0
9467;73.02622360;92.99082167;0.0
9468;74.02659137;92.99075254;0.0
9469;75.02695936;92.99068158;0.0
9470;76.02732756;92.99060878;0.0
9471;77.02769596;92.99053411;0.0
9472;78.02806455;92.99045756;0.0
9473;79.02843334;92.99037910;0.0
9474;80.02880231;92.99029872;0.0
9475;81.02917146;92.99021640;0.0
9476;82.02954078;92.99013214;0.0
9477;83.02991026;92.99004591;0.0
9478;84.03027990;92.98995773;0.0
9479;85.03064968;92.98986757;0.0
9480;86.03101961;92.98977544;0.0
9481;87.03138967;92.98968135;0.0
9482;88.03175985;92.98958530;0.0
9483;89.03213015;92.98948730;0.0
9484;90.03250055;92.98938738;0.0
9485;91.03287106;92.98928556;0.0
9486;92.03324165;92.98918187;0.0
9487;93.03361233;92.98907635;0.0
9488;94.03398307;92.98896904;0.0
9489;95.03435387;92.98885999;0.0
9490;96.03472470;92.98874927;0.0
9491;97.03509556;92.98863694;0.0
9492;98.03546643;92.98852308;0.0
9493;99.03583728;92.98840777;0.0
9494;100.03620810;92.98829112;0.0
9495;0.00000000;93.99258729;0.0
9496;1.00035466;93.99258707;0.0
9497;2.00070933;93.99258640;0.0
9498;3.00106401;93.99258525;0.0
9499;4.00141872;93.99258364;0.0
9500;5.00177345;93.99258156;0.0
9501;6.00212822;93.99257900;0.0
9502;7.00248304;93.99257596;0.0
9503;8.00283790;93.99257245;0.0
9504;9.00319283;93.99256844;0.0
9505;10.00354783;93.99256394;0.0
9506;11.00390290;93.99255895;0.0
9507;12.00425805;93.99255346;0.0
9508;13.00461329;93.99254746;0.0
9509;14.00496863;93.99254095;0.0
9510;15.00532408;93.99253392;0.0
9511;16.00567963;93.99252636;0.0
9512;17.00603531;93.99251827;0.0
9513;18.00639110;93.99250963;0.0
9514;19.00674703;93.99250043;0.0
9515;20.00710310;93.99249068;0.0
9516;21.00745932;93.99248035;0.0
9517;22.00781569;93.99246943;0.0
9518;23.00817222;93.99245792;0.0
9519;24.00852891;93.99244580;0.0
9520;25.00888577;93.99243305;0.0
9521;26.00924282;93.99241968;0.0
9522;27.00960004;93.99240565;0.0
9523;28.00995746;93.99239097;0.0
9524;29.01031508;93.99237560;0.0
9525;30.01067289;93.99235955;0.0
9526;31.01103091;93.99234278;0.0
9527;32.01138915;93.99232530;0.0
9528;33.01174761;93.99230707;0.0
9529;34.01210629;93.99228808;0.0
9530;35.01246519;93.99226831;0.0
9531;36.01282434;93.99224775;0.0
9532;37.01318371;93.99222637;0.0
9533;38.01354334;93.99220416;0.0
9534;39.01390321;93.99218109;0.0
9535;40.01426333;93.99215714;0.0
9536;41.01462370;93.99213230;0.0
9537;42.01498434;93.99210654;0.0
9538;43.01534524;93.99207983;0.0
9539;44.01570640;93.99205216;0.0
9540;45.01606783;93.99202350;0.0
9541;46.01642953;93.99199382;0.0
9542;47.01679151;93.99196311;0.0
9543;48.01715377;93.99193133;0.0
9544;49.01751630;93.99189847;0.0
9545;50.01787911;93.99186449;0.0
9546;51.01824220;93.99182937;0.0
9547;52.01860558;93.99179308;0.0
9548;53.01896924;93.99175560;0.0
9549;54.01933319;93.99171690;0.0
9550;55.01969742;93.99167694;0.0
9551;56.02006193;93.99163570;0.0
9552;57.02042673;93.99159316;0.0
9553;58.02079181;93.99154928;0.0
9554;59.02115718;93.99150404;0.0
9555;60.02152283;93.99145740;0.0
9556;61.02188875;93.99140933;0.0
9557;62.02225496;93.99135981;0.0
9558;63.02262144;93.99130881;0.0
9559;64.02298820;93.99125629;0.0
9560;65.02335522;93.99120223;0.0
9561;66.02372251;93.99114660;0.0
9562;67.02409007;93.99108937;0.0
9563;68.02445788;93.99103050;0.0
9564;69.02482595;93.99096998;0.0
9565;70.02519426;93.99090777;0.0
9566;71.02556283;93.99084384;0.0
9567;72.02593163;93.99077817;0.0
9568;73.02630066;93.99071074;0.0
9569;74.02666992;93.99064151;0.0
9570;75.02703941;93.99057046;0.0
9571;76.02740911;93.99049757;0.0
9572;77.02777901;93.99042281;0.0
9573;78.02814912;93.99034618;0.0
9574;79.02851941;93.99026764;0.0
9575;80.02888990;93.99018719;0.0
9576;81.02926056;93.99010480;0.0
9577;82.02963139;93.99002047;0.0
9578;83.03000238;93.98993418;0.0
9579;84.03037352;93.98984593;0.0
9580;85.03074481;93.98975572;0.0
9581;86.03111623;93.98966355;0.0
9582;87.03148778;93.98956942;0.0
9583;88.03185945;93.98947334;0.0
9584;89.03223123;93.98937533;0.0
9585;90.03260312;93.98927541;0.0
9586;91.03297509;93.98917360;0.0
9587;92.03334715;93.98906994;0.0
9588;93.03371928;93.98896447;0.0
9589;94.03409147;93.98885724;0.0
9590;95.03446371;93.98874830;0.0
9591;96.03483599;93.98863773;0.0
9592;97.03520829;93.98852559;0.0
9593;98.03558059;93.98841197;0.0
9594;99.03595288;93.98829697;0.0
9595;100.03632514;93.98818069;0.0
9596;0.00000000;94.99248103;0.0
9597;1.00035539;94.99248082;0.0
9598;2.00071079;94.99248014;0.0
9599;3.00106620;94.99247900;0.0
9600;4.00142163;94.99247738;0.0
9601;5.00177709;94.99247529;0.0
9602;6.00213260;94.99247272;0.0
9603;7.00248815;94.99246967;0.0
9604;8.00284376;94.99246613;0.0
9605;9.00319943;94.99246211;0.0
9606;10.00355517;94.99245759;0.0
9607;11.00391099;94.99245257;0.0
9608;12.00426690;94.99244705;0.0
9609;13.00462290;94.99244102;0.0
9610;14.00497900;94.99243448;0.0
9611;15.00533522;94.99242741;0.0
9612;16.00569155;94.99241982;0.0
9613;17.00604801;94.99241168;0.0
9614;18.00640460;94.99240300;0.0
9615;19.00676132;94.99239376;0.0
9616;20.00711820;94.99238396;0.0
9617;21.00747523;94.99237358;0.0
9618;22.00783242;94.99236261;0.0
9619;23.00818977;94.99235105;0.0
9620;24.00854730;94.99233887;0.0
9621;25.00890502;94.99232607;0.0
9622;26.00926292;94.99231263;0.0
9623;27.00962101;94.99229855;0.0
9624;28.00997931;94.99228380;0.0
9625;29.01033781;94.99226837;0.0
9626;30.01069653;94.99225225;0.0
9627;31.01105547;94.99223541;0.0
9628;32.01141463;94.99221785;0.0
9629;33.01177402;94.99219955;0.0
9630;34.01213365;94.99218048;0.0
9631;35.01249352;94.99216064;0.0
9632;36.01285363;94.99214000;0.0
9633;37.01321400;94.99211854;0.0
9634;38.01357463;94.99209624;0.0
9635;39.01393551;94.99207309;0.0
9636;40.01429667;94.99204906;0.0
9637;41.01465809;94.99202413;0.0
9638;42.01501978;94.99199828;0.0
9639;43.01538176;94.99197148;0.0
9640;44.01574401;94.99194372;0.0
9641;45.01610655;94.99191496;0.0
9642;46.01646937;94.99188520;0.0
9643;47.01683249;94.99185439;0.0
9644;48.01719589;94.99182252;0.0
9645;49.01755959;94.99178956;0.0
9646;50.01792359;94.99175548;0.0
9647;51.01828789;94.99172026;0.0
9648;52.01865248;94.99168388;0.0
9649;53.01901738;94.99164629;0.0
9650;54.01938257;94.99160749;0.0
9651;55.01974807;94.99156743;0.0
9652;56.02011386;94.99152609;0.0
9653;57.02047996;94.99148345;0.0
9654;58.02084636;94.99143947;0.0
9655;59.02121306;94.99139412;0.0
9656;60.02158005;94.99134738;0.0
9657;61.02194734;94.99129921;0.0
9658;62.02231492;94.99124959;0.0
9659;63.02268279;94.99119849;0.0
9660;64.02305095;94.99114587;0.0
9661;65.02341940;94.99109171;0.0
9662;66.02378812;94.99103598;0.0
9663;67.02415713;94.99097865;0.0
9664;68.02452640;94.99091969;0.0
9665;69.02489594;94.99085907;0.0
9666;70.02526574;94.99079676;0.0
9667;71.02563579;94.99073274;0.0
9668;72.02600610;94.99066698;0.0
9669;73.02637664;94.99059945;0.0
9670;74.02674743;94.99053014;0.0
9671;75.02711844;94.99045900;0.0
9672;76.02748967;94.99038603;0.0
9673;77.02786111;94.99031120;0.0
9674;78.02823276;94.99023448;0.0
9675;79.02860461;94.99015587;0.0
9676;80.02897664;94.99007534;0.0
9677;81.02934885;94.98999289;0.0
9678;82.02972122;94.98990849;0.0
9679;83.03009376;94.98982214;0.0
9680;84.03046645;94.98973384;0.0
9681;85.03083927;94.98964358;0.0
9682;86.03121223;94.98955137;0.0
9683;87.03158531;94.98945720;0.0
9684;88.03195849;94.98936110;0.0
9685;89.03233179;94.98926307;0.0
9686;90.03270517;94.98916314;0.0
9687;91.03307863;94.98906133;0.0
9688;92.03345217;94.98895769;0.0
9689;93.03382578;94.98885226;0.0
9690;94.03419944;94.98874509;0.0
9691;95.03457314;94.98863624;0.0
9692;96.03494687;94.98852579;0.0
9693;97.03532062;94.98841382;0.0
9694;98.03569437;94.98830042;0.0
9695;99.03606810;94.98818569;0.0
9696;100.03644180;94.98806972;0.0
9697;0.00000000;95.99237447;0.0
9698;1.00035608;95.99237426;0.0
9699;2.00071216;95.99237359;0.0
9700;3.00106826;95.99237244;0.0
9701;4.00142439;95.99237082;0.0
9702;5.00178054;95.99236872;0.0
9703;6.00213674;95.99236614;0.0
9704;7.00249299;95.99236307;0.0
9705;8.00284930;95.99235951;0.0
9706;9.00320567;95.99235547;0.0
9707;10.00356212;95.99235093;0.0
9708;11.00391865;95.99234589;0.0
9709;12.00427528;95.99234034;0.0
9710;13.00463200;95.99233428;0.0
9711;14.00498883;95.99232770;0.0
9712;15.00534578;95.99232060;0.0
9713;16.00570285;95.99231296;0.0
9714;17.00606006;95.99230479;0.0
9715;18.00641740;95.99229606;0.0
9716;19.00677489;95.99228678;0.0
9717;20.00713253;95.99227693;0.0
9718;21.00749034;95.99226650;0.0
9719;22.00784832;95.99225548;0.0
9720;23.00820647;95.99224385;0.0
9721;24.00856481;95.99223162;0.0
9722;25.00892334;95.99221876;0.0
9723;26.00928206;95.99220526;0.0
9724;27.00964100;95.99219111;0.0
9725;28.01000014;95.99217630;0.0
9726;29.01035950;95.99216080;0.0
9727;30.01071909;95.99214461;0.0
9728;31.01107891;95.99212770;0.0
9729;32.01143897;95.99211007;0.0
9730;33.01179927;95.99209169;0.0
9731;34.01215982;95.99207255;0.0
9732;35.01252063;95.99205263;0.0
9733;36.01288170;95.99203190;0.0
9734;37.01324303;95.99201036;0.0
9735;38.01360464;95.99198798;0.0
9736;39.01396652;95.99196474;0.0
9737;40.01432868;95.99194062;0.0
9738;41.01469113;95.99191560;0.0
9739;42.01505387;95.99188966;0.0
9740;43.01541690;95.99186277;0.0
9741;44.01578023;95.99183492;0.0
9742;45.01614385;95.99180607;0.0
9743;46.01650779;95.99177620;0.0
9744;47.01687203;95.99174530;0.0
9745;48.01723658;95.99171333;0.0
9746;49.01760144;95.99168027;0.0
9747;50.01796661;95.99164610;0.0
9748;51.01833211;95.99161078;0.0
9749;52.01869791;95.99157429;0.0
9750;53.01906404;95.99153661;0.0
9751;54.01943048;95.99149770;0.0
9752;55.01979725;95.99145754;0.0
9753;56.02016433;95.99141610;0.0
9754;57.02053173;95.99137336;0.0
9755;58.02089945;95.99132927;0.0
9756;59.02126748;95.99128382;0.0
9757;60.02163583;95.99123698;0.0
9758;61.02200450;95.99118871;0.0
9759;62.02237347;95.99113899;0.0
9760;63.02274275;95.99108778;0.0
9761;64.02311233;95.99103507;0.0
9762;65.02348222;95.99098081;0.0
9763;66.02385240;95.99092498;0.0
9764;67.02422287;95.99086755;0.0
9765;68.02459363;95.99080849;0.0
9766;69.02496466;95.99074778;0.0
9767;70.02533598;95.99068538;0.0
9768;71.02570756;95.99062127;0.0
9769;72.02607940;95.99055542;0.0
9770;73.02645149;95.99048781;0.0
9771;74.02682383;95.99041840;0.0
9772;75.02719641;95.99034719;0.0
9773;76.02756921;95.99027413;0.0
9774;77.02794223;95.99019922;0.0
9775;78.02831547;95.99012243;0.0
9776;79.02868890;95.99004375;0.0
9777;80.02906252;95.98996316;0.0
9778;81.02943632;95.98988064;0.0
9779;82.02981029;95.98979618;0.0
9780;83.03018442;95.98970978;0.0
9781;84.03055869;95.98962143;0.0
9782;85.03093310;95.98953112;0.0
9783;86.03130763;95.98943886;0.0
9784;87.03168227;95.98934466;0.0
9785;88.03205702;95.98924853;0.0
9786;89.03243186;95.98915048;0.0
9787;90.03280677;95.98905054;0.0
9788;91.03318176;95.98894874;0.0
9789;92.03355681;95.98884511;0.0
9790;93.03393191;95.98873970;0.0
9791;94.03430705;95.98863258;0.0
9792;95.03468222;95.98852380;0.0
9793;96.03505742;95.98841344;0.0
9794;97.03543263;95.98830160;0.0
9795;98.03580783;95.98818838;0.0
9796;99.03618302;95.98807388;0.0
9797;100.03655816;95.98795820;0.0
9798;0.00000000;96.99226763;0.0
9799;1.00035673;96.99226743;0.0
9800;2.00071346;96.99226676;0.0
9801;3.00107020;96.99226561;0.0
9802;4.00142697;96.99226399;0.0
9803;5.00178378;96.99226188;0.0
9804;6.00214063;96.99225928;0.0
9805;7.00249754;96.99225620;0.0
9806;8.00285450;96.99225263;0.0
9807;9.00321154;96.99224856;0.0
9808;10.00356866;96.99224399;0.0
9809;11.00392586;96.99223892;0.0
9810;12.00428317;96.99223334;0.0
9811;13.00464057;96.99222725;0.0
9812;14.00499809;96.99222064;0.0
9813;15.00535574;96.99221350;0.0
9814;16.00571351;96.99220582;0.0
9815;17.00607142;96.99219761;0.0
9816;18.00642948;96.99218884;0.0
9817;19.00678769;96.99217950;0.0
9818;20.00714607;96.99216960;0.0
9819;21.00750462;96.99215912;0.0
9820;22.00786335;96.99214804;0.0
9821;23.00822226;96.99213637;0.0
9822;24.00858137;96.99212407;0.0
9823;25.00894068;96.99211115;0.0
9824;26.00930020;96.99209759;0.0
9825;27.00965993;96.99208338;0.0
9826;28.01001989;96.99206849;0.0
9827;29.01038008;96.99205292;0.0
9828;30.01074051;96.99203666;0.0
9829;31.01110119;96.99201968;0.0
9830;32.01146211;96.99200197;0.0
9831;33.01182329;96.99198351;0.0
9832;34.01218474;96.99196429;0.0
9833;35.01254646;96.99194428;0.0
9834;36.01290845;96.99192348;0.0
9835;37.01327072;96.99190185;0.0
9836;38.01363329;96.99187938;0.0
9837;39.01399614;96.99185605;0.0
9838;40.01435929;96.99183184;0.0
9839;41.01472274;96.99180673;0.0
9840;42.01508650;96.99178070;0.0
9841;43.01545058;96.99175371;0.0
9842;44.01581496;96.99172576;0.0
9843;45.01617967;96.99169682;0.0
9844;46.01654470;96.99166685;0.0
9845;47.01691005;96.99163585;0.0
9846;48.01727573;96.99160378;0.0
9847;49.01764174;96.99157062;0.0
9848;50.01800809;96.99153634;0.0
9849;51.01837477;96.99150092;0.0
9850;52.01874179;96.99146433;0.0
9851;53.01910914;96.99142654;0.0
9852;54.01947683;96.99138753;0.0
9853;55.01984486;96.99134727;0.0
9854;56.02021323;96.99130573;0.0
9855;57.02058194;96.99126287;0.0
9856;58.02095099;96.99121869;0.0
9857;59.02132037;96.99117313;0.0
9858;60.02169009;96.99112619;0.0
9859;61.02206014;96.99107781;0.0
9860;62.02243051;96.99102799;0.0
9861;63.02280122;96.99097668;0.0
9862;64.02317224;96.99092387;0.0
9863;65.02354359;96.99086951;0.0
9864;66.02391525;96.99081358;0.0
9865;67.02428722;96.99075605;0.0
9866;68.02465949;96.99069690;0.0
9867;69.02503205;96.99063609;0.0
9868;70.02540491;96.99057360;0.0
9869;71.02577805;96.99050940;0.0
9870;72.02615146;96.99044346;0.0
9871;73.02652514;96.99037576;0.0
9872;74.02689908;96.99030628;0.0
9873;75.02727327;96.99023498;0.0
9874;76.02764769;96.99016185;0.0
9875;77.02802234;96.99008687;0.0
9876;78.02839721;96.99001001;0.0
9877;79.02877228;96.98993126;0.0
9878;80.02914754;96.98985060;0.0
9879;81.02952299;96.98976802;0.0
9880;82.02989860;96.98968351;0.0
9881;83.03027437;96.98959705;0.0
9882;84.03065028;96.98950865;0.0
9883;85.03102632;96.98941830;0.0
9884;86.03140248;96.98932601;0.0
9885;87.03177874;96.98923178;0.0
9886;88.03215509;96.98913562;0.0
9887;89.03253151;96.98903755;0.0
9888;90.03290800;96.98893760;0.0
9889;91.03328455;96.98883579;0.0
9890;92.03366113;96.98873217;0.0
9891;93.03403775;96.98862678;0.0
9892;94.03441439;96.98851968;0.0
9893;95.03479105;96.98841094;0.0
9894;96.03516772;96.98830066;0.0
9895;97.03554439;96.98818893;0.0
9896;98.03592106;96.98807585;0.0
9897;99.03629769;96.98796155;0.0
9898;100.03667429;96.98784611;0.0
9899;0.00000000;97.99216054;0.0
9900;1.00035733;97.99216035;0.0
9901;2.00071466;97.99215969;0.0
9902;3.00107201;97.99215855;0.0
9903;4.00142938;97.99215691;0.0
9904;5.00178680;97.99215479;0.0
9905;6.00214426;97.99215218;0.0
9906;7.00250178;97.99214908;0.0
9907;8.00285936;97.99214549;0.0
9908;9.00321702;97.99214140;0.0
9909;10.00357476;97.99213681;0.0
9910;11.00393260;97.99213171;0.0
9911;12.00429053;97.99212610;0.0
9912;13.00464858;97.99211997;0.0
9913;14.00500675;97.99211332;0.0
9914;15.00536505;97.99210615;0.0
9915;16.00572348;97.99209843;0.0
9916;17.00608206;97.99209017;0.0
9917;18.00644079;97.99208135;0.0
9918;19.00679969;97.99207197;0.0
9919;20.00715876;97.99206201;0.0
9920;21.00751801;97.99205148;0.0
9921;22.00787745;97.99204034;0.0
9922;23.00823709;97.99202861;0.0
9923;24.00859693;97.99201625;0.0
9924;25.00895698;97.99200327;0.0
9925;26.00931726;97.99198964;0.0
9926;27.00967776;97.99197535;0.0
9927;28.01003850;97.99196040;0.0
9928;29.01039949;97.99194476;0.0
9929;30.01076072;97.99192842;0.0
9930;31.01112222;97.99191136;0.0
9931;32.01148398;97.99189357;0.0
9932;33.01184601;97.99187503;0.0
9933;34.01220832;97.99185572;0.0
9934;35.01257092;97.99183563;0.0
9935;36.01293381;97.99181474;0.0
9936;37.01329700;97.99179302;0.0
9937;38.01366049;97.99177046;0.0
9938;39.01402429;97.99174704;0.0
9939;40.01438841;97.99172274;0.0
9940;41.01475285;97.99169753;0.0
9941;42.01511761;97.99167140;0.0
9942;43.01548270;97.99164432;0.0
9943;44.01584813;97.99161626;0.0
9944;45.01621389;97.99158722;0.0
9945;46.01658000;97.99155715;0.0
9946;47.01694645;97.99152605;0.0
9947;48.01731325;97.99149387;0.0
9948;49.01768040;97.99146061;0.0
9949;50.01804791;97.99142622;0.0
9950;51.01841577;97.99139070;0.0
9951;52.01878399;97.99135400;0.0
9952;53.01915257;97.99131610;0.0
9953;54.01952151;97.99127698;0.0
9954;55.01989081;97.99123661;0.0
9955;56.02026047;97.99119496;0.0
9956;57.02063049;97.99115200;0.0
9957;58.02100087;97.99110771;0.0
9958;59.02137161;97.99106205;0.0
9959;60.02174271;97.99101499;0.0
9960;61.02211415;97.99096651;0.0
9961;62.02248595;97.99091659;0.0
9962;63.02285810;97.99086517;0.0
9963;64.02323059;97.99081225;0.0
9964;65.02360342;97.99075779;0.0
9965;66.02397658;97.99070177;0.0
9966;67.02435008;97.99064414;0.0
9967;68.02472389;97.99058489;0.0
9968;69.02509802;97.99052399;0.0
9969;70.02547246;97.99046140;0.0
9970;71.02584720;97.99039711;0.0
9971;72.02622222;97.99033109;0.0
9972;73.02659753;97.99026330;0.0
9973;74.02697312;97.99019373;0.0
9974;75.02734896;97.99012236;0.0
9975;76.02772505;97.99004915;0.0
9976;77.02810138;97.98997409;0.0
9977;78.02847794;97.98989716;0.0
9978;79.02885471;97.98981835;0.0
9979;80.02923168;97.98973763;0.0
9980;81.02960883;97.98965499;0.0
9981;82.02998615;97.98957042;0.0
9982;83.03036363;97.98948392;0.0
9983;84.03074124;97.98939548;0.0
9984;85.03111898;97.98930509;0.0
9985;86.03149682;97.98921277;0.0
9986;87.03187476;97.98911851;0.0
9987;88.03225277;97.98902233;0.0
9988;89.03263084;97.98892424;0.0
9989;90.03300896;97.98882428;0.0
9990;91.03338711;97.98872246;0.0
9991;92.03376527;97.98861884;0.0
9992;93.03414344;97.98851346;0.0
9993;94.03452160;97.98840638;0.0
9994;95.03489975;97.98829768;0.0
9995;96.03527789;97.98818744;0.0
9996;97.03565601;97.98807577;0.0
9997;98.03603412;97.98796280;0.0
9998;99.03641220;97.98784868;0.0
9999;100.03679024;97.98773350;0.0
10000;0.00000000;98.99205321;0.0
10001;1.00035788;98.99205306;0.0
10002;2.00071576;98.99205242;0.0
10003;3.00107367;98.99205127;0.0
10004;4.00143160;98.99204963;0.0
10005;5.00178958;98.99204750;0.0
10006;6.00214760;98.99204487;0.0
10007;7.00250569;98.99204176;0.0
10008;8.00286385;98.99203814;0.0
10009;9.00322208;98.99203403;0.0
10010;10.00358041;98.99202941;0.0
10011;11.00393883;98.99202428;0.0
10012;12.00429735;98.99201864;0.0
10013;13.00465600;98.99201247;0.0
10014;14.00501477;98.99200579;0.0
10015;15.00537368;98.99199857;0.0
10016;16.00573273;98.99199080;0.0
10017;17.00609193;98.99198249;0.0
10018;18.00645130;98.99197363;0.0
10019;19.00681084;98.99196420;0.0
10020;20.00717056;98.99195419;0.0
10021;21.00753047;98.99194359;0.0
10022;22.00789058;98.99193240;0.0
10023;23.00825090;98.99192060;0.0
10024;24.00861144;98.99190818;0.0
10025;25.00897220;98.99189513;0.0
10026;26.00933319;98.99188143;0.0
10027;27.00969442;98.99186707;0.0
10028;28.01005591;98.99185204;0.0
10029;29.01041765;98.99183633;0.0
10030;30.01077966;98.99181991;0.0
10031;31.01114194;98.99180277;0.0
10032;32.01150450;98.99178489;0.0
10033;33.01186735;98.99176627;0.0
10034;34.01223050;98.99174688;0.0
10035;35.01259394;98.99172670;0.0
10036;36.01295770;98.99170571;0.0
10037;37.01332177;98.99168390;0.0
10038;38.01368617;98.99166124;0.0
10039;39.01405089;98.99163773;0.0
10040;40.01441595;98.99161332;0.0
10041;41.01478134;98.99158802;0.0
10042;42.01514708;98.99156178;0.0
10043;43.01551317;98.99153460;0.0
10044;44.01587962;98.99150644;0.0
10045;45.01624642;98.99147729;0.0
10046;46.01661359;98.99144711;0.0
10047;47.01698113;98.99141590;0.0
10048;48.01734904;98.99138362;0.0
10049;49.01771732;98.99135024;0.0
10050;50.01808597;98.99131575;0.0
10051;51.01845501;98.99128011;0.0
10052;52.01882443;98.99124330;0.0
10053;53.01919423;98.99120529;0.0
10054;54.01956441;98.99116606;0.0
10055;55.01993498;98.99112557;0.0
10056;56.02030593;98.99108381;0.0
10057;57.02067727;98.99104074;0.0
10058;58.02104899;98.99099633;0.0
10059;59.02142109;98.99095056;0.0
10060;60.02179358;98.99090339;0.0
10061;61.02216644;98.99085480;0.0
10062;62.02253968;98.99080476;0.0
10063;63.02291329;98.99075324;0.0
10064;64.02328726;98.99070021;0.0
10065;65.02366160;98.99064565;0.0
10066;66.02403630;98.99058952;0.0
10067;67.02441135;98.99053179;0.0
10068;68.02478674;98.99047244;0.0
10069;69.02516247;98.99041144;0.0
10070;70.02553853;98.99034876;0.0
10071;71.02591491;98.99028437;0.0
10072;72.02629160;98.99021825;0.0
10073;73.02666859;98.99015038;0.0
10074;74.02704587;98.99008073;0.0
10075;75.02742342;98.99000927;0.0
10076;76.02780125;98.98993599;0.0
10077;77.02817932;98.98986086;0.0
10078;78.02855763;98.98978386;0.0
10079;79.02893616;98.98970498;0.0
10080;80.02931490;98.98962420;0.0
10081;81.02969383;98.98954151;0.0
10082;82.03007294;98.98945689;0.0
10083;83.03045220;98.98937034;0.0
10084;84.03083159;98.98928186;0.0
10085;85.03121111;98.98919144;0.0
10086;86.03159072;98.98909908;0.0
10087;87.03197041;98.98900480;0.0
10088;88.03235016;98.98890860;0.0
10089;89.03272995;98.98881051;0.0
10090;90.03310976;98.98871054;0.0
10091;91.03348957;98.98860872;0.0
10092;92.03386936;98.98850511;0.0
10093;93.03424912;98.98839974;0.0
10094;94.03462883;98.98829268;0.0
10095;95.03500848;98.98818399;0.0
10096;96.03538807;98.98807378;0.0
10097;97.03576760;98.98796215;0.0
10098;98.03614708;98.98784924;0.0
10099;99.03652653;98.98773524;0.0
10100;100.03690597;98.98762041;0.0
10101;0.00000000;99.99194568;0.0
10102;1.00035836;99.99194561;0.0
10103;2.00071675;99.99194497;0.0
10104;3.00107516;99.99194382;0.0
10105;4.00143361;99.99194217;0.0
10106;5.00179210;99.99194002;0.0
10107;6.00215065;99.99193738;0.0
10108;7.00250926;99.99193424;0.0
10109;8.00286794;99.99193061;0.0
10110;9.00322671;99.99192647;0.0
10111;10.00358557;99.99192182;0.0
10112;11.00394453;99.99191666;0.0
10113;12.00430360;99.99191098;0.0
10114;13.00466279;99.99190478;0.0
10115;14.00502212;99.99189805;0.0
10116;15.00538159;99.99189079;0.0
10117;16.00574121;99.99188298;0.0
10118;17.00610100;99.99187462;0.0
10119;18.00646096;99.99186571;0.0
10120;19.00682109;99.99185622;0.0
10121;20.00718142;99.99184615;0.0
10122;21.00754195;99.99183550;0.0
10123;22.00790269;99.99182424;0.0
10124;23.00826365;99.99181238;0.0
10125;24.00862483;99.99179989;0.0
10126;25.00898626;99.99178677;0.0
10127;26.00934793;99.99177300;0.0
10128;27.00970985;99.99175856;0.0
10129;28.01007204;99.99174345;0.0
10130;29.01043450;99.99172766;0.0
10131;30.01079724;99.99171115;0.0
10132;31.01116027;99.99169393;0.0
10133;32.01152360;99.99167597;0.0
10134;33.01188723;99.99165725;0.0
10135;34.01225117;99.99163777;0.0
10136;35.01261544;99.99161749;0.0
10137;36.01298003;99.99159641;0.0
10138;37.01334495;99.99157450;0.0
10139;38.01371022;99.99155174;0.0
10140;39.01407583;99.99152812;0.0
10141;40.01444180;99.99150362;0.0
10142;41.01480813;99.99147820;0.0
10143;42.01517482;99.99145186;0.0
10144;43.01554189;99.99142457;0.0
10145;44.01590933;99.99139630;0.0
10146;45.01627716;99.99136703;0.0
10147;46.01664537;99.99133675;0.0
10148;47.01701397;99.99130542;0.0
10149;48.01738297;99.99127302;0.0
10150;49.01775236;99.99123953;0.0
10151;50.01812216;99.99120492;0.0
10152;51.01849236;99.99116916;0.0
10153;52.01886297;99.99113223;0.0
10154;53.01923398;99.99109410;0.0
10155;54.01960541;99.99105475;0.0
10156;55.01997724;99.99101415;0.0
10157;56.02034949;99.99097227;0.0
10158;57.02072215;99.99092907;0.0
10159;58.02109522;99.99088455;0.0
10160;59.02146869;99.99083866;0.0
10161;60.02184258;99.99079137;0.0
10162;61.02221687;99.99074267;0.0
10163;62.02259156;99.99069251;0.0
10164;63.02296665;99.99064087;0.0
10165;64.02334214;99.99058773;0.0
10166;65.02371801;99.99053305;0.0
10167;66.02409427;99.99047681;0.0
10168;67.02447091;99.99041897;0.0
10169;68.02484792;99.99035952;0.0
10170;69.02522529;99.99029841;0.0
10171;70.02560301;99.99023563;0.0
10172;71.02598108;99.99017115;0.0
10173;72.02635949;99.99010494;0.0
10174;73.02673821;99.99003697;0.0
10175;74.02711725;99.98996723;0.0
10176;75.02749658;99.98989569;0.0
10177;76.02787620;99.98982232;0.0
10178;77.02825608;99.98974712;0.0
10179;78.02863622;99.98967005;0.0
10180;79.02901660;99.98959110;0.0
10181;80.02939719;99.98951026;0.0
10182;81.02977799;99.98942751;0.0
10183;82.03015896;99.98934284;0.0
10184;83.03054009;99.98925625;0.0
10185;84.03092136;99.98916773;0.0
10186;85.03130275;99.98907728;0.0
10187;86.03168422;99.98898490;0.0
10188;87.03206577;99.98889060;0.0
10189;88.03244735;99.98879439;0.0
10190;89.03282896;99.98869629;0.0
10191;90.03321055;99.98859632;0.0
10192;91.03359211;99.98849452;0.0
10193;92.03397361;99.98839092;0.0
10194;93.03435503;99.98828557;0.0
10195;94.03473633;99.98817854;0.0
10196;95.03511751;99.98806989;0.0
10197;96.03549853;99.98795972;0.0
10198;97.03587938;99.98784813;0.0
10199;98.03626006;99.98773527;0.0
10200;99.03664057;99.98762134;0.0
10201;100.03702098;99.98750677;0.0
